Datetime,Open,High,Low,Close,Adj Close,Volume,Hour,DayOfWeek,Hour_sin,Hour_cos
2023-01-02 09:15:00+05:30,392.0499877929688,395.3500061035156,391.0499877929688,394.3999938964844,394.3999938964844,0,9,Monday,0.7071067811865476,-0.7071067811865475
2023-01-02 10:15:00+05:30,394.5499877929688,394.9500122070313,393.5,393.6000061035156,393.6000061035156,1111720,10,Monday,0.49999999999999994,-0.8660254037844387
2023-01-02 11:15:00+05:30,393.7000122070313,395.5,393.1499938964844,395.4500122070313,395.4500122070313,1126037,11,Monday,0.258819045102521,-0.9659258262890682
2023-01-02 12:15:00+05:30,395.4500122070313,395.8999938964844,393.8500061035156,394.8999938964844,394.8999938964844,871195,12,Monday,1.2246467991473532e-16,-1.0
2023-01-02 13:15:00+05:30,394.8500061035156,395.3999938964844,394.3500061035156,395.0,395.0,467207,13,Monday,-0.2588190451025208,-0.9659258262890683
2023-01-02 14:15:00+05:30,395.0,396.0,393.3999938964844,394.5,394.5,1680086,14,Monday,-0.4999999999999997,-0.8660254037844388
2023-01-02 15:15:00+05:30,394.3999938964844,395.25,394.2999877929688,394.7999877929688,394.7999877929688,836039,15,Monday,-0.7071067811865471,-0.7071067811865479
2023-01-03 09:15:00+05:30,395.6000061035156,398.2999877929688,395.1499938964844,397.0,397.0,0,9,Tuesday,0.7071067811865476,-0.7071067811865475
2023-01-03 10:15:00+05:30,397.0,397.0,394.0,394.3500061035156,394.3500061035156,1460703,10,Tuesday,0.49999999999999994,-0.8660254037844387
2023-01-03 11:15:00+05:30,394.3999938964844,395.2000122070313,393.5,394.1499938964844,394.1499938964844,963866,11,Tuesday,0.258819045102521,-0.9659258262890682
2023-01-03 12:15:00+05:30,394.1499938964844,394.4500122070313,393.0,394.2999877929688,394.2999877929688,963786,12,Tuesday,1.2246467991473532e-16,-1.0
2023-01-03 13:15:00+05:30,394.3999938964844,395.3999938964844,394.0,394.6000061035156,394.6000061035156,1032304,13,Tuesday,-0.2588190451025208,-0.9659258262890683
2023-01-03 14:15:00+05:30,394.6000061035156,395.75,393.6499938964844,393.75,393.75,1270511,14,Tuesday,-0.4999999999999997,-0.8660254037844388
2023-01-03 15:15:00+05:30,393.7999877929688,394.1499938964844,393.5,393.8999938964844,393.8999938964844,815281,15,Tuesday,-0.7071067811865471,-0.7071067811865479
2023-01-04 09:15:00+05:30,394.75,394.75,386.3500061035156,386.6499938964844,386.6499938964844,0,9,Wednesday,0.7071067811865476,-0.7071067811865475
2023-01-04 10:15:00+05:30,386.6000061035156,388.5,386.5,386.75,386.75,1543543,10,Wednesday,0.49999999999999994,-0.8660254037844387
2023-01-04 11:15:00+05:30,386.7000122070313,387.4500122070313,385.2000122070313,385.2000122070313,385.2000122070313,1489890,11,Wednesday,0.258819045102521,-0.9659258262890682
2023-01-04 12:15:00+05:30,385.25,387.3999938964844,385.1000061035156,387.1499938964844,387.1499938964844,1545964,12,Wednesday,1.2246467991473532e-16,-1.0
2023-01-04 13:15:00+05:30,387.1499938964844,388.5,386.0499877929688,388.0,388.0,4453809,13,Wednesday,-0.2588190451025208,-0.9659258262890683
2023-01-04 14:15:00+05:30,387.8999938964844,388.0,385.0,385.5499877929688,385.5499877929688,2279444,14,Wednesday,-0.4999999999999997,-0.8660254037844388
2023-01-04 15:15:00+05:30,385.5499877929688,385.9500122070313,385.1000061035156,385.7999877929688,385.7999877929688,1089883,15,Wednesday,-0.7071067811865471,-0.7071067811865479
2023-01-05 09:15:00+05:30,387.8500061035156,388.3999938964844,383.7999877929688,386.1000061035156,386.1000061035156,0,9,Thursday,0.7071067811865476,-0.7071067811865475
2023-01-05 10:15:00+05:30,386.5,388.5,386.0,387.75,387.75,1269667,10,Thursday,0.49999999999999994,-0.8660254037844387
2023-01-05 11:15:00+05:30,387.7000122070313,387.8500061035156,385.7000122070313,386.2000122070313,386.2000122070313,665332,11,Thursday,0.258819045102521,-0.9659258262890682
2023-01-05 12:15:00+05:30,386.25,386.7000122070313,383.6499938964844,384.8500061035156,384.8500061035156,1056200,12,Thursday,1.2246467991473532e-16,-1.0
2023-01-05 13:15:00+05:30,384.8999938964844,384.9500122070313,382.5,383.7999877929688,383.7999877929688,1251352,13,Thursday,-0.2588190451025208,-0.9659258262890683
2023-01-05 14:15:00+05:30,383.8500061035156,388.6499938964844,383.8500061035156,386.5,386.5,2346254,14,Thursday,-0.4999999999999997,-0.8660254037844388
2023-01-05 15:15:00+05:30,386.5499877929688,387.2000122070313,386.3999938964844,387.0,387.0,648270,15,Thursday,-0.7071067811865471,-0.7071067811865479
2023-01-06 09:15:00+05:30,386.1000061035156,388.3999938964844,385.1000061035156,385.5,385.5,0,9,Friday,0.7071067811865476,-0.7071067811865475
2023-01-06 10:15:00+05:30,385.6000061035156,386.1000061035156,384.2999877929688,385.1000061035156,385.1000061035156,947375,10,Friday,0.49999999999999994,-0.8660254037844387
2023-01-06 11:15:00+05:30,385.1000061035156,385.6499938964844,384.5499877929688,385.3500061035156,385.3500061035156,521094,11,Friday,0.258819045102521,-0.9659258262890682
2023-01-06 12:15:00+05:30,385.2999877929688,385.3999938964844,381.7999877929688,382.7999877929688,382.7999877929688,1372702,12,Friday,1.2246467991473532e-16,-1.0
2023-01-06 13:15:00+05:30,382.7000122070313,384.75,382.6000061035156,383.4500122070313,383.4500122070313,805820,13,Friday,-0.2588190451025208,-0.9659258262890683
2023-01-06 14:15:00+05:30,383.4500122070313,383.7000122070313,382.1000061035156,382.5,382.5,1598757,14,Friday,-0.4999999999999997,-0.8660254037844388
2023-01-06 15:15:00+05:30,382.5499877929688,382.5499877929688,381.0,382.0499877929688,382.0499877929688,1498066,15,Friday,-0.7071067811865471,-0.7071067811865479
2023-01-09 09:15:00+05:30,385.8999938964844,391.6499938964844,385.2000122070313,391.0499877929688,391.0499877929688,0,9,Monday,0.7071067811865476,-0.7071067811865475
2023-01-09 10:15:00+05:30,391.0499877929688,392.7000122070313,389.7999877929688,391.8999938964844,391.8999938964844,1687062,10,Monday,0.49999999999999994,-0.8660254037844387
2023-01-09 11:15:00+05:30,391.8999938964844,392.25,390.7000122070313,391.2999877929688,391.2999877929688,2719534,11,Monday,0.258819045102521,-0.9659258262890682
2023-01-09 12:15:00+05:30,391.3500061035156,391.7999877929688,388.6000061035156,388.8999938964844,388.8999938964844,1459823,12,Monday,1.2246467991473532e-16,-1.0
2023-01-09 13:15:00+05:30,388.8999938964844,388.9500122070313,386.5,388.4500122070313,388.4500122070313,1772033,13,Monday,-0.2588190451025208,-0.9659258262890683
2023-01-09 14:15:00+05:30,388.4500122070313,391.1000061035156,388.1499938964844,389.4500122070313,389.4500122070313,2131731,14,Monday,-0.4999999999999997,-0.8660254037844388
2023-01-09 15:15:00+05:30,389.3500061035156,389.6000061035156,388.1000061035156,388.8999938964844,388.8999938964844,749755,15,Monday,-0.7071067811865471,-0.7071067811865479
2023-01-10 09:15:00+05:30,401.1000061035156,415.75,401.1000061035156,413.0499877929688,413.0499877929688,11822894,9,Tuesday,0.7071067811865476,-0.7071067811865475
2023-01-10 10:15:00+05:30,413.0,414.9500122070313,412.7000122070313,413.6000061035156,413.6000061035156,5231697,10,Tuesday,0.49999999999999994,-0.8660254037844387
2023-01-10 11:15:00+05:30,413.7000122070313,416.0,413.5,416.0,416.0,4782918,11,Tuesday,0.258819045102521,-0.9659258262890682
2023-01-10 12:15:00+05:30,416.0,417.7000122070313,413.3500061035156,413.5,413.5,6318451,12,Tuesday,1.2246467991473532e-16,-1.0
2023-01-10 13:15:00+05:30,413.5499877929688,414.8999938964844,412.3500061035156,413.6000061035156,413.6000061035156,3460098,13,Tuesday,-0.2588190451025208,-0.9659258262890683
2023-01-10 14:15:00+05:30,413.6000061035156,413.6499938964844,410.6499938964844,412.8500061035156,412.8500061035156,5265080,14,Tuesday,-0.4999999999999997,-0.8660254037844388
2023-01-10 15:15:00+05:30,412.9500122070313,414.2000122070313,412.3500061035156,412.5,412.5,2413702,15,Tuesday,-0.7071067811865471,-0.7071067811865479
2023-01-11 09:15:00+05:30,415.1499938964844,419.8999938964844,413.5499877929688,416.8500061035156,416.8500061035156,0,9,Wednesday,0.7071067811865476,-0.7071067811865475
2023-01-11 10:15:00+05:30,416.7000122070313,416.8500061035156,415.2000122070313,416.6499938964844,416.6499938964844,2071483,10,Wednesday,0.49999999999999994,-0.8660254037844387
2023-01-11 11:15:00+05:30,416.6499938964844,416.8500061035156,415.5499877929688,416.1499938964844,416.1499938964844,1277633,11,Wednesday,0.258819045102521,-0.9659258262890682
2023-01-11 12:15:00+05:30,416.1499938964844,419.0,416.0,418.25,418.25,2968657,12,Wednesday,1.2246467991473532e-16,-1.0
2023-01-11 13:15:00+05:30,418.3999938964844,418.9500122070313,417.2999877929688,418.1000061035156,418.1000061035156,1708987,13,Wednesday,-0.2588190451025208,-0.9659258262890683
2023-01-11 14:15:00+05:30,418.1499938964844,420.0,417.7000122070313,417.75,417.75,4524356,14,Wednesday,-0.4999999999999997,-0.8660254037844388
2023-01-11 15:15:00+05:30,417.75,418.7999877929688,417.0499877929688,417.1000061035156,417.1000061035156,1578978,15,Wednesday,-0.7071067811865471,-0.7071067811865479
2023-01-12 09:15:00+05:30,419.9500122070313,420.4500122070313,415.1000061035156,415.7000122070313,415.7000122070313,0,9,Thursday,0.7071067811865476,-0.7071067811865475
2023-01-12 10:15:00+05:30,415.6499938964844,416.3500061035156,414.5,415.25,415.25,1449348,10,Thursday,0.49999999999999994,-0.8660254037844387
2023-01-12 11:15:00+05:30,415.2999877929688,415.9500122070313,413.7999877929688,414.1000061035156,414.1000061035156,1021151,11,Thursday,0.258819045102521,-0.9659258262890682
2023-01-12 12:15:00+05:30,414.25,414.25,412.1499938964844,412.8999938964844,412.8999938964844,1358068,12,Thursday,1.2246467991473532e-16,-1.0
2023-01-12 13:15:00+05:30,412.9500122070313,413.7000122070313,410.1000061035156,413.0,413.0,1794538,13,Thursday,-0.2588190451025208,-0.9659258262890683
2023-01-12 14:15:00+05:30,413.0499877929688,413.75,411.9500122070313,412.0499877929688,412.0499877929688,1796039,14,Thursday,-0.4999999999999997,-0.8660254037844388
2023-01-12 15:15:00+05:30,412.0499877929688,412.3999938964844,411.8999938964844,412.2000122070313,412.2000122070313,978266,15,Thursday,-0.7071067811865471,-0.7071067811865479
2023-01-13 09:15:00+05:30,412.75,413.25,408.0,408.5499877929688,408.5499877929688,0,9,Friday,0.7071067811865476,-0.7071067811865475
2023-01-13 10:15:00+05:30,408.6000061035156,410.7999877929688,408.1000061035156,409.7999877929688,409.7999877929688,1586784,10,Friday,0.49999999999999994,-0.8660254037844387
2023-01-13 11:15:00+05:30,409.7999877929688,410.75,409.1000061035156,410.25,410.25,737407,11,Friday,0.258819045102521,-0.9659258262890682
2023-01-13 12:15:00+05:30,410.2999877929688,412.4500122070313,410.0499877929688,412.1000061035156,412.1000061035156,1134967,12,Friday,1.2246467991473532e-16,-1.0
2023-01-13 13:15:00+05:30,412.1000061035156,416.3500061035156,411.2000122070313,415.0,415.0,1947731,13,Friday,-0.2588190451025208,-0.9659258262890683
2023-01-13 14:15:00+05:30,414.9500122070313,415.25,411.1499938964844,411.3999938964844,411.3999938964844,1482075,14,Friday,-0.4999999999999997,-0.8660254037844388
2023-01-13 15:15:00+05:30,411.3999938964844,411.9500122070313,410.7999877929688,411.7000122070313,411.7000122070313,696877,15,Friday,-0.7071067811865471,-0.7071067811865479
2023-01-16 09:15:00+05:30,413.5,414.8500061035156,407.7000122070313,410.3999938964844,410.3999938964844,0,9,Monday,0.7071067811865476,-0.7071067811865475
2023-01-16 10:15:00+05:30,410.2999877929688,411.6000061035156,410.0,411.25,411.25,1002554,10,Monday,0.49999999999999994,-0.8660254037844387
2023-01-16 11:15:00+05:30,411.2000122070313,412.3999938964844,410.3999938964844,411.75,411.75,1462130,11,Monday,0.258819045102521,-0.9659258262890682
2023-01-16 12:15:00+05:30,411.8500061035156,412.8999938964844,411.0499877929688,412.7999877929688,412.7999877929688,976940,12,Monday,1.2246467991473532e-16,-1.0
2023-01-16 13:15:00+05:30,412.7999877929688,413.1499938964844,410.0,411.3999938964844,411.3999938964844,1582652,13,Monday,-0.2588190451025208,-0.9659258262890683
2023-01-16 14:15:00+05:30,411.4500122070313,413.6499938964844,411.3500061035156,412.6000061035156,412.6000061035156,1789454,14,Monday,-0.4999999999999997,-0.8660254037844388
2023-01-16 15:15:00+05:30,412.6499938964844,413.2000122070313,412.5,413.1499938964844,413.1499938964844,830773,15,Monday,-0.7071067811865471,-0.7071067811865479
2023-01-17 09:15:00+05:30,413.0,418.25,412.5,417.7000122070313,417.7000122070313,0,9,Tuesday,0.7071067811865476,-0.7071067811865475
2023-01-17 10:15:00+05:30,417.8999938964844,419.3999938964844,417.1000061035156,417.75,417.75,2120460,10,Tuesday,0.49999999999999994,-0.8660254037844387
2023-01-17 11:15:00+05:30,417.7999877929688,418.7000122070313,417.25,418.1000061035156,418.1000061035156,897570,11,Tuesday,0.258819045102521,-0.9659258262890682
2023-01-17 12:15:00+05:30,418.2999877929688,418.3999938964844,415.5,415.7999877929688,415.7999877929688,1505945,12,Tuesday,1.2246467991473532e-16,-1.0
2023-01-17 13:15:00+05:30,415.7999877929688,417.0,415.0499877929688,416.3500061035156,416.3500061035156,1082377,13,Tuesday,-0.2588190451025208,-0.9659258262890683
2023-01-17 14:15:00+05:30,416.2999877929688,416.8999938964844,415.3500061035156,415.75,415.75,2068227,14,Tuesday,-0.4999999999999997,-0.8660254037844388
2023-01-17 15:15:00+05:30,415.6499938964844,415.75,414.2999877929688,414.7999877929688,414.7999877929688,1096462,15,Tuesday,-0.7071067811865471,-0.7071067811865479
2023-01-18 09:15:00+05:30,415.5499877929688,415.8500061035156,409.2999877929688,409.6499938964844,409.6499938964844,0,9,Wednesday,0.7071067811865476,-0.7071067811865475
2023-01-18 10:15:00+05:30,409.7000122070313,410.5,408.8500061035156,410.25,410.25,1777649,10,Wednesday,0.49999999999999994,-0.8660254037844387
2023-01-18 11:15:00+05:30,410.2000122070313,411.3999938964844,409.7999877929688,411.2000122070313,411.2000122070313,1071456,11,Wednesday,0.258819045102521,-0.9659258262890682
2023-01-18 12:15:00+05:30,411.1499938964844,411.2000122070313,410.1000061035156,410.3500061035156,410.3500061035156,812044,12,Wednesday,1.2246467991473532e-16,-1.0
2023-01-18 13:15:00+05:30,410.3999938964844,411.2000122070313,409.3500061035156,409.5499877929688,409.5499877929688,1300301,13,Wednesday,-0.2588190451025208,-0.9659258262890683
2023-01-18 14:15:00+05:30,409.5,409.9500122070313,407.75,407.8500061035156,407.8500061035156,3520425,14,Wednesday,-0.4999999999999997,-0.8660254037844388
2023-01-18 15:15:00+05:30,407.75,409.2999877929688,407.5499877929688,408.8500061035156,408.8500061035156,2005272,15,Wednesday,-0.7071067811865471,-0.7071067811865479
2023-01-19 09:15:00+05:30,406.4500122070313,407.75,402.3999938964844,403.7000122070313,403.7000122070313,0,9,Thursday,0.7071067811865476,-0.7071067811865475
2023-01-19 10:15:00+05:30,403.7000122070313,405.25,403.1000061035156,405.1499938964844,405.1499938964844,1650272,10,Thursday,0.49999999999999994,-0.8660254037844387
2023-01-19 11:15:00+05:30,405.0,406.75,404.9500122070313,406.0,406.0,1418378,11,Thursday,0.258819045102521,-0.9659258262890682
2023-01-19 12:15:00+05:30,406.0,406.4500122070313,404.5,404.9500122070313,404.9500122070313,1322963,12,Thursday,1.2246467991473532e-16,-1.0
2023-01-19 13:15:00+05:30,404.8500061035156,406.6499938964844,404.4500122070313,405.2000122070313,405.2000122070313,929838,13,Thursday,-0.2588190451025208,-0.9659258262890683
2023-01-19 14:15:00+05:30,405.25,405.5,400.1000061035156,400.25,400.25,3143675,14,Thursday,-0.4999999999999997,-0.8660254037844388
2023-01-19 15:15:00+05:30,400.2999877929688,400.8999938964844,400.1499938964844,400.6499938964844,400.6499938964844,1431620,15,Thursday,-0.7071067811865471,-0.7071067811865479
2023-01-20 09:15:00+05:30,404.9500122070313,405.4500122070313,402.7000122070313,403.4500122070313,403.4500122070313,0,9,Friday,0.7071067811865476,-0.7071067811865475
2023-01-20 10:15:00+05:30,403.4500122070313,412.5,403.3999938964844,411.1000061035156,411.1000061035156,4915350,10,Friday,0.49999999999999994,-0.8660254037844387
2023-01-20 11:15:00+05:30,411.0499877929688,412.0499877929688,408.5,409.0,409.0,2421564,11,Friday,0.258819045102521,-0.9659258262890682
2023-01-20 12:15:00+05:30,409.2000122070313,409.8500061035156,408.1499938964844,408.6499938964844,408.6499938964844,1598521,12,Friday,1.2246467991473532e-16,-1.0
2023-01-20 13:15:00+05:30,408.7000122070313,409.3999938964844,406.5,406.8500061035156,406.8500061035156,2828361,13,Friday,-0.2588190451025208,-0.9659258262890683
2023-01-20 14:15:00+05:30,407.0,407.2000122070313,402.5,403.3500061035156,403.3500061035156,6394665,14,Friday,-0.4999999999999997,-0.8660254037844388
2023-01-20 15:15:00+05:30,403.5,403.8500061035156,401.2999877929688,403.1499938964844,403.1499938964844,2469744,15,Friday,-0.7071067811865471,-0.7071067811865479
2023-01-23 09:15:00+05:30,406.4500122070313,410.9500122070313,405.1499938964844,408.6000061035156,408.6000061035156,0,9,Monday,0.7071067811865476,-0.7071067811865475
2023-01-23 10:15:00+05:30,408.5499877929688,410.2000122070313,408.3999938964844,408.6000061035156,408.6000061035156,1509335,10,Monday,0.49999999999999994,-0.8660254037844387
2023-01-23 11:15:00+05:30,408.6000061035156,409.7000122070313,408.3500061035156,408.75,408.75,1113663,11,Monday,0.258819045102521,-0.9659258262890682
2023-01-23 12:15:00+05:30,408.8500061035156,409.75,408.5499877929688,408.7999877929688,408.7999877929688,976781,12,Monday,1.2246467991473532e-16,-1.0
2023-01-23 13:15:00+05:30,408.8500061035156,410.3999938964844,408.6000061035156,410.1499938964844,410.1499938964844,1338828,13,Monday,-0.2588190451025208,-0.9659258262890683
2023-01-23 14:15:00+05:30,410.1000061035156,410.2999877929688,407.5499877929688,408.75,408.75,2568235,14,Monday,-0.4999999999999997,-0.8660254037844388
2023-01-23 15:15:00+05:30,408.8999938964844,409.7999877929688,407.5,408.0,408.0,1286124,15,Monday,-0.7071067811865471,-0.7071067811865479
2023-01-24 09:15:00+05:30,410.4500122070313,417.25,410.4500122070313,417.1499938964844,417.1499938964844,0,9,Tuesday,0.7071067811865476,-0.7071067811865475
2023-01-24 10:15:00+05:30,417.1499938964844,420.5499877929688,416.9500122070313,420.2000122070313,420.2000122070313,5296361,10,Tuesday,0.49999999999999994,-0.8660254037844387
2023-01-24 11:15:00+05:30,420.25,423.7000122070313,419.7999877929688,421.2999877929688,421.2999877929688,7729252,11,Tuesday,0.258819045102521,-0.9659258262890682
2023-01-24 12:15:00+05:30,421.2999877929688,423.2000122070313,420.7999877929688,421.9500122070313,421.9500122070313,2323521,12,Tuesday,1.2246467991473532e-16,-1.0
2023-01-24 13:15:00+05:30,421.7999877929688,422.2000122070313,420.3500061035156,422.2000122070313,422.2000122070313,2146758,13,Tuesday,-0.2588190451025208,-0.9659258262890683
2023-01-24 14:15:00+05:30,422.0499877929688,423.0,421.25,422.1000061035156,422.1000061035156,3239810,14,Tuesday,-0.4999999999999997,-0.8660254037844388
2023-01-24 15:15:00+05:30,422.0,423.0,421.8999938964844,422.1499938964844,422.1499938964844,2083591,15,Tuesday,-0.7071067811865471,-0.7071067811865479
2023-01-25 09:15:00+05:30,423.75,427.0,419.1499938964844,419.25,419.25,0,9,Wednesday,0.7071067811865476,-0.7071067811865475
2023-01-25 10:15:00+05:30,419.3500061035156,420.7999877929688,417.8999938964844,420.1499938964844,420.1499938964844,2989686,10,Wednesday,0.49999999999999994,-0.8660254037844387
2023-01-25 11:15:00+05:30,420.2000122070313,420.5,417.75,419.7000122070313,419.7000122070313,2659956,11,Wednesday,0.258819045102521,-0.9659258262890682
2023-01-25 12:15:00+05:30,419.75,422.1000061035156,419.1499938964844,421.0,421.0,2436447,12,Wednesday,1.2246467991473532e-16,-1.0
2023-01-25 13:15:00+05:30,420.8500061035156,423.0,420.2000122070313,422.3999938964844,422.3999938964844,2113903,13,Wednesday,-0.2588190451025208,-0.9659258262890683
2023-01-25 14:15:00+05:30,422.5,422.7000122070313,418.1499938964844,419.4500122070313,419.4500122070313,3553474,14,Wednesday,-0.4999999999999997,-0.8660254037844388
2023-01-25 15:15:00+05:30,419.4500122070313,419.6499938964844,418.3999938964844,418.5499877929688,418.5499877929688,1553257,15,Wednesday,-0.7071067811865471,-0.7071067811865479
2023-01-27 09:15:00+05:30,437.9500122070313,453.2000122070313,437.5,444.1000061035156,444.1000061035156,4568872,9,Friday,0.7071067811865476,-0.7071067811865475
2023-01-27 10:15:00+05:30,444.0,451.0,443.3500061035156,445.2000122070313,445.2000122070313,10219123,10,Friday,0.49999999999999994,-0.8660254037844387
2023-01-27 11:15:00+05:30,445.1000061035156,446.3500061035156,442.0499877929688,443.0,443.0,5155826,11,Friday,0.258819045102521,-0.9659258262890682
2023-01-27 12:15:00+05:30,443.0499877929688,443.75,438.6499938964844,440.6499938964844,440.6499938964844,5843275,12,Friday,1.2246467991473532e-16,-1.0
2023-01-27 13:15:00+05:30,440.7999877929688,441.9500122070313,436.6499938964844,436.7999877929688,436.7999877929688,4679666,13,Friday,-0.2588190451025208,-0.9659258262890683
2023-01-27 14:15:00+05:30,437.0,447.5,436.7999877929688,444.9500122070313,444.9500122070313,7469647,14,Friday,-0.4999999999999997,-0.8660254037844388
2023-01-27 15:15:00+05:30,445.0,446.75,444.2000122070313,445.25,445.25,2451174,15,Friday,-0.7071067811865471,-0.7071067811865479
2023-01-30 09:15:00+05:30,445.25,450.0,442.8999938964844,444.1000061035156,444.1000061035156,0,9,Monday,0.7071067811865476,-0.7071067811865475
2023-01-30 10:15:00+05:30,444.1000061035156,445.0,441.0,442.3500061035156,442.3500061035156,2300666,10,Monday,0.49999999999999994,-0.8660254037844387
2023-01-30 11:15:00+05:30,442.2999877929688,445.0,440.5,443.6000061035156,443.6000061035156,1721775,11,Monday,0.258819045102521,-0.9659258262890682
2023-01-30 12:15:00+05:30,443.7000122070313,444.4500122070313,438.3999938964844,439.5,439.5,1835423,12,Monday,1.2246467991473532e-16,-1.0
2023-01-30 13:15:00+05:30,439.3500061035156,443.3500061035156,437.75,443.2000122070313,443.2000122070313,2318540,13,Monday,-0.2588190451025208,-0.9659258262890683
2023-01-30 14:15:00+05:30,442.9500122070313,444.3500061035156,441.5,443.7000122070313,443.7000122070313,2638497,14,Monday,-0.4999999999999997,-0.8660254037844388
2023-01-30 15:15:00+05:30,443.75,444.0,443.0,443.6499938964844,443.6499938964844,1257280,15,Monday,-0.7071067811865471,-0.7071067811865479
2023-01-31 09:15:00+05:30,443.7000122070313,447.9500122070313,441.0,446.2000122070313,446.2000122070313,0,9,Tuesday,0.7071067811865476,-0.7071067811865475
2023-01-31 10:15:00+05:30,446.25,448.7999877929688,445.6499938964844,448.2999877929688,448.2999877929688,2148474,10,Tuesday,0.49999999999999994,-0.8660254037844387
2023-01-31 11:15:00+05:30,448.2999877929688,451.7999877929688,447.5499877929688,450.2000122070313,450.2000122070313,3525464,11,Tuesday,0.258819045102521,-0.9659258262890682
2023-01-31 12:15:00+05:30,450.2000122070313,452.9500122070313,449.4500122070313,452.4500122070313,452.4500122070313,3006720,12,Tuesday,1.2246467991473532e-16,-1.0
2023-01-31 13:15:00+05:30,452.4500122070313,452.7000122070313,450.2000122070313,450.3500061035156,450.3500061035156,6057754,13,Tuesday,-0.2588190451025208,-0.9659258262890683
2023-01-31 14:15:00+05:30,450.4500122070313,454.7999877929688,450.0499877929688,452.4500122070313,452.4500122070313,4949727,14,Tuesday,-0.4999999999999997,-0.8660254037844388
2023-01-31 15:15:00+05:30,452.4500122070313,452.5499877929688,451.0,451.2999877929688,451.2999877929688,1585534,15,Tuesday,-0.7071067811865471,-0.7071067811865479
2023-02-01 09:15:00+05:30,455.9500122070313,456.4500122070313,450.3999938964844,452.5,452.5,0,9,Wednesday,0.7071067811865476,-0.7071067811865475
2023-02-01 10:15:00+05:30,452.5,456.5,452.0,454.9500122070313,454.9500122070313,2240658,10,Wednesday,0.49999999999999994,-0.8660254037844387
2023-02-01 11:15:00+05:30,455.0,456.7000122070313,452.2000122070313,455.7999877929688,455.7999877929688,3240816,11,Wednesday,0.258819045102521,-0.9659258262890682
2023-02-01 12:15:00+05:30,455.7999877929688,461.3500061035156,453.1000061035156,454.9500122070313,454.9500122070313,5455138,12,Wednesday,1.2246467991473532e-16,-1.0
2023-02-01 13:15:00+05:30,455.8999938964844,456.25,448.25,450.7000122070313,450.7000122070313,3393475,13,Wednesday,-0.2588190451025208,-0.9659258262890683
2023-02-01 14:15:00+05:30,450.7999877929688,451.0,437.7000122070313,446.6000061035156,446.6000061035156,4924570,14,Wednesday,-0.4999999999999997,-0.8660254037844388
2023-02-01 15:15:00+05:30,446.8500061035156,447.3999938964844,444.9500122070313,446.3500061035156,446.3500061035156,1177605,15,Wednesday,-0.7071067811865471,-0.7071067811865479
2023-02-02 09:15:00+05:30,446.7999877929688,449.0,440.7999877929688,443.0,443.0,0,9,Thursday,0.7071067811865476,-0.7071067811865475
2023-02-02 10:15:00+05:30,443.0,445.9500122070313,441.0,444.1000061035156,444.1000061035156,1452770,10,Thursday,0.49999999999999994,-0.8660254037844387
2023-02-02 11:15:00+05:30,444.1000061035156,446.7999877929688,443.0499877929688,445.7999877929688,445.7999877929688,1167154,11,Thursday,0.258819045102521,-0.9659258262890682
2023-02-02 12:15:00+05:30,445.7999877929688,445.7999877929688,443.0,443.8500061035156,443.8500061035156,1251756,12,Thursday,1.2246467991473532e-16,-1.0
2023-02-02 13:15:00+05:30,443.9500122070313,444.5,441.1499938964844,443.7999877929688,443.7999877929688,1501390,13,Thursday,-0.2588190451025208,-0.9659258262890683
2023-02-02 14:15:00+05:30,444.0,446.3500061035156,443.5,444.6000061035156,444.6000061035156,1368341,14,Thursday,-0.4999999999999997,-0.8660254037844388
2023-02-02 15:15:00+05:30,444.75,444.9500122070313,444.1000061035156,444.4500122070313,444.4500122070313,654757,15,Thursday,-0.7071067811865471,-0.7071067811865479
2023-02-03 09:15:00+05:30,446.6499938964844,450.75,444.0,444.8500061035156,444.8500061035156,0,9,Friday,0.7071067811865476,-0.7071067811865475
2023-02-03 10:15:00+05:30,444.7999877929688,445.6000061035156,442.3500061035156,444.3999938964844,444.3999938964844,2302989,10,Friday,0.49999999999999994,-0.8660254037844387
2023-02-03 11:15:00+05:30,444.4500122070313,445.7000122070313,443.1000061035156,445.6499938964844,445.6499938964844,1119141,11,Friday,0.258819045102521,-0.9659258262890682
2023-02-03 12:15:00+05:30,445.6499938964844,445.7999877929688,443.75,445.1499938964844,445.1499938964844,939007,12,Friday,1.2246467991473532e-16,-1.0
2023-02-03 13:15:00+05:30,445.0499877929688,448.2000122070313,443.7000122070313,445.5,445.5,1783723,13,Friday,-0.2588190451025208,-0.9659258262890683
2023-02-03 14:15:00+05:30,445.5,448.1499938964844,444.4500122070313,444.5499877929688,444.5499877929688,2242000,14,Friday,-0.4999999999999997,-0.8660254037844388
2023-02-03 15:15:00+05:30,444.5499877929688,445.5499877929688,444.4500122070313,444.75,444.75,693713,15,Friday,-0.7071067811865471,-0.7071067811865479
2023-02-06 09:15:00+05:30,444.3500061035156,447.0,442.1000061035156,444.7999877929688,444.7999877929688,0,9,Monday,0.7071067811865476,-0.7071067811865475
2023-02-06 10:15:00+05:30,444.7000122070313,445.0,440.3999938964844,440.5,440.5,1092372,10,Monday,0.49999999999999994,-0.8660254037844387
2023-02-06 11:15:00+05:30,440.4500122070313,442.75,440.3999938964844,441.5499877929688,441.5499877929688,582693,11,Monday,0.258819045102521,-0.9659258262890682
2023-02-06 12:15:00+05:30,441.3999938964844,442.3999938964844,440.75,441.5499877929688,441.5499877929688,472212,12,Monday,1.2246467991473532e-16,-1.0
2023-02-06 13:15:00+05:30,441.5,444.0,441.2000122070313,441.7999877929688,441.7999877929688,848674,13,Monday,-0.2588190451025208,-0.9659258262890683
2023-02-06 14:15:00+05:30,441.6000061035156,443.3999938964844,439.6000061035156,441.8500061035156,441.8500061035156,1349972,14,Monday,-0.4999999999999997,-0.8660254037844388
2023-02-06 15:15:00+05:30,441.8500061035156,442.3500061035156,441.1000061035156,441.7000122070313,441.7000122070313,499549,15,Monday,-0.7071067811865471,-0.7071067811865479
2023-02-07 09:15:00+05:30,441.8500061035156,443.3500061035156,436.1000061035156,436.7000122070313,436.7000122070313,0,9,Tuesday,0.7071067811865476,-0.7071067811865475
2023-02-07 10:15:00+05:30,436.5,437.3999938964844,435.0,436.4500122070313,436.4500122070313,1243292,10,Tuesday,0.49999999999999994,-0.8660254037844387
2023-02-07 11:15:00+05:30,436.5499877929688,437.25,435.5499877929688,436.1499938964844,436.1499938964844,591498,11,Tuesday,0.258819045102521,-0.9659258262890682
2023-02-07 12:15:00+05:30,436.0499877929688,436.5,433.1000061035156,433.25,433.25,997886,12,Tuesday,1.2246467991473532e-16,-1.0
2023-02-07 13:15:00+05:30,433.2999877929688,436.3999938964844,433.2999877929688,435.9500122070313,435.9500122070313,1100027,13,Tuesday,-0.2588190451025208,-0.9659258262890683
2023-02-07 14:15:00+05:30,435.8999938964844,438.5,435.1499938964844,435.2999877929688,435.2999877929688,1920908,14,Tuesday,-0.4999999999999997,-0.8660254037844388
2023-02-07 15:15:00+05:30,435.2999877929688,435.7000122070313,434.5,435.4500122070313,435.4500122070313,960051,15,Tuesday,-0.7071067811865471,-0.7071067811865479
2023-02-08 09:15:00+05:30,435.3999938964844,438.5499877929688,431.6000061035156,437.6000061035156,437.6000061035156,0,9,Wednesday,0.7071067811865476,-0.7071067811865475
2023-02-08 10:15:00+05:30,437.5499877929688,439.5,436.6000061035156,438.0,438.0,1300243,10,Wednesday,0.49999999999999994,-0.8660254037844387
2023-02-08 11:15:00+05:30,438.0499877929688,439.0,437.25,437.75,437.75,642171,11,Wednesday,0.258819045102521,-0.9659258262890682
2023-02-08 12:15:00+05:30,437.7000122070313,437.7999877929688,436.0499877929688,436.2000122070313,436.2000122070313,570111,12,Wednesday,1.2246467991473532e-16,-1.0
2023-02-08 13:15:00+05:30,436.1499938964844,438.0499877929688,435.5,436.1000061035156,436.1000061035156,969310,13,Wednesday,-0.2588190451025208,-0.9659258262890683
2023-02-08 14:15:00+05:30,436.1000061035156,441.0,435.2999877929688,439.6000061035156,439.6000061035156,1839680,14,Wednesday,-0.4999999999999997,-0.8660254037844388
2023-02-08 15:15:00+05:30,439.6000061035156,440.7999877929688,439.6000061035156,440.1000061035156,440.1000061035156,622193,15,Wednesday,-0.7071067811865471,-0.7071067811865479
2023-02-09 09:15:00+05:30,439.9500122070313,440.5,433.6000061035156,436.1000061035156,436.1000061035156,0,9,Thursday,0.7071067811865476,-0.7071067811865475
2023-02-09 10:15:00+05:30,436.2000122070313,437.2000122070313,435.2000122070313,436.0,436.0,768266,10,Thursday,0.49999999999999994,-0.8660254037844387
2023-02-09 11:15:00+05:30,436.0,437.7000122070313,435.0499877929688,435.2000122070313,435.2000122070313,849717,11,Thursday,0.258819045102521,-0.9659258262890682
2023-02-09 12:15:00+05:30,435.1000061035156,436.2000122070313,435.0499877929688,435.3500061035156,435.3500061035156,504577,12,Thursday,1.2246467991473532e-16,-1.0
2023-02-09 13:15:00+05:30,435.3999938964844,437.9500122070313,435.0,437.0499877929688,437.0499877929688,1819090,13,Thursday,-0.2588190451025208,-0.9659258262890683
2023-02-09 14:15:00+05:30,437.25,437.8999938964844,436.2999877929688,437.0,437.0,679925,14,Thursday,-0.4999999999999997,-0.8660254037844388
2023-02-09 15:15:00+05:30,436.9500122070313,437.0,436.2000122070313,436.75,436.75,475060,15,Thursday,-0.7071067811865471,-0.7071067811865479
2023-02-10 09:15:00+05:30,436.75,438.2000122070313,431.25,433.2000122070313,433.2000122070313,0,9,Friday,0.7071067811865476,-0.7071067811865475
2023-02-10 10:15:00+05:30,433.2000122070313,435.3500061035156,432.75,435.1499938964844,435.1499938964844,1067981,10,Friday,0.49999999999999994,-0.8660254037844387
2023-02-10 11:15:00+05:30,435.2000122070313,436.3500061035156,434.75,435.6499938964844,435.6499938964844,861314,11,Friday,0.258819045102521,-0.9659258262890682
2023-02-10 12:15:00+05:30,435.6000061035156,437.4500122070313,435.5499877929688,437.1000061035156,437.1000061035156,799455,12,Friday,1.2246467991473532e-16,-1.0
2023-02-10 13:15:00+05:30,437.1000061035156,446.3500061035156,437.0,445.1000061035156,445.1000061035156,3220735,13,Friday,-0.2588190451025208,-0.9659258262890683
2023-02-10 14:15:00+05:30,445.1499938964844,447.5,444.0,445.8500061035156,445.8500061035156,4473024,14,Friday,-0.4999999999999997,-0.8660254037844388
2023-02-10 15:15:00+05:30,445.75,446.3999938964844,444.3500061035156,444.5,444.5,1287143,15,Friday,-0.7071067811865471,-0.7071067811865479
2023-02-13 09:15:00+05:30,445.0,446.8500061035156,440.1499938964844,441.1000061035156,441.1000061035156,0,9,Monday,0.7071067811865476,-0.7071067811865475
2023-02-13 10:15:00+05:30,441.0499877929688,443.2999877929688,440.0,443.1499938964844,443.1499938964844,876790,10,Monday,0.49999999999999994,-0.8660254037844387
2023-02-13 11:15:00+05:30,443.25,443.2999877929688,440.2999877929688,442.4500122070313,442.4500122070313,842141,11,Monday,0.258819045102521,-0.9659258262890682
2023-02-13 12:15:00+05:30,442.4500122070313,443.2000122070313,440.4500122070313,441.4500122070313,441.4500122070313,949122,12,Monday,1.2246467991473532e-16,-1.0
2023-02-13 13:15:00+05:30,441.3999938964844,442.2000122070313,439.1000061035156,441.8999938964844,441.8999938964844,1163833,13,Monday,-0.2588190451025208,-0.9659258262890683
2023-02-13 14:15:00+05:30,441.8999938964844,442.7999877929688,440.6499938964844,440.7000122070313,440.7000122070313,1351458,14,Monday,-0.4999999999999997,-0.8660254037844388
2023-02-13 15:15:00+05:30,440.7000122070313,441.5,440.2999877929688,441.0499877929688,441.0499877929688,916420,15,Monday,-0.7071067811865471,-0.7071067811865479
2023-02-14 09:15:00+05:30,441.7999877929688,442.6499938964844,434.4500122070313,437.3500061035156,437.3500061035156,0,9,Tuesday,0.7071067811865476,-0.7071067811865475
2023-02-14 10:15:00+05:30,437.3999938964844,439.3500061035156,436.6499938964844,438.5,438.5,1129419,10,Tuesday,0.49999999999999994,-0.8660254037844387
2023-02-14 11:15:00+05:30,438.5,440.9500122070313,438.1499938964844,440.0499877929688,440.0499877929688,1018214,11,Tuesday,0.258819045102521,-0.9659258262890682
2023-02-14 12:15:00+05:30,440.1499938964844,444.25,439.75,443.0,443.0,1461573,12,Tuesday,1.2246467991473532e-16,-1.0
2023-02-14 13:15:00+05:30,442.9500122070313,443.2999877929688,441.5499877929688,442.3500061035156,442.3500061035156,1006912,13,Tuesday,-0.2588190451025208,-0.9659258262890683
2023-02-14 14:15:00+05:30,442.3500061035156,442.7999877929688,440.0499877929688,440.6499938964844,440.6499938964844,1190152,14,Tuesday,-0.4999999999999997,-0.8660254037844388
2023-02-14 15:15:00+05:30,440.8500061035156,440.8999938964844,440.0499877929688,440.5499877929688,440.5499877929688,471704,15,Tuesday,-0.7071067811865471,-0.7071067811865479
2023-02-15 09:15:00+05:30,438.3999938964844,443.0,438.1499938964844,441.0499877929688,441.0499877929688,0,9,Wednesday,0.7071067811865476,-0.7071067811865475
2023-02-15 10:15:00+05:30,441.0499877929688,442.75,440.1499938964844,440.2000122070313,440.2000122070313,1094769,10,Wednesday,0.49999999999999994,-0.8660254037844387
2023-02-15 11:15:00+05:30,440.2999877929688,440.8999938964844,438.9500122070313,439.1000061035156,439.1000061035156,868819,11,Wednesday,0.258819045102521,-0.9659258262890682
2023-02-15 12:15:00+05:30,439.1000061035156,440.0,438.1499938964844,438.5,438.5,900546,12,Wednesday,1.2246467991473532e-16,-1.0
2023-02-15 13:15:00+05:30,438.5,440.75,438.2999877929688,440.4500122070313,440.4500122070313,955640,13,Wednesday,-0.2588190451025208,-0.9659258262890683
2023-02-15 14:15:00+05:30,440.4500122070313,444.8500061035156,440.1499938964844,444.1499938964844,444.1499938964844,2744139,14,Wednesday,-0.4999999999999997,-0.8660254037844388
2023-02-15 15:15:00+05:30,444.1000061035156,444.5,443.7000122070313,444.0,444.0,927783,15,Wednesday,-0.7071067811865471,-0.7071067811865479
2023-02-16 09:15:00+05:30,444.8999938964844,448.1499938964844,444.7000122070313,445.3999938964844,445.3999938964844,0,9,Thursday,0.7071067811865476,-0.7071067811865475
2023-02-16 10:15:00+05:30,445.3999938964844,445.8999938964844,443.0499877929688,443.25,443.25,842181,10,Thursday,0.49999999999999994,-0.8660254037844387
2023-02-16 11:15:00+05:30,443.2000122070313,443.75,440.75,442.0,442.0,953143,11,Thursday,0.258819045102521,-0.9659258262890682
2023-02-16 12:15:00+05:30,442.0499877929688,443.5,440.75,442.25,442.25,942985,12,Thursday,1.2246467991473532e-16,-1.0
2023-02-16 13:15:00+05:30,442.4500122070313,443.5,441.8999938964844,442.8500061035156,442.8500061035156,927437,13,Thursday,-0.2588190451025208,-0.9659258262890683
2023-02-16 14:15:00+05:30,443.0,443.1499938964844,441.6000061035156,441.75,441.75,1285052,14,Thursday,-0.4999999999999997,-0.8660254037844388
2023-02-16 15:15:00+05:30,441.7000122070313,441.7000122070313,440.5,440.7999877929688,440.7999877929688,854901,15,Thursday,-0.7071067811865471,-0.7071067811865479
2023-02-17 09:15:00+05:30,437.6000061035156,442.2999877929688,436.8999938964844,439.7999877929688,439.7999877929688,0,9,Friday,0.7071067811865476,-0.7071067811865475
2023-02-17 10:15:00+05:30,439.7999877929688,442.3500061035156,439.6499938964844,440.7000122070313,440.7000122070313,997345,10,Friday,0.49999999999999994,-0.8660254037844387
2023-02-17 11:15:00+05:30,440.6499938964844,441.2000122070313,439.3500061035156,439.8999938964844,439.8999938964844,564282,11,Friday,0.258819045102521,-0.9659258262890682
2023-02-17 12:15:00+05:30,439.9500122070313,440.25,438.7000122070313,439.5,439.5,794073,12,Friday,1.2246467991473532e-16,-1.0
2023-02-17 13:15:00+05:30,439.5,440.3500061035156,438.25,438.7000122070313,438.7000122070313,695256,13,Friday,-0.2588190451025208,-0.9659258262890683
2023-02-17 14:15:00+05:30,438.6499938964844,440.8999938964844,438.6000061035156,439.9500122070313,439.9500122070313,1065978,14,Friday,-0.4999999999999997,-0.8660254037844388
2023-02-17 15:15:00+05:30,439.9500122070313,440.1000061035156,439.25,439.3999938964844,439.3999938964844,574975,15,Friday,-0.7071067811865471,-0.7071067811865479
2023-02-20 09:15:00+05:30,441.25,441.5,436.25,438.6000061035156,438.6000061035156,0,9,Monday,0.7071067811865476,-0.7071067811865475
2023-02-20 10:15:00+05:30,438.5499877929688,441.0,437.2000122070313,440.7999877929688,440.7999877929688,1030037,10,Monday,0.49999999999999994,-0.8660254037844387
2023-02-20 11:15:00+05:30,440.9500122070313,440.9500122070313,439.0,440.5499877929688,440.5499877929688,845874,11,Monday,0.258819045102521,-0.9659258262890682
2023-02-20 12:15:00+05:30,440.5,443.0,440.3500061035156,442.9500122070313,442.9500122070313,1270765,12,Monday,1.2246467991473532e-16,-1.0
2023-02-20 13:15:00+05:30,442.9500122070313,444.2999877929688,440.4500122070313,444.0,444.0,1905274,13,Monday,-0.2588190451025208,-0.9659258262890683
2023-02-20 14:15:00+05:30,444.2000122070313,445.1499938964844,442.8500061035156,443.25,443.25,2011687,14,Monday,-0.4999999999999997,-0.8660254037844388
2023-02-20 15:15:00+05:30,443.2999877929688,443.6000061035156,441.6499938964844,443.0,443.0,698415,15,Monday,-0.7071067811865471,-0.7071067811865479
2023-02-21 09:15:00+05:30,444.9500122070313,445.0,440.0,441.6000061035156,441.6000061035156,0,9,Tuesday,0.7071067811865476,-0.7071067811865475
2023-02-21 10:15:00+05:30,441.6499938964844,443.2000122070313,441.2999877929688,441.8500061035156,441.8500061035156,1039603,10,Tuesday,0.49999999999999994,-0.8660254037844387
2023-02-21 11:15:00+05:30,441.8500061035156,441.8500061035156,439.3999938964844,439.7000122070313,439.7000122070313,1120811,11,Tuesday,0.258819045102521,-0.9659258262890682
2023-02-21 12:15:00+05:30,439.7000122070313,439.8999938964844,438.3999938964844,439.3999938964844,439.3999938964844,1018229,12,Tuesday,1.2246467991473532e-16,-1.0
2023-02-21 13:15:00+05:30,439.3999938964844,440.8500061035156,438.7000122070313,440.0499877929688,440.0499877929688,918976,13,Tuesday,-0.2588190451025208,-0.9659258262890683
2023-02-21 14:15:00+05:30,440.0499877929688,440.1499938964844,436.8500061035156,436.8500061035156,436.8500061035156,1447311,14,Tuesday,-0.4999999999999997,-0.8660254037844388
2023-02-21 15:15:00+05:30,437.0,437.1499938964844,435.25,436.1000061035156,436.1000061035156,928613,15,Tuesday,-0.7071067811865471,-0.7071067811865479
2023-02-22 09:15:00+05:30,434.7000122070313,435.7999877929688,431.0,432.5,432.5,0,9,Wednesday,0.7071067811865476,-0.7071067811865475
2023-02-22 10:15:00+05:30,432.3999938964844,432.3999938964844,430.0,431.1499938964844,431.1499938964844,1023726,10,Wednesday,0.49999999999999994,-0.8660254037844387
2023-02-22 11:15:00+05:30,431.1000061035156,432.1000061035156,430.2000122070313,430.9500122070313,430.9500122070313,643275,11,Wednesday,0.258819045102521,-0.9659258262890682
2023-02-22 12:15:00+05:30,430.9500122070313,431.8999938964844,429.2999877929688,431.2999877929688,431.2999877929688,845464,12,Wednesday,1.2246467991473532e-16,-1.0
2023-02-22 13:15:00+05:30,431.2999877929688,431.7000122070313,429.5,429.75,429.75,739889,13,Wednesday,-0.2588190451025208,-0.9659258262890683
2023-02-22 14:15:00+05:30,429.7000122070313,431.4500122070313,429.0499877929688,429.6000061035156,429.6000061035156,1065062,14,Wednesday,-0.4999999999999997,-0.8660254037844388
2023-02-22 15:15:00+05:30,429.6000061035156,429.7000122070313,428.2999877929688,428.7999877929688,428.7999877929688,703520,15,Wednesday,-0.7071067811865471,-0.7071067811865479
2023-02-23 09:15:00+05:30,428.6000061035156,432.5,427.2000122070313,432.0499877929688,432.0499877929688,0,9,Thursday,0.7071067811865476,-0.7071067811865475
2023-02-23 10:15:00+05:30,432.0499877929688,434.6499938964844,430.25,431.6499938964844,431.6499938964844,1816264,10,Thursday,0.49999999999999994,-0.8660254037844387
2023-02-23 11:15:00+05:30,431.6499938964844,434.2999877929688,431.5499877929688,432.0,432.0,808043,11,Thursday,0.258819045102521,-0.9659258262890682
2023-02-23 12:15:00+05:30,432.0,433.5,431.4500122070313,433.1499938964844,433.1499938964844,732672,12,Thursday,1.2246467991473532e-16,-1.0
2023-02-23 13:15:00+05:30,433.1499938964844,434.5,433.0,434.1000061035156,434.1000061035156,1012108,13,Thursday,-0.2588190451025208,-0.9659258262890683
2023-02-23 14:15:00+05:30,434.1000061035156,436.3999938964844,431.8500061035156,432.5,432.5,2060204,14,Thursday,-0.4999999999999997,-0.8660254037844388
2023-02-23 15:15:00+05:30,432.4500122070313,435.0,432.3500061035156,433.2000122070313,433.2000122070313,521812,15,Thursday,-0.7071067811865471,-0.7071067811865479
2023-02-24 09:15:00+05:30,435.3999938964844,436.7000122070313,428.6000061035156,429.7999877929688,429.7999877929688,0,9,Friday,0.7071067811865476,-0.7071067811865475
2023-02-24 10:15:00+05:30,429.8500061035156,431.4500122070313,428.75,429.6000061035156,429.6000061035156,859688,10,Friday,0.49999999999999994,-0.8660254037844387
2023-02-24 11:15:00+05:30,429.5499877929688,430.5,427.5,428.75,428.75,931515,11,Friday,0.258819045102521,-0.9659258262890682
2023-02-24 12:15:00+05:30,428.75,429.0499877929688,427.2999877929688,428.25,428.25,969432,12,Friday,1.2246467991473532e-16,-1.0
2023-02-24 13:15:00+05:30,428.2999877929688,429.7000122070313,428.0,428.2999877929688,428.2999877929688,818544,13,Friday,-0.2588190451025208,-0.9659258262890683
2023-02-24 14:15:00+05:30,428.2999877929688,429.4500122070313,427.5,427.7999877929688,427.7999877929688,1358579,14,Friday,-0.4999999999999997,-0.8660254037844388
2023-02-24 15:15:00+05:30,427.7000122070313,427.8999938964844,427.0,427.75,427.75,785303,15,Friday,-0.7071067811865471,-0.7071067811865479
2023-02-27 09:15:00+05:30,428.0,428.0499877929688,417.0,417.75,417.75,0,9,Monday,0.7071067811865476,-0.7071067811865475
2023-02-27 10:15:00+05:30,417.7000122070313,419.75,415.25,419.5499877929688,419.5499877929688,2360782,10,Monday,0.49999999999999994,-0.8660254037844387
2023-02-27 11:15:00+05:30,419.5499877929688,420.3500061035156,416.2000122070313,416.5,416.5,936822,11,Monday,0.258819045102521,-0.9659258262890682
2023-02-27 12:15:00+05:30,416.5,416.8999938964844,413.2999877929688,414.0,414.0,1165572,12,Monday,1.2246467991473532e-16,-1.0
2023-02-27 13:15:00+05:30,413.7999877929688,416.25,413.6499938964844,416.0,416.0,788130,13,Monday,-0.2588190451025208,-0.9659258262890683
2023-02-27 14:15:00+05:30,416.0,418.6000061035156,414.6499938964844,418.2999877929688,418.2999877929688,1359535,14,Monday,-0.4999999999999997,-0.8660254037844388
2023-02-27 15:15:00+05:30,418.5,419.0,417.2999877929688,418.9500122070313,418.9500122070313,708427,15,Monday,-0.7071067811865471,-0.7071067811865479
2023-02-28 09:15:00+05:30,419.3999938964844,424.3999938964844,419.0499877929688,424.3999938964844,424.3999938964844,0,9,Tuesday,0.7071067811865476,-0.7071067811865475
2023-02-28 10:15:00+05:30,424.3999938964844,424.7999877929688,421.75,422.6000061035156,422.6000061035156,1224459,10,Tuesday,0.49999999999999994,-0.8660254037844387
2023-02-28 11:15:00+05:30,422.6000061035156,424.7999877929688,422.4500122070313,423.7999877929688,423.7999877929688,932412,11,Tuesday,0.258819045102521,-0.9659258262890682
2023-02-28 12:15:00+05:30,423.75,424.3999938964844,422.1000061035156,422.5,422.5,765656,12,Tuesday,1.2246467991473532e-16,-1.0
2023-02-28 13:15:00+05:30,422.3999938964844,422.9500122070313,419.5,419.75,419.75,1537986,13,Tuesday,-0.2588190451025208,-0.9659258262890683
2023-02-28 14:15:00+05:30,419.7999877929688,421.7999877929688,419.5,420.7999877929688,420.7999877929688,1658459,14,Tuesday,-0.4999999999999997,-0.8660254037844388
2023-02-28 15:15:00+05:30,420.8500061035156,420.9500122070313,420.0,420.8500061035156,420.8500061035156,991514,15,Tuesday,-0.7071067811865471,-0.7071067811865479
2023-03-01 09:15:00+05:30,421.8500061035156,426.6000061035156,421.75,425.4500122070313,425.4500122070313,0,9,Wednesday,0.7071067811865476,-0.7071067811865475
2023-03-01 10:15:00+05:30,425.3500061035156,426.5,424.1000061035156,425.1499938964844,425.1499938964844,759933,10,Wednesday,0.49999999999999994,-0.8660254037844387
2023-03-01 11:15:00+05:30,425.1499938964844,427.0,424.6000061035156,426.1499938964844,426.1499938964844,672794,11,Wednesday,0.258819045102521,-0.9659258262890682
2023-03-01 12:15:00+05:30,426.1000061035156,428.0,425.2999877929688,427.3999938964844,427.3999938964844,833819,12,Wednesday,1.2246467991473532e-16,-1.0
2023-03-01 13:15:00+05:30,427.3999938964844,427.5499877929688,425.7000122070313,426.25,426.25,1398323,13,Wednesday,-0.2588190451025208,-0.9659258262890683
2023-03-01 14:15:00+05:30,426.3500061035156,427.25,425.0499877929688,425.8999938964844,425.8999938964844,1326222,14,Wednesday,-0.4999999999999997,-0.8660254037844388
2023-03-01 15:15:00+05:30,425.8999938964844,426.4500122070313,425.75,426.0499877929688,426.0499877929688,532021,15,Wednesday,-0.7071067811865471,-0.7071067811865479
2023-03-02 09:15:00+05:30,425.8999938964844,425.8999938964844,421.1000061035156,422.6000061035156,422.6000061035156,0,9,Thursday,0.7071067811865476,-0.7071067811865475
2023-03-02 10:15:00+05:30,422.6000061035156,423.5,421.25,422.25,422.25,598478,10,Thursday,0.49999999999999994,-0.8660254037844387
2023-03-02 11:15:00+05:30,422.25,423.7000122070313,421.7999877929688,423.6499938964844,423.6499938964844,471806,11,Thursday,0.258819045102521,-0.9659258262890682
2023-03-02 12:15:00+05:30,423.6000061035156,424.3500061035156,423.2000122070313,423.8500061035156,423.8500061035156,611834,12,Thursday,1.2246467991473532e-16,-1.0
2023-03-02 13:15:00+05:30,423.8500061035156,424.0,421.5,422.7000122070313,422.7000122070313,836776,13,Thursday,-0.2588190451025208,-0.9659258262890683
2023-03-02 14:15:00+05:30,422.6499938964844,422.75,419.6000061035156,420.6000061035156,420.6000061035156,1168061,14,Thursday,-0.4999999999999997,-0.8660254037844388
2023-03-02 15:15:00+05:30,420.7000122070313,420.7999877929688,419.9500122070313,420.75,420.75,573800,15,Thursday,-0.7071067811865471,-0.7071067811865479
2023-03-03 09:15:00+05:30,422.3999938964844,425.7000122070313,422.3999938964844,425.6000061035156,425.6000061035156,0,9,Friday,0.7071067811865476,-0.7071067811865475
2023-03-03 10:15:00+05:30,425.6000061035156,426.5,424.5499877929688,425.0,425.0,1167228,10,Friday,0.49999999999999994,-0.8660254037844387
2023-03-03 11:15:00+05:30,425.0,426.4500122070313,424.6000061035156,425.6499938964844,425.6499938964844,790604,11,Friday,0.258819045102521,-0.9659258262890682
2023-03-03 12:15:00+05:30,425.6499938964844,426.0,424.3999938964844,424.7999877929688,424.7999877929688,881685,12,Friday,1.2246467991473532e-16,-1.0
2023-03-03 13:15:00+05:30,424.8500061035156,430.5,424.1000061035156,428.8500061035156,428.8500061035156,1952916,13,Friday,-0.2588190451025208,-0.9659258262890683
2023-03-03 14:15:00+05:30,428.8500061035156,429.2999877929688,427.7999877929688,428.1000061035156,428.1000061035156,1004315,14,Friday,-0.4999999999999997,-0.8660254037844388
2023-03-03 15:15:00+05:30,427.8999938964844,428.2999877929688,427.4500122070313,428.0,428.0,621475,15,Friday,-0.7071067811865471,-0.7071067811865479
2023-03-06 09:15:00+05:30,430.7000122070313,433.9500122070313,430.7000122070313,432.7000122070313,432.7000122070313,0,9,Monday,0.7071067811865476,-0.7071067811865475
2023-03-06 10:15:00+05:30,432.5499877929688,437.0,432.2999877929688,436.75,436.75,1893172,10,Monday,0.49999999999999994,-0.8660254037844387
2023-03-06 11:15:00+05:30,436.7999877929688,438.0,435.5499877929688,436.8500061035156,436.8500061035156,950581,11,Monday,0.258819045102521,-0.9659258262890682
2023-03-06 12:15:00+05:30,436.8500061035156,438.0,436.0,436.9500122070313,436.9500122070313,977900,12,Monday,1.2246467991473532e-16,-1.0
2023-03-06 13:15:00+05:30,436.9500122070313,440.75,436.0,439.6000061035156,439.6000061035156,2576471,13,Monday,-0.2588190451025208,-0.9659258262890683
2023-03-06 14:15:00+05:30,439.6000061035156,440.3999938964844,438.3500061035156,439.75,439.75,2109919,14,Monday,-0.4999999999999997,-0.8660254037844388
2023-03-06 15:15:00+05:30,439.8500061035156,441.2999877929688,439.7000122070313,441.0,441.0,1231709,15,Monday,-0.7071067811865471,-0.7071067811865479
2023-03-08 09:15:00+05:30,438.5,439.3500061035156,436.1000061035156,438.3500061035156,438.3500061035156,0,9,Wednesday,0.7071067811865476,-0.7071067811865475
2023-03-08 10:15:00+05:30,438.3500061035156,441.0,437.9500122070313,439.3500061035156,439.3500061035156,1174323,10,Wednesday,0.49999999999999994,-0.8660254037844387
2023-03-08 11:15:00+05:30,439.2999877929688,440.0,437.25,437.6499938964844,437.6499938964844,1235100,11,Wednesday,0.258819045102521,-0.9659258262890682
2023-03-08 12:15:00+05:30,437.5499877929688,438.0,436.5499877929688,437.2000122070313,437.2000122070313,805462,12,Wednesday,1.2246467991473532e-16,-1.0
2023-03-08 13:15:00+05:30,437.1499938964844,439.2999877929688,437.1499938964844,438.8500061035156,438.8500061035156,745384,13,Wednesday,-0.2588190451025208,-0.9659258262890683
2023-03-08 14:15:00+05:30,438.7999877929688,440.3999938964844,437.8500061035156,439.5499877929688,439.5499877929688,1183756,14,Wednesday,-0.4999999999999997,-0.8660254037844388
2023-03-08 15:15:00+05:30,439.5499877929688,439.6499938964844,438.25,439.2999877929688,439.2999877929688,500629,15,Wednesday,-0.7071067811865471,-0.7071067811865479
2023-03-09 09:15:00+05:30,439.2999877929688,442.0,434.6499938964844,435.3999938964844,435.3999938964844,0,9,Thursday,0.7071067811865476,-0.7071067811865475
2023-03-09 10:15:00+05:30,435.5,437.3999938964844,435.25,435.8999938964844,435.8999938964844,615451,10,Thursday,0.49999999999999994,-0.8660254037844387
2023-03-09 11:15:00+05:30,435.9500122070313,436.8999938964844,434.7999877929688,435.2999877929688,435.2999877929688,399159,11,Thursday,0.258819045102521,-0.9659258262890682
2023-03-09 12:15:00+05:30,435.4500122070313,435.4500122070313,433.25,433.7999877929688,433.7999877929688,730230,12,Thursday,1.2246467991473532e-16,-1.0
2023-03-09 13:15:00+05:30,433.7999877929688,434.2999877929688,432.5499877929688,433.7999877929688,433.7999877929688,598828,13,Thursday,-0.2588190451025208,-0.9659258262890683
2023-03-09 14:15:00+05:30,433.7999877929688,433.7999877929688,432.0,432.6499938964844,432.6499938964844,909684,14,Thursday,-0.4999999999999997,-0.8660254037844388
2023-03-09 15:15:00+05:30,432.6499938964844,432.6499938964844,431.6499938964844,432.2000122070313,432.2000122070313,701521,15,Thursday,-0.7071067811865471,-0.7071067811865479
2023-03-10 09:15:00+05:30,433.1000061035156,437.75,431.25,435.4500122070313,435.4500122070313,0,9,Friday,0.7071067811865476,-0.7071067811865475
2023-03-10 10:15:00+05:30,435.5,437.2000122070313,435.0,435.6000061035156,435.6000061035156,1143564,10,Friday,0.49999999999999994,-0.8660254037844387
2023-03-10 11:15:00+05:30,435.75,436.0,434.1499938964844,435.1499938964844,435.1499938964844,744537,11,Friday,0.258819045102521,-0.9659258262890682
2023-03-10 12:15:00+05:30,435.25,436.3999938964844,434.25,435.6000061035156,435.6000061035156,585232,12,Friday,1.2246467991473532e-16,-1.0
2023-03-10 13:15:00+05:30,435.7000122070313,435.75,433.3999938964844,435.1499938964844,435.1499938964844,966552,13,Friday,-0.2588190451025208,-0.9659258262890683
2023-03-10 14:15:00+05:30,435.3500061035156,436.2999877929688,434.1000061035156,435.8500061035156,435.8500061035156,1355391,14,Friday,-0.4999999999999997,-0.8660254037844388
2023-03-10 15:15:00+05:30,435.8999938964844,436.8500061035156,435.4500122070313,436.7999877929688,436.7999877929688,837982,15,Friday,-0.7071067811865471,-0.7071067811865479
2023-03-13 09:15:00+05:30,436.1000061035156,437.0,431.2000122070313,432.0,432.0,0,9,Monday,0.7071067811865476,-0.7071067811865475
2023-03-13 10:15:00+05:30,431.7999877929688,432.3999938964844,429.1499938964844,431.4500122070313,431.4500122070313,946137,10,Monday,0.49999999999999994,-0.8660254037844387
2023-03-13 11:15:00+05:30,431.4500122070313,431.4500122070313,427.6499938964844,427.7000122070313,427.7000122070313,685589,11,Monday,0.258819045102521,-0.9659258262890682
2023-03-13 12:15:00+05:30,427.7999877929688,428.25,425.5,426.1499938964844,426.1499938964844,1184519,12,Monday,1.2246467991473532e-16,-1.0
2023-03-13 13:15:00+05:30,426.2000122070313,426.5,422.5499877929688,423.0,423.0,1144253,13,Monday,-0.2588190451025208,-0.9659258262890683
2023-03-13 14:15:00+05:30,423.0,423.4500122070313,419.25,422.0,422.0,2194096,14,Monday,-0.4999999999999997,-0.8660254037844388
2023-03-13 15:15:00+05:30,422.0499877929688,424.0,421.6000061035156,423.7000122070313,423.7000122070313,830824,15,Monday,-0.7071067811865471,-0.7071067811865479
2023-03-14 09:15:00+05:30,422.7999877929688,424.2000122070313,417.2000122070313,421.0499877929688,421.0499877929688,0,9,Tuesday,0.7071067811865476,-0.7071067811865475
2023-03-14 10:15:00+05:30,421.1000061035156,421.5,417.0,417.2999877929688,417.2999877929688,1158046,10,Tuesday,0.49999999999999994,-0.8660254037844387
2023-03-14 11:15:00+05:30,417.4500122070313,419.3999938964844,416.25,418.0,418.0,1115752,11,Tuesday,0.258819045102521,-0.9659258262890682
2023-03-14 12:15:00+05:30,417.9500122070313,421.1000061035156,413.4500122070313,415.6000061035156,415.6000061035156,1695364,12,Tuesday,1.2246467991473532e-16,-1.0
2023-03-14 13:15:00+05:30,415.3999938964844,416.3500061035156,414.3999938964844,415.7999877929688,415.7999877929688,950026,13,Tuesday,-0.2588190451025208,-0.9659258262890683
2023-03-14 14:15:00+05:30,415.75,417.6000061035156,414.6000061035156,417.0,417.0,1252484,14,Tuesday,-0.4999999999999997,-0.8660254037844388
2023-03-14 15:15:00+05:30,417.0,417.8500061035156,416.4500122070313,416.6499938964844,416.6499938964844,447523,15,Tuesday,-0.7071067811865471,-0.7071067811865479
2023-03-15 09:15:00+05:30,420.25,423.8999938964844,417.25,418.4500122070313,418.4500122070313,0,9,Wednesday,0.7071067811865476,-0.7071067811865475
2023-03-15 10:15:00+05:30,418.5,419.3999938964844,417.2999877929688,417.8999938964844,417.8999938964844,718210,10,Wednesday,0.49999999999999994,-0.8660254037844387
2023-03-15 11:15:00+05:30,417.75,419.25,417.2999877929688,417.3999938964844,417.3999938964844,673096,11,Wednesday,0.258819045102521,-0.9659258262890682
2023-03-15 12:15:00+05:30,417.3999938964844,417.6499938964844,416.2999877929688,416.8999938964844,416.8999938964844,807459,12,Wednesday,1.2246467991473532e-16,-1.0
2023-03-15 13:15:00+05:30,417.0499877929688,417.0499877929688,415.0,415.8999938964844,415.8999938964844,920398,13,Wednesday,-0.2588190451025208,-0.9659258262890683
2023-03-15 14:15:00+05:30,416.0499877929688,416.5,410.1000061035156,411.2999877929688,411.2999877929688,1625344,14,Wednesday,-0.4999999999999997,-0.8660254037844388
2023-03-15 15:15:00+05:30,411.3500061035156,413.3999938964844,410.5499877929688,413.2999877929688,413.2999877929688,919112,15,Wednesday,-0.7071067811865471,-0.7071067811865479
2023-03-16 09:15:00+05:30,413.0499877929688,413.3999938964844,405.0499877929688,408.3500061035156,408.3500061035156,0,9,Thursday,0.7071067811865476,-0.7071067811865475
2023-03-16 10:15:00+05:30,408.2999877929688,415.7999877929688,407.6499938964844,413.8500061035156,413.8500061035156,2931171,10,Thursday,0.49999999999999994,-0.8660254037844387
2023-03-16 11:15:00+05:30,413.8500061035156,414.6000061035156,412.25,412.4500122070313,412.4500122070313,1061204,11,Thursday,0.258819045102521,-0.9659258262890682
2023-03-16 12:15:00+05:30,412.4500122070313,414.7999877929688,412.0499877929688,414.4500122070313,414.4500122070313,920080,12,Thursday,1.2246467991473532e-16,-1.0
2023-03-16 13:15:00+05:30,414.5,418.4500122070313,413.75,417.7000122070313,417.7000122070313,1435672,13,Thursday,-0.2588190451025208,-0.9659258262890683
2023-03-16 14:15:00+05:30,417.5499877929688,418.0,414.6000061035156,414.7999877929688,414.7999877929688,1366424,14,Thursday,-0.4999999999999997,-0.8660254037844388
2023-03-16 15:15:00+05:30,414.75,417.5,414.5,415.7000122070313,415.7000122070313,628460,15,Thursday,-0.7071067811865471,-0.7071067811865479
2023-03-17 09:15:00+05:30,419.5499877929688,423.3999938964844,418.1000061035156,419.0499877929688,419.0499877929688,0,9,Friday,0.7071067811865476,-0.7071067811865475
2023-03-17 10:15:00+05:30,419.0,419.75,416.5,416.6000061035156,416.6000061035156,789313,10,Friday,0.49999999999999994,-0.8660254037844387
2023-03-17 11:15:00+05:30,416.6000061035156,417.7999877929688,415.25,415.6499938964844,415.6499938964844,718516,11,Friday,0.258819045102521,-0.9659258262890682
2023-03-17 12:15:00+05:30,415.6000061035156,417.4500122070313,414.5499877929688,416.2999877929688,416.2999877929688,743238,12,Friday,1.2246467991473532e-16,-1.0
2023-03-17 13:15:00+05:30,416.2999877929688,419.8999938964844,416.1499938964844,418.6499938964844,418.6499938964844,1121993,13,Friday,-0.2588190451025208,-0.9659258262890683
2023-03-17 14:15:00+05:30,418.4500122070313,420.4500122070313,417.1000061035156,418.8999938964844,418.8999938964844,2057901,14,Friday,-0.4999999999999997,-0.8660254037844388
2023-03-17 15:15:00+05:30,418.8500061035156,419.2999877929688,418.6000061035156,418.9500122070313,418.9500122070313,915294,15,Friday,-0.7071067811865471,-0.7071067811865479
2023-03-20 09:15:00+05:30,415.25,416.8999938964844,407.5499877929688,408.6000061035156,408.6000061035156,0,9,Monday,0.7071067811865476,-0.7071067811865475
2023-03-20 10:15:00+05:30,408.6000061035156,410.2000122070313,406.7000122070313,410.2000122070313,410.2000122070313,1550432,10,Monday,0.49999999999999994,-0.8660254037844387
2023-03-20 11:15:00+05:30,410.2000122070313,410.2999877929688,408.5499877929688,408.7999877929688,408.7999877929688,800293,11,Monday,0.258819045102521,-0.9659258262890682
2023-03-20 12:15:00+05:30,408.7999877929688,409.1499938964844,405.5,407.2000122070313,407.2000122070313,1026375,12,Monday,1.2246467991473532e-16,-1.0
2023-03-20 13:15:00+05:30,407.25,407.5,405.5,406.7000122070313,406.7000122070313,1001098,13,Monday,-0.2588190451025208,-0.9659258262890683
2023-03-20 14:15:00+05:30,406.7000122070313,411.3999938964844,406.2999877929688,410.8500061035156,410.8500061035156,2280426,14,Monday,-0.4999999999999997,-0.8660254037844388
2023-03-20 15:15:00+05:30,410.8500061035156,411.3999938964844,410.25,411.0,411.0,714087,15,Monday,-0.7071067811865471,-0.7071067811865479
2023-03-21 09:15:00+05:30,412.5499877929688,413.5,407.7000122070313,410.0499877929688,410.0499877929688,0,9,Tuesday,0.7071067811865476,-0.7071067811865475
2023-03-21 10:15:00+05:30,410.0,411.9500122070313,409.7999877929688,411.7999877929688,411.7999877929688,1002661,10,Tuesday,0.49999999999999994,-0.8660254037844387
2023-03-21 11:15:00+05:30,411.75,411.9500122070313,410.1000061035156,410.2999877929688,410.2999877929688,644526,11,Tuesday,0.258819045102521,-0.9659258262890682
2023-03-21 12:15:00+05:30,410.2999877929688,412.2999877929688,409.7000122070313,412.0499877929688,412.0499877929688,850151,12,Tuesday,1.2246467991473532e-16,-1.0
2023-03-21 13:15:00+05:30,412.8500061035156,413.0,411.6000061035156,412.0,412.0,823217,13,Tuesday,-0.2588190451025208,-0.9659258262890683
2023-03-21 14:15:00+05:30,412.0499877929688,413.8999938964844,412.0,412.2999877929688,412.2999877929688,1197129,14,Tuesday,-0.4999999999999997,-0.8660254037844388
2023-03-21 15:15:00+05:30,412.2999877929688,412.7999877929688,412.1000061035156,412.3999938964844,412.3999938964844,542685,15,Tuesday,-0.7071067811865471,-0.7071067811865479
2023-03-22 09:15:00+05:30,416.0,418.2999877929688,415.3999938964844,416.25,416.25,0,9,Wednesday,0.7071067811865476,-0.7071067811865475
2023-03-22 10:15:00+05:30,416.1000061035156,416.25,415.0,415.6499938964844,415.6499938964844,626840,10,Wednesday,0.49999999999999994,-0.8660254037844387
2023-03-22 11:15:00+05:30,415.6499938964844,416.0499877929688,414.7999877929688,415.5499877929688,415.5499877929688,436566,11,Wednesday,0.258819045102521,-0.9659258262890682
2023-03-22 12:15:00+05:30,415.5499877929688,416.25,414.5,414.5,414.5,480535,12,Wednesday,1.2246467991473532e-16,-1.0
2023-03-22 13:15:00+05:30,414.5,416.2000122070313,413.7999877929688,416.1499938964844,416.1499938964844,708150,13,Wednesday,-0.2588190451025208,-0.9659258262890683
2023-03-22 14:15:00+05:30,416.1000061035156,416.7999877929688,415.0,416.2000122070313,416.2000122070313,864593,14,Wednesday,-0.4999999999999997,-0.8660254037844388
2023-03-22 15:15:00+05:30,416.2000122070313,416.25,415.4500122070313,415.7000122070313,415.7000122070313,533158,15,Wednesday,-0.7071067811865471,-0.7071067811865479
2023-03-23 09:15:00+05:30,416.5,420.8999938964844,416.1000061035156,419.6000061035156,419.6000061035156,0,9,Thursday,0.7071067811865476,-0.7071067811865475
2023-03-23 10:15:00+05:30,419.7000122070313,422.3999938964844,419.7000122070313,421.75,421.75,1935846,10,Thursday,0.49999999999999994,-0.8660254037844387
2023-03-23 11:15:00+05:30,421.8999938964844,421.9500122070313,420.7000122070313,421.1000061035156,421.1000061035156,751661,11,Thursday,0.258819045102521,-0.9659258262890682
2023-03-23 12:15:00+05:30,420.8999938964844,422.5,420.4500122070313,421.0,421.0,808485,12,Thursday,1.2246467991473532e-16,-1.0
2023-03-23 13:15:00+05:30,420.7999877929688,421.3999938964844,419.6499938964844,420.25,420.25,854084,13,Thursday,-0.2588190451025208,-0.9659258262890683
2023-03-23 14:15:00+05:30,420.2999877929688,420.5,418.2000122070313,418.8999938964844,418.8999938964844,1468288,14,Thursday,-0.4999999999999997,-0.8660254037844388
2023-03-23 15:15:00+05:30,418.8999938964844,419.5499877929688,418.7000122070313,419.1499938964844,419.1499938964844,836083,15,Thursday,-0.7071067811865471,-0.7071067811865479
2023-03-24 09:15:00+05:30,419.1499938964844,420.5,417.0,419.0,419.0,0,9,Friday,0.7071067811865476,-0.7071067811865475
2023-03-24 10:15:00+05:30,418.8500061035156,419.5,416.5,417.9500122070313,417.9500122070313,795728,10,Friday,0.49999999999999994,-0.8660254037844387
2023-03-24 11:15:00+05:30,417.9500122070313,419.2999877929688,417.25,419.1499938964844,419.1499938964844,474268,11,Friday,0.258819045102521,-0.9659258262890682
2023-03-24 12:15:00+05:30,419.1499938964844,420.3500061035156,417.9500122070313,419.3999938964844,419.3999938964844,709947,12,Friday,1.2246467991473532e-16,-1.0
2023-03-24 13:15:00+05:30,419.3999938964844,419.7999877929688,417.3500061035156,418.1499938964844,418.1499938964844,643563,13,Friday,-0.2588190451025208,-0.9659258262890683
2023-03-24 14:15:00+05:30,418.2000122070313,418.25,414.8500061035156,417.1499938964844,417.1499938964844,2138961,14,Friday,-0.4999999999999997,-0.8660254037844388
2023-03-24 15:15:00+05:30,417.2000122070313,417.2999877929688,415.9500122070313,416.5,416.5,854076,15,Friday,-0.7071067811865471,-0.7071067811865479
2023-03-27 09:15:00+05:30,416.1000061035156,418.4500122070313,414.5,415.0499877929688,415.0499877929688,0,9,Monday,0.7071067811865476,-0.7071067811865475
2023-03-27 10:15:00+05:30,415.0499877929688,415.2999877929688,413.8999938964844,414.1000061035156,414.1000061035156,811899,10,Monday,0.49999999999999994,-0.8660254037844387
2023-03-27 11:15:00+05:30,414.1000061035156,415.4500122070313,412.5499877929688,412.6499938964844,412.6499938964844,1301951,11,Monday,0.258819045102521,-0.9659258262890682
2023-03-27 12:15:00+05:30,412.75,413.75,411.6000061035156,411.6000061035156,411.6000061035156,812105,12,Monday,1.2246467991473532e-16,-1.0
2023-03-27 13:15:00+05:30,411.6000061035156,412.1000061035156,410.25,411.1000061035156,411.1000061035156,1011816,13,Monday,-0.2588190451025208,-0.9659258262890683
2023-03-27 14:15:00+05:30,411.1000061035156,413.5,411.0,411.8999938964844,411.8999938964844,1501313,14,Monday,-0.4999999999999997,-0.8660254037844388
2023-03-27 15:15:00+05:30,411.8999938964844,412.75,411.6000061035156,412.5,412.5,592934,15,Monday,-0.7071067811865471,-0.7071067811865479
2023-03-28 09:15:00+05:30,414.1499938964844,414.1499938964844,405.5,407.3999938964844,407.3999938964844,0,9,Tuesday,0.7071067811865476,-0.7071067811865475
2023-03-28 10:15:00+05:30,407.2999877929688,407.8999938964844,404.1000061035156,405.1000061035156,405.1000061035156,1105185,10,Tuesday,0.49999999999999994,-0.8660254037844387
2023-03-28 11:15:00+05:30,404.9500122070313,407.7999877929688,404.5,405.8500061035156,405.8500061035156,945161,11,Tuesday,0.258819045102521,-0.9659258262890682
2023-03-28 12:15:00+05:30,405.7999877929688,407.0,404.6000061035156,404.8999938964844,404.8999938964844,780656,12,Tuesday,1.2246467991473532e-16,-1.0
2023-03-28 13:15:00+05:30,405.0,405.1000061035156,402.8999938964844,403.6000061035156,403.6000061035156,1490422,13,Tuesday,-0.2588190451025208,-0.9659258262890683
2023-03-28 14:15:00+05:30,403.6000061035156,403.8999938964844,401.2000122070313,401.3999938964844,401.3999938964844,1886122,14,Tuesday,-0.4999999999999997,-0.8660254037844388
2023-03-28 15:15:00+05:30,401.3500061035156,402.75,400.5499877929688,401.6000061035156,401.6000061035156,1115236,15,Tuesday,-0.7071067811865471,-0.7071067811865479
2023-03-29 09:15:00+05:30,401.75,407.3999938964844,401.75,406.1000061035156,406.1000061035156,0,9,Wednesday,0.7071067811865476,-0.7071067811865475
2023-03-29 10:15:00+05:30,406.1499938964844,406.8999938964844,405.25,405.8500061035156,405.8500061035156,1038983,10,Wednesday,0.49999999999999994,-0.8660254037844387
2023-03-29 11:15:00+05:30,405.8999938964844,407.1499938964844,404.5499877929688,405.2000122070313,405.2000122070313,952279,11,Wednesday,0.258819045102521,-0.9659258262890682
2023-03-29 12:15:00+05:30,405.0499877929688,405.9500122070313,404.0499877929688,405.7000122070313,405.7000122070313,958617,12,Wednesday,1.2246467991473532e-16,-1.0
2023-03-29 13:15:00+05:30,405.7000122070313,408.25,405.1499938964844,407.9500122070313,407.9500122070313,1437225,13,Wednesday,-0.2588190451025208,-0.9659258262890683
2023-03-29 14:15:00+05:30,407.9500122070313,410.5499877929688,406.3999938964844,409.5,409.5,2580946,14,Wednesday,-0.4999999999999997,-0.8660254037844388
2023-03-29 15:15:00+05:30,409.5,410.2000122070313,408.6499938964844,409.6000061035156,409.6000061035156,1209368,15,Wednesday,-0.7071067811865471,-0.7071067811865479
2023-03-31 09:15:00+05:30,411.5,416.3999938964844,411.3500061035156,416.0,416.0,0,9,Friday,0.7071067811865476,-0.7071067811865475
2023-03-31 10:15:00+05:30,415.9500122070313,419.3999938964844,415.1000061035156,415.2000122070313,415.2000122070313,1833911,10,Friday,0.49999999999999994,-0.8660254037844387
2023-03-31 11:15:00+05:30,415.25,417.5,414.7999877929688,417.1499938964844,417.1499938964844,760240,11,Friday,0.258819045102521,-0.9659258262890682
2023-03-31 12:15:00+05:30,417.2000122070313,418.5499877929688,416.8500061035156,418.1000061035156,418.1000061035156,1507881,12,Friday,1.2246467991473532e-16,-1.0
2023-03-31 13:15:00+05:30,418.1000061035156,421.75,417.7999877929688,421.0499877929688,421.0499877929688,1556466,13,Friday,-0.2588190451025208,-0.9659258262890683
2023-03-31 14:15:00+05:30,421.25,421.75,419.0499877929688,420.7000122070313,420.7000122070313,1554695,14,Friday,-0.4999999999999997,-0.8660254037844388
2023-03-31 15:15:00+05:30,420.6000061035156,421.3500061035156,420.2999877929688,420.9500122070313,420.9500122070313,787538,15,Friday,-0.7071067811865471,-0.7071067811865479
2023-04-03 09:15:00+05:30,422.9500122070313,423.4500122070313,420.1499938964844,421.1000061035156,421.1000061035156,0,9,Monday,0.7071067811865476,-0.7071067811865475
2023-04-03 10:15:00+05:30,421.3500061035156,423.2000122070313,420.7999877929688,422.7999877929688,422.7999877929688,1042085,10,Monday,0.49999999999999994,-0.8660254037844387
2023-04-03 11:15:00+05:30,422.75,423.0,422.3500061035156,422.4500122070313,422.4500122070313,422280,11,Monday,0.258819045102521,-0.9659258262890682
2023-04-03 12:15:00+05:30,422.4500122070313,422.7999877929688,419.8500061035156,420.0499877929688,420.0499877929688,620142,12,Monday,1.2246467991473532e-16,-1.0
2023-04-03 13:15:00+05:30,420.2000122070313,420.7999877929688,419.5499877929688,420.6000061035156,420.6000061035156,599923,13,Monday,-0.2588190451025208,-0.9659258262890683
2023-04-03 14:15:00+05:30,420.5499877929688,424.9500122070313,420.5,424.0,424.0,1544073,14,Monday,-0.4999999999999997,-0.8660254037844388
2023-04-03 15:15:00+05:30,424.0,424.5,423.8500061035156,424.2999877929688,424.2999877929688,528030,15,Monday,-0.7071067811865471,-0.7071067811865479
2023-04-05 09:15:00+05:30,423.3999938964844,426.3500061035156,423.1499938964844,424.9500122070313,424.9500122070313,0,9,Wednesday,0.7071067811865476,-0.7071067811865475
2023-04-05 10:15:00+05:30,424.9500122070313,426.9500122070313,424.0,425.2000122070313,425.2000122070313,1558388,10,Wednesday,0.49999999999999994,-0.8660254037844387
2023-04-05 11:15:00+05:30,425.2000122070313,426.2000122070313,424.6000061035156,426.0,426.0,766031,11,Wednesday,0.258819045102521,-0.9659258262890682
2023-04-05 12:15:00+05:30,426.0,428.0,425.6000061035156,427.5499877929688,427.5499877929688,1039332,12,Wednesday,1.2246467991473532e-16,-1.0
2023-04-05 13:15:00+05:30,427.6000061035156,428.75,426.7999877929688,428.1000061035156,428.1000061035156,1197948,13,Wednesday,-0.2588190451025208,-0.9659258262890683
2023-04-05 14:15:00+05:30,428.1499938964844,428.2000122070313,426.25,426.2999877929688,426.2999877929688,1171611,14,Wednesday,-0.4999999999999997,-0.8660254037844388
2023-04-05 15:15:00+05:30,426.2999877929688,427.0,426.1000061035156,426.5499877929688,426.5499877929688,519926,15,Wednesday,-0.7071067811865471,-0.7071067811865479
2023-04-06 09:15:00+05:30,427.25,427.2999877929688,423.75,427.1499938964844,427.1499938964844,0,9,Thursday,0.7071067811865476,-0.7071067811865475
2023-04-06 10:15:00+05:30,427.2000122070313,428.8500061035156,426.8999938964844,428.5,428.5,899448,10,Thursday,0.49999999999999994,-0.8660254037844387
2023-04-06 11:15:00+05:30,428.6499938964844,434.0,427.9500122070313,433.1000061035156,433.1000061035156,1894759,11,Thursday,0.258819045102521,-0.9659258262890682
2023-04-06 12:15:00+05:30,433.1000061035156,437.7999877929688,433.1000061035156,437.0,437.0,1618225,12,Thursday,1.2246467991473532e-16,-1.0
2023-04-06 13:15:00+05:30,437.0499877929688,439.2999877929688,435.7000122070313,436.8999938964844,436.8999938964844,2588049,13,Thursday,-0.2588190451025208,-0.9659258262890683
2023-04-06 14:15:00+05:30,436.75,438.7000122070313,436.2999877929688,437.5499877929688,437.5499877929688,1587790,14,Thursday,-0.4999999999999997,-0.8660254037844388
2023-04-06 15:15:00+05:30,437.5499877929688,438.0499877929688,437.0,437.0,437.0,905349,15,Thursday,-0.7071067811865471,-0.7071067811865479
2023-04-10 09:15:00+05:30,452.0,473.2999877929688,452.0,470.3999938964844,470.3999938964844,14087887,9,Monday,0.7071067811865476,-0.7071067811865475
2023-04-10 10:15:00+05:30,470.4500122070313,470.7000122070313,462.5499877929688,464.2000122070313,464.2000122070313,8847228,10,Monday,0.49999999999999994,-0.8660254037844387
2023-04-10 11:15:00+05:30,464.2000122070313,465.5,462.8500061035156,463.25,463.25,3849574,11,Monday,0.258819045102521,-0.9659258262890682
2023-04-10 12:15:00+05:30,463.25,464.2999877929688,460.7000122070313,460.9500122070313,460.9500122070313,3146496,12,Monday,1.2246467991473532e-16,-1.0
2023-04-10 13:15:00+05:30,460.9500122070313,462.25,459.1499938964844,460.0,460.0,3833301,13,Monday,-0.2588190451025208,-0.9659258262890683
2023-04-10 14:15:00+05:30,460.1000061035156,463.5,459.25,461.4500122070313,461.4500122070313,3725302,14,Monday,-0.4999999999999997,-0.8660254037844388
2023-04-10 15:15:00+05:30,461.4500122070313,462.0,460.3999938964844,461.2000122070313,461.2000122070313,2052251,15,Monday,-0.7071067811865471,-0.7071067811865479
2023-04-11 09:15:00+05:30,463.3500061035156,463.75,458.6000061035156,462.2999877929688,462.2999877929688,4209603,9,Tuesday,0.7071067811865476,-0.7071067811865475
2023-04-11 10:15:00+05:30,462.2000122070313,462.3500061035156,459.0,459.6000061035156,459.6000061035156,1701400,10,Tuesday,0.49999999999999994,-0.8660254037844387
2023-04-11 11:15:00+05:30,459.6000061035156,459.75,455.7999877929688,456.8999938964844,456.8999938964844,2451811,11,Tuesday,0.258819045102521,-0.9659258262890682
2023-04-11 12:15:00+05:30,456.8999938964844,458.6000061035156,456.6499938964844,457.1000061035156,457.1000061035156,1664397,12,Tuesday,1.2246467991473532e-16,-1.0
2023-04-11 13:15:00+05:30,457.0,458.0,456.6000061035156,457.5,457.5,1228632,13,Tuesday,-0.2588190451025208,-0.9659258262890683
2023-04-11 14:15:00+05:30,457.5,459.2000122070313,456.7999877929688,458.6000061035156,458.6000061035156,2316889,14,Tuesday,-0.4999999999999997,-0.8660254037844388
2023-04-11 15:15:00+05:30,458.6000061035156,459.5499877929688,458.25,459.3999938964844,459.3999938964844,911677,15,Tuesday,-0.7071067811865471,-0.7071067811865479
2023-04-12 09:15:00+05:30,458.8500061035156,461.8999938964844,458.5,460.2999877929688,460.2999877929688,0,9,Wednesday,0.7071067811865476,-0.7071067811865475
2023-04-12 10:15:00+05:30,460.2999877929688,468.5499877929688,460.0499877929688,464.8500061035156,464.8500061035156,4634071,10,Wednesday,0.49999999999999994,-0.8660254037844387
2023-04-12 11:15:00+05:30,464.8999938964844,466.2999877929688,463.1000061035156,463.5,463.5,1401499,11,Wednesday,0.258819045102521,-0.9659258262890682
2023-04-12 12:15:00+05:30,463.5,464.8500061035156,463.3500061035156,464.4500122070313,464.4500122070313,805259,12,Wednesday,1.2246467991473532e-16,-1.0
2023-04-12 13:15:00+05:30,464.3999938964844,466.2000122070313,464.3999938964844,465.25,465.25,1290942,13,Wednesday,-0.2588190451025208,-0.9659258262890683
2023-04-12 14:15:00+05:30,465.3999938964844,465.7000122070313,463.0499877929688,465.3500061035156,465.3500061035156,1913399,14,Wednesday,-0.4999999999999997,-0.8660254037844388
2023-04-12 15:15:00+05:30,465.5,466.1000061035156,464.2999877929688,464.2999877929688,464.2999877929688,1035194,15,Wednesday,-0.7071067811865471,-0.7071067811865479
2023-04-13 09:15:00+05:30,464.5,467.8999938964844,463.3999938964844,465.3500061035156,465.3500061035156,0,9,Thursday,0.7071067811865476,-0.7071067811865475
2023-04-13 10:15:00+05:30,465.3500061035156,467.5,464.7000122070313,466.3999938964844,466.3999938964844,1395757,10,Thursday,0.49999999999999994,-0.8660254037844387
2023-04-13 11:15:00+05:30,466.4500122070313,468.3500061035156,466.0499877929688,467.3999938964844,467.3999938964844,1341884,11,Thursday,0.258819045102521,-0.9659258262890682
2023-04-13 12:15:00+05:30,467.3999938964844,472.0,466.5,470.8500061035156,470.8500061035156,3056355,12,Thursday,1.2246467991473532e-16,-1.0
2023-04-13 13:15:00+05:30,470.9500122070313,471.4500122070313,468.5,469.3500061035156,469.3500061035156,1562729,13,Thursday,-0.2588190451025208,-0.9659258262890683
2023-04-13 14:15:00+05:30,469.3500061035156,470.75,468.5,469.25,469.25,1786891,14,Thursday,-0.4999999999999997,-0.8660254037844388
2023-04-13 15:15:00+05:30,469.3500061035156,470.0,468.4500122070313,469.0,469.0,1049977,15,Thursday,-0.7071067811865471,-0.7071067811865479
2023-04-17 09:15:00+05:30,470.8999938964844,472.7999877929688,465.9500122070313,467.4500122070313,467.4500122070313,0,9,Monday,0.7071067811865476,-0.7071067811865475
2023-04-17 10:15:00+05:30,467.2999877929688,470.25,467.2000122070313,469.6000061035156,469.6000061035156,1236432,10,Monday,0.49999999999999994,-0.8660254037844387
2023-04-17 11:15:00+05:30,469.4500122070313,470.25,469.0,469.9500122070313,469.9500122070313,636102,11,Monday,0.258819045102521,-0.9659258262890682
2023-04-17 12:15:00+05:30,469.9500122070313,472.6000061035156,469.75,471.7999877929688,471.7999877929688,1372881,12,Monday,1.2246467991473532e-16,-1.0
2023-04-17 13:15:00+05:30,471.75,471.7999877929688,470.0,470.6499938964844,470.6499938964844,1038913,13,Monday,-0.2588190451025208,-0.9659258262890683
2023-04-17 14:15:00+05:30,470.5499877929688,472.3500061035156,470.1000061035156,472.0,472.0,1487362,14,Monday,-0.4999999999999997,-0.8660254037844388
2023-04-17 15:15:00+05:30,471.8999938964844,472.7000122070313,471.4500122070313,472.0,472.0,990452,15,Monday,-0.7071067811865471,-0.7071067811865479
2023-04-18 09:15:00+05:30,474.9500122070313,483.2999877929688,473.75,476.2000122070313,476.2000122070313,0,9,Tuesday,0.7071067811865476,-0.7071067811865475
2023-04-18 10:15:00+05:30,476.1000061035156,476.2000122070313,473.5,474.7000122070313,474.7000122070313,1954877,10,Tuesday,0.49999999999999994,-0.8660254037844387
2023-04-18 11:15:00+05:30,474.7000122070313,476.0,473.5499877929688,476.0,476.0,1309930,11,Tuesday,0.258819045102521,-0.9659258262890682
2023-04-18 12:15:00+05:30,476.0,476.6499938964844,474.2999877929688,474.5,474.5,999483,12,Tuesday,1.2246467991473532e-16,-1.0
2023-04-18 13:15:00+05:30,474.6000061035156,475.0499877929688,468.2000122070313,470.8999938964844,470.8999938964844,2066361,13,Tuesday,-0.2588190451025208,-0.9659258262890683
2023-04-18 14:15:00+05:30,470.7999877929688,473.7999877929688,470.5499877929688,473.6000061035156,473.6000061035156,1862141,14,Tuesday,-0.4999999999999997,-0.8660254037844388
2023-04-18 15:15:00+05:30,473.5499877929688,473.6000061035156,472.1000061035156,472.3999938964844,472.3999938964844,951475,15,Tuesday,-0.7071067811865471,-0.7071067811865479
2023-04-19 09:15:00+05:30,473.8999938964844,475.5,471.3500061035156,473.1499938964844,473.1499938964844,0,9,Wednesday,0.7071067811865476,-0.7071067811865475
2023-04-19 10:15:00+05:30,472.9500122070313,475.2999877929688,472.9500122070313,474.6000061035156,474.6000061035156,1098527,10,Wednesday,0.49999999999999994,-0.8660254037844387
2023-04-19 11:15:00+05:30,474.6000061035156,474.6499938964844,473.6000061035156,474.0,474.0,473847,11,Wednesday,0.258819045102521,-0.9659258262890682
2023-04-19 12:15:00+05:30,473.8999938964844,474.2000122070313,471.6000061035156,472.4500122070313,472.4500122070313,694699,12,Wednesday,1.2246467991473532e-16,-1.0
2023-04-19 13:15:00+05:30,472.4500122070313,472.7000122070313,468.25,468.4500122070313,468.4500122070313,1126938,13,Wednesday,-0.2588190451025208,-0.9659258262890683
2023-04-19 14:15:00+05:30,468.5,470.5,467.8500061035156,469.7999877929688,469.7999877929688,1164487,14,Wednesday,-0.4999999999999997,-0.8660254037844388
2023-04-19 15:15:00+05:30,469.7999877929688,470.0,468.5,469.2999877929688,469.2999877929688,652886,15,Wednesday,-0.7071067811865471,-0.7071067811865479
2023-04-20 09:15:00+05:30,470.2999877929688,474.6000061035156,469.3999938964844,473.7000122070313,473.7000122070313,4591644,9,Thursday,0.7071067811865476,-0.7071067811865475
2023-04-20 10:15:00+05:30,473.7000122070313,475.0,472.5,474.0499877929688,474.0499877929688,1852057,10,Thursday,0.49999999999999994,-0.8660254037844387
2023-04-20 11:15:00+05:30,474.0,475.3999938964844,473.7999877929688,474.3999938964844,474.3999938964844,1598003,11,Thursday,0.258819045102521,-0.9659258262890682
2023-04-20 12:15:00+05:30,474.3500061035156,475.1000061035156,471.7999877929688,472.75,472.75,1610996,12,Thursday,1.2246467991473532e-16,-1.0
2023-04-20 13:15:00+05:30,472.5499877929688,474.0,472.5499877929688,473.0499877929688,473.0499877929688,842306,13,Thursday,-0.2588190451025208,-0.9659258262890683
2023-04-20 14:15:00+05:30,473.0,479.6000061035156,473.0,477.6000061035156,477.6000061035156,2691826,14,Thursday,-0.4999999999999997,-0.8660254037844388
2023-04-20 15:15:00+05:30,477.6000061035156,477.6000061035156,475.3500061035156,475.5,475.5,1071909,15,Thursday,-0.7071067811865471,-0.7071067811865479
2023-04-21 09:15:00+05:30,476.3999938964844,476.4500122070313,470.6499938964844,471.3999938964844,471.3999938964844,0,9,Friday,0.7071067811865476,-0.7071067811865475
2023-04-21 10:15:00+05:30,471.4500122070313,471.7000122070313,467.6000061035156,469.4500122070313,469.4500122070313,1439008,10,Friday,0.49999999999999994,-0.8660254037844387
2023-04-21 11:15:00+05:30,469.4500122070313,470.2999877929688,468.1000061035156,468.6499938964844,468.6499938964844,752529,11,Friday,0.258819045102521,-0.9659258262890682
2023-04-21 12:15:00+05:30,468.5,469.2999877929688,467.25,468.0,468.0,960456,12,Friday,1.2246467991473532e-16,-1.0
2023-04-21 13:15:00+05:30,468.0,471.0,467.75,470.7000122070313,470.7000122070313,1097588,13,Friday,-0.2588190451025208,-0.9659258262890683
2023-04-21 14:15:00+05:30,470.7999877929688,472.5,470.2999877929688,471.2000122070313,471.2000122070313,1392772,14,Friday,-0.4999999999999997,-0.8660254037844388
2023-04-21 15:15:00+05:30,471.25,471.5,470.5,471.2000122070313,471.2000122070313,726074,15,Friday,-0.7071067811865471,-0.7071067811865479
2023-04-24 09:15:00+05:30,471.2000122070313,472.75,468.2999877929688,469.7000122070313,469.7000122070313,0,9,Monday,0.7071067811865476,-0.7071067811865475
2023-04-24 10:15:00+05:30,469.7000122070313,471.8500061035156,469.2000122070313,470.9500122070313,470.9500122070313,781821,10,Monday,0.49999999999999994,-0.8660254037844387
2023-04-24 11:15:00+05:30,470.9500122070313,473.0,470.25,472.4500122070313,472.4500122070313,1144622,11,Monday,0.258819045102521,-0.9659258262890682
2023-04-24 12:15:00+05:30,472.4500122070313,473.4500122070313,472.0499877929688,473.0,473.0,922426,12,Monday,1.2246467991473532e-16,-1.0
2023-04-24 13:15:00+05:30,473.0,474.3999938964844,472.8500061035156,474.25,474.25,856869,13,Monday,-0.2588190451025208,-0.9659258262890683
2023-04-24 14:15:00+05:30,474.25,476.0,474.0,475.2000122070313,475.2000122070313,1576104,14,Monday,-0.4999999999999997,-0.8660254037844388
2023-04-24 15:15:00+05:30,475.1499938964844,476.0,474.1499938964844,474.3999938964844,474.3999938964844,789382,15,Monday,-0.7071067811865471,-0.7071067811865479
2023-04-25 09:15:00+05:30,475.25,476.3500061035156,473.2000122070313,474.3500061035156,474.3500061035156,0,9,Tuesday,0.7071067811865476,-0.7071067811865475
2023-04-25 10:15:00+05:30,474.2000122070313,474.3999938964844,472.1499938964844,474.2000122070313,474.2000122070313,902237,10,Tuesday,0.49999999999999994,-0.8660254037844387
2023-04-25 11:15:00+05:30,474.25,476.2000122070313,474.2000122070313,474.8999938964844,474.8999938964844,986445,11,Tuesday,0.258819045102521,-0.9659258262890682
2023-04-25 12:15:00+05:30,474.8999938964844,476.0,473.5,474.8999938964844,474.8999938964844,758005,12,Tuesday,1.2246467991473532e-16,-1.0
2023-04-25 13:15:00+05:30,474.8500061035156,475.3999938964844,473.3999938964844,475.2000122070313,475.2000122070313,736501,13,Tuesday,-0.2588190451025208,-0.9659258262890683
2023-04-25 14:15:00+05:30,475.1499938964844,475.4500122070313,473.3999938964844,473.9500122070313,473.9500122070313,1118329,14,Tuesday,-0.4999999999999997,-0.8660254037844388
2023-04-25 15:15:00+05:30,473.7999877929688,474.0,471.8999938964844,473.5499877929688,473.5499877929688,0,15,Tuesday,-0.7071067811865471,-0.7071067811865479
2023-04-26 09:15:00+05:30,473.4500122070313,477.5,472.6000061035156,477.2999877929688,477.2999877929688,0,9,Wednesday,0.7071067811865476,-0.7071067811865475
2023-04-26 10:15:00+05:30,477.2999877929688,477.3999938964844,475.3999938964844,475.75,475.75,800008,10,Wednesday,0.49999999999999994,-0.8660254037844387
2023-04-26 11:15:00+05:30,475.6499938964844,478.2999877929688,475.6499938964844,478.0,478.0,1078471,11,Wednesday,0.258819045102521,-0.9659258262890682
2023-04-26 12:15:00+05:30,478.1000061035156,479.5,477.2999877929688,478.6499938964844,478.6499938964844,1224651,12,Wednesday,1.2246467991473532e-16,-1.0
2023-04-26 13:15:00+05:30,478.6499938964844,479.2999877929688,477.6000061035156,478.6499938964844,478.6499938964844,615884,13,Wednesday,-0.2588190451025208,-0.9659258262890683
2023-04-26 14:15:00+05:30,478.6499938964844,478.7999877929688,477.5,478.4500122070313,478.4500122070313,1107034,14,Wednesday,-0.4999999999999997,-0.8660254037844388
2023-04-26 15:15:00+05:30,478.3999938964844,478.5499877929688,477.0,477.0,477.0,749171,15,Wednesday,-0.7071067811865471,-0.7071067811865479
2023-04-27 09:15:00+05:30,478.5,481.8999938964844,476.5,479.7000122070313,479.7000122070313,2034618,9,Thursday,0.7071067811865476,-0.7071067811865475
2023-04-27 10:15:00+05:30,479.7000122070313,480.75,479.1000061035156,480.0499877929688,480.0499877929688,787072,10,Thursday,0.49999999999999994,-0.8660254037844387
2023-04-27 11:15:00+05:30,480.2000122070313,481.5,480.0499877929688,480.3500061035156,480.3500061035156,799834,11,Thursday,0.258819045102521,-0.9659258262890682
2023-04-27 12:15:00+05:30,480.2999877929688,480.9500122070313,480.0,480.8500061035156,480.8500061035156,597163,12,Thursday,1.2246467991473532e-16,-1.0
2023-04-27 13:15:00+05:30,480.7999877929688,481.75,480.6499938964844,481.0,481.0,874910,13,Thursday,-0.2588190451025208,-0.9659258262890683
2023-04-27 14:15:00+05:30,480.9500122070313,482.0,480.0,481.7000122070313,481.7000122070313,1371234,14,Thursday,-0.4999999999999997,-0.8660254037844388
2023-04-27 15:15:00+05:30,481.5,482.0,480.8999938964844,481.0,481.0,617903,15,Thursday,-0.7071067811865471,-0.7071067811865479
2023-04-28 09:15:00+05:30,481.7000122070313,483.4500122070313,478.75,482.0,482.0,2217632,9,Friday,0.7071067811865476,-0.7071067811865475
2023-04-28 10:15:00+05:30,482.1000061035156,486.7999877929688,481.7000122070313,486.2999877929688,486.2999877929688,2201240,10,Friday,0.49999999999999994,-0.8660254037844387
2023-04-28 11:15:00+05:30,486.1499938964844,488.0,485.3999938964844,486.8500061035156,486.8500061035156,1474311,11,Friday,0.258819045102521,-0.9659258262890682
2023-04-28 12:15:00+05:30,486.7999877929688,487.0,485.3999938964844,486.1499938964844,486.1499938964844,770886,12,Friday,1.2246467991473532e-16,-1.0
2023-04-28 13:15:00+05:30,486.1000061035156,486.2000122070313,483.5499877929688,484.1000061035156,484.1000061035156,852968,13,Friday,-0.2588190451025208,-0.9659258262890683
2023-04-28 14:15:00+05:30,484.1000061035156,485.0,482.5,484.5499877929688,484.5499877929688,1462496,14,Friday,-0.4999999999999997,-0.8660254037844388
2023-04-28 15:15:00+05:30,484.5499877929688,486.3500061035156,484.0,484.0,484.0,965447,15,Friday,-0.7071067811865471,-0.7071067811865479
2023-05-02 09:15:00+05:30,482.3999938964844,484.0,474.6000061035156,477.75,477.75,0,9,Tuesday,0.7071067811865476,-0.7071067811865475
2023-05-02 10:15:00+05:30,477.7999877929688,480.25,477.5499877929688,478.25,478.25,2013122,10,Tuesday,0.49999999999999994,-0.8660254037844387
2023-05-02 11:15:00+05:30,478.1499938964844,479.4500122070313,477.7000122070313,479.2999877929688,479.2999877929688,735597,11,Tuesday,0.258819045102521,-0.9659258262890682
2023-05-02 12:15:00+05:30,479.3999938964844,480.5499877929688,478.6499938964844,480.2999877929688,480.2999877929688,1024172,12,Tuesday,1.2246467991473532e-16,-1.0
2023-05-02 13:15:00+05:30,480.2999877929688,481.7000122070313,479.0499877929688,481.1000061035156,481.1000061035156,1120294,13,Tuesday,-0.2588190451025208,-0.9659258262890683
2023-05-02 14:15:00+05:30,481.1499938964844,481.5,478.9500122070313,480.75,480.75,1757785,14,Tuesday,-0.4999999999999997,-0.8660254037844388
2023-05-02 15:15:00+05:30,480.6499938964844,480.8999938964844,479.6499938964844,480.25,480.25,845420,15,Tuesday,-0.7071067811865471,-0.7071067811865479
2023-05-03 09:15:00+05:30,480.2000122070313,483.5499877929688,477.8999938964844,480.8999938964844,480.8999938964844,0,9,Wednesday,0.7071067811865476,-0.7071067811865475
2023-05-03 10:15:00+05:30,480.7000122070313,481.4500122070313,479.3500061035156,480.0499877929688,480.0499877929688,667137,10,Wednesday,0.49999999999999994,-0.8660254037844387
2023-05-03 11:15:00+05:30,480.1000061035156,481.8500061035156,479.5,481.7999877929688,481.7999877929688,650265,11,Wednesday,0.258819045102521,-0.9659258262890682
2023-05-03 12:15:00+05:30,481.7000122070313,482.3999938964844,480.7999877929688,481.25,481.25,603587,12,Wednesday,1.2246467991473532e-16,-1.0
2023-05-03 13:15:00+05:30,481.25,481.7999877929688,478.6000061035156,479.8999938964844,479.8999938964844,689773,13,Wednesday,-0.2588190451025208,-0.9659258262890683
2023-05-03 14:15:00+05:30,479.8999938964844,485.1000061035156,479.7999877929688,483.75,483.75,2632677,14,Wednesday,-0.4999999999999997,-0.8660254037844388
2023-05-03 15:15:00+05:30,483.75,484.75,483.4500122070313,483.7999877929688,483.7999877929688,1199608,15,Wednesday,-0.7071067811865471,-0.7071067811865479
2023-05-04 09:15:00+05:30,483.7000122070313,486.3999938964844,482.0499877929688,483.3999938964844,483.3999938964844,1631266,9,Thursday,0.7071067811865476,-0.7071067811865475
2023-05-04 10:15:00+05:30,483.3999938964844,483.6499938964844,482.2000122070313,483.2000122070313,483.2000122070313,416368,10,Thursday,0.49999999999999994,-0.8660254037844387
2023-05-04 11:15:00+05:30,483.1499938964844,484.0,481.5499877929688,481.8999938964844,481.8999938964844,518804,11,Thursday,0.258819045102521,-0.9659258262890682
2023-05-04 12:15:00+05:30,481.8500061035156,483.2000122070313,480.5,482.7000122070313,482.7000122070313,609693,12,Thursday,1.2246467991473532e-16,-1.0
2023-05-04 13:15:00+05:30,482.7999877929688,483.8500061035156,480.1499938964844,480.3999938964844,480.3999938964844,904180,13,Thursday,-0.2588190451025208,-0.9659258262890683
2023-05-04 14:15:00+05:30,480.3500061035156,481.4500122070313,478.75,480.7000122070313,480.7000122070313,1069776,14,Thursday,-0.4999999999999997,-0.8660254037844388
2023-05-04 15:15:00+05:30,480.6499938964844,481.5,480.0,481.2999877929688,481.2999877929688,498682,15,Thursday,-0.7071067811865471,-0.7071067811865479
2023-05-05 09:15:00+05:30,481.4500122070313,482.6000061035156,480.4500122070313,481.8999938964844,481.8999938964844,0,9,Friday,0.7071067811865476,-0.7071067811865475
2023-05-05 10:15:00+05:30,482.0,484.5,481.75,482.7999877929688,482.7999877929688,967581,10,Friday,0.49999999999999994,-0.8660254037844387
2023-05-05 11:15:00+05:30,482.7999877929688,482.7999877929688,479.5499877929688,480.3500061035156,480.3500061035156,762737,11,Friday,0.258819045102521,-0.9659258262890682
2023-05-05 12:15:00+05:30,480.5,481.3500061035156,479.1000061035156,480.9500122070313,480.9500122070313,497549,12,Friday,1.2246467991473532e-16,-1.0
2023-05-05 13:15:00+05:30,480.75,481.1499938964844,479.3500061035156,480.5,480.5,386515,13,Friday,-0.2588190451025208,-0.9659258262890683
2023-05-05 14:15:00+05:30,480.3500061035156,481.25,477.0,477.2000122070313,477.2000122070313,797464,14,Friday,-0.4999999999999997,-0.8660254037844388
2023-05-05 15:15:00+05:30,477.1000061035156,477.2999877929688,476.2999877929688,477.1000061035156,477.1000061035156,0,15,Friday,-0.7071067811865471,-0.7071067811865479
2023-05-08 09:15:00+05:30,480.2999877929688,484.8999938964844,479.1499938964844,484.0,484.0,0,9,Monday,0.7071067811865476,-0.7071067811865475
2023-05-08 10:15:00+05:30,483.8999938964844,489.7999877929688,483.8999938964844,489.2999877929688,489.2999877929688,2927937,10,Monday,0.49999999999999994,-0.8660254037844387
2023-05-08 11:15:00+05:30,489.1000061035156,498.7999877929688,488.9500122070313,498.5,498.5,5058116,11,Monday,0.258819045102521,-0.9659258262890682
2023-05-08 12:15:00+05:30,498.5499877929688,500.0,497.0,498.8500061035156,498.8500061035156,4734238,12,Monday,1.2246467991473532e-16,-1.0
2023-05-08 13:15:00+05:30,498.8999938964844,499.6499938964844,496.2999877929688,496.6000061035156,496.6000061035156,2511421,13,Monday,-0.2588190451025208,-0.9659258262890683
2023-05-08 14:15:00+05:30,496.6000061035156,501.7000122070313,495.6499938964844,501.3500061035156,501.3500061035156,4410196,14,Monday,-0.4999999999999997,-0.8660254037844388
2023-05-08 15:15:00+05:30,501.25,502.2000122070313,500.2000122070313,500.5,500.5,2340446,15,Monday,-0.7071067811865471,-0.7071067811865479
2023-05-09 09:15:00+05:30,502.0,512.7000122070312,501.7000122070313,509.0,509.0,8653180,9,Tuesday,0.7071067811865476,-0.7071067811865475
2023-05-09 10:15:00+05:30,509.0499877929688,511.25,508.0,509.25,509.25,2383130,10,Tuesday,0.49999999999999994,-0.8660254037844387
2023-05-09 11:15:00+05:30,509.2999877929688,509.8999938964844,505.4500122070313,505.5,505.5,2372136,11,Tuesday,0.258819045102521,-0.9659258262890682
2023-05-09 12:15:00+05:30,505.5,508.0,505.0,505.7000122070313,505.7000122070313,1828577,12,Tuesday,1.2246467991473532e-16,-1.0
2023-05-09 13:15:00+05:30,505.7999877929688,507.0,503.3999938964844,505.1000061035156,505.1000061035156,1782234,13,Tuesday,-0.2588190451025208,-0.9659258262890683
2023-05-09 14:15:00+05:30,505.1000061035156,505.1000061035156,502.9500122070313,503.6000061035156,503.6000061035156,1770466,14,Tuesday,-0.4999999999999997,-0.8660254037844388
2023-05-09 15:15:00+05:30,503.5,504.8999938964844,503.0,504.8999938964844,504.8999938964844,1022407,15,Tuesday,-0.7071067811865471,-0.7071067811865479
2023-05-10 09:15:00+05:30,508.0,512.8499755859375,505.25,507.3999938964844,507.3999938964844,4672720,9,Wednesday,0.7071067811865476,-0.7071067811865475
2023-05-10 10:15:00+05:30,507.3999938964844,507.5,506.0499877929688,506.5499877929688,506.5499877929688,1097891,10,Wednesday,0.49999999999999994,-0.8660254037844387
2023-05-10 11:15:00+05:30,506.4500122070313,506.7999877929688,504.3999938964844,505.4500122070313,505.4500122070313,1480735,11,Wednesday,0.258819045102521,-0.9659258262890682
2023-05-10 12:15:00+05:30,505.5,507.0,505.0499877929688,506.3500061035156,506.3500061035156,996024,12,Wednesday,1.2246467991473532e-16,-1.0
2023-05-10 13:15:00+05:30,506.3500061035156,509.8999938964844,504.75,508.8500061035156,508.8500061035156,1518032,13,Wednesday,-0.2588190451025208,-0.9659258262890683
2023-05-10 14:15:00+05:30,508.6000061035156,510.0,507.0,509.8999938964844,509.8999938964844,1741897,14,Wednesday,-0.4999999999999997,-0.8660254037844388
2023-05-10 15:15:00+05:30,509.8999938964844,510.25,509.1499938964844,509.5,509.5,0,15,Wednesday,-0.7071067811865471,-0.7071067811865479
2023-05-11 09:15:00+05:30,511.2000122070313,512.0,507.5499877929688,509.75,509.75,2463653,9,Thursday,0.7071067811865476,-0.7071067811865475
2023-05-11 10:15:00+05:30,509.5499877929688,510.1000061035156,506.0,507.1000061035156,507.1000061035156,1607007,10,Thursday,0.49999999999999994,-0.8660254037844387
2023-05-11 11:15:00+05:30,507.1000061035156,507.6000061035156,505.5,506.2999877929688,506.2999877929688,1193781,11,Thursday,0.258819045102521,-0.9659258262890682
2023-05-11 12:15:00+05:30,506.2999877929688,512.0,506.0499877929688,511.25,511.25,1473540,12,Thursday,1.2246467991473532e-16,-1.0
2023-05-11 13:15:00+05:30,511.3999938964844,514.0999755859375,510.5,511.4500122070313,511.4500122070313,2189248,13,Thursday,-0.2588190451025208,-0.9659258262890683
2023-05-11 14:15:00+05:30,511.5499877929688,512.25,509.2999877929688,511.9500122070313,511.9500122070313,1650812,14,Thursday,-0.4999999999999997,-0.8660254037844388
2023-05-11 15:15:00+05:30,511.9500122070313,512.2999877929688,511.2999877929688,511.9500122070313,511.9500122070313,868044,15,Thursday,-0.7071067811865471,-0.7071067811865479
2023-05-12 09:15:00+05:30,513.7999877929688,520.0,512.4500122070312,518.7000122070312,518.7000122070312,5249376,9,Friday,0.7071067811865476,-0.7071067811865475
2023-05-12 10:15:00+05:30,518.7999877929688,520.4500122070312,513.75,515.4500122070312,515.4500122070312,3252991,10,Friday,0.49999999999999994,-0.8660254037844387
2023-05-12 11:15:00+05:30,515.4500122070312,515.5499877929688,510.2999877929688,513.0,513.0,2119300,11,Friday,0.258819045102521,-0.9659258262890682
2023-05-12 12:15:00+05:30,512.9000244140625,515.0,512.25,514.4500122070312,514.4500122070312,1486109,12,Friday,1.2246467991473532e-16,-1.0
2023-05-12 13:15:00+05:30,514.4500122070312,518.0499877929688,512.5,516.8499755859375,516.8499755859375,2745775,13,Friday,-0.2588190451025208,-0.9659258262890683
2023-05-12 14:15:00+05:30,516.9000244140625,519.25,515.4000244140625,517.0,517.0,3378207,14,Friday,-0.4999999999999997,-0.8660254037844388
2023-05-12 15:15:00+05:30,516.9500122070312,517.5,512.0,513.7999877929688,513.7999877929688,1516441,15,Friday,-0.7071067811865471,-0.7071067811865479
2023-05-15 09:15:00+05:30,523.0,535.5499877929688,523.0,532.9000244140625,532.9000244140625,0,9,Monday,0.7071067811865476,-0.7071067811865475
2023-05-15 10:15:00+05:30,532.9500122070312,534.5,530.5999755859375,532.2000122070312,532.2000122070312,4924286,10,Monday,0.49999999999999994,-0.8660254037844387
2023-05-15 11:15:00+05:30,532.1500244140625,532.7999877929688,529.5,531.6500244140625,531.6500244140625,3367694,11,Monday,0.258819045102521,-0.9659258262890682
2023-05-15 12:15:00+05:30,531.5,532.4500122070312,529.7000122070312,531.0999755859375,531.0999755859375,2059762,12,Monday,1.2246467991473532e-16,-1.0
2023-05-15 13:15:00+05:30,531.1500244140625,533.9000244140625,529.7999877929688,533.0999755859375,533.0999755859375,2764116,13,Monday,-0.2588190451025208,-0.9659258262890683
2023-05-15 14:15:00+05:30,533.0999755859375,534.75,530.4000244140625,530.6500244140625,530.6500244140625,4669708,14,Monday,-0.4999999999999997,-0.8660254037844388
2023-05-15 15:15:00+05:30,530.5,530.7999877929688,529.75,530.5499877929688,530.5499877929688,1585559,15,Monday,-0.7071067811865471,-0.7071067811865479
2023-05-16 09:15:00+05:30,532.8499755859375,535.9500122070312,528.7999877929688,533.0999755859375,533.0999755859375,5775592,9,Tuesday,0.7071067811865476,-0.7071067811865475
2023-05-16 10:15:00+05:30,533.2000122070312,534.0,531.9500122070312,532.4000244140625,532.4000244140625,1466852,10,Tuesday,0.49999999999999994,-0.8660254037844387
2023-05-16 11:15:00+05:30,532.25,532.5,531.0,531.7999877929688,531.7999877929688,1203605,11,Tuesday,0.258819045102521,-0.9659258262890682
2023-05-16 12:15:00+05:30,531.8499755859375,532.4500122070312,530.7999877929688,531.7000122070312,531.7000122070312,914583,12,Tuesday,1.2246467991473532e-16,-1.0
2023-05-16 13:15:00+05:30,531.75,533.2000122070312,531.2000122070312,531.75,531.75,1395425,13,Tuesday,-0.2588190451025208,-0.9659258262890683
2023-05-16 14:15:00+05:30,531.75,531.7999877929688,520.0,520.8499755859375,520.8499755859375,4337823,14,Tuesday,-0.4999999999999997,-0.8660254037844388
2023-05-16 15:15:00+05:30,520.9500122070312,522.5,519.0,522.0,522.0,1403398,15,Tuesday,-0.7071067811865471,-0.7071067811865479
2023-05-17 09:15:00+05:30,522.9000244140625,523.9500122070312,519.0499877929688,521.9500122070312,521.9500122070312,3772334,9,Wednesday,0.7071067811865476,-0.7071067811865475
2023-05-17 10:15:00+05:30,522.0,522.5,517.7000122070312,521.75,521.75,1917148,10,Wednesday,0.49999999999999994,-0.8660254037844387
2023-05-17 11:15:00+05:30,522.0999755859375,522.5,517.5,518.7999877929688,518.7999877929688,1758165,11,Wednesday,0.258819045102521,-0.9659258262890682
2023-05-17 12:15:00+05:30,518.5499877929688,519.0,514.5499877929688,515.5,515.5,1609197,12,Wednesday,1.2246467991473532e-16,-1.0
2023-05-17 13:15:00+05:30,515.5,517.0999755859375,514.2999877929688,514.3499755859375,514.3499755859375,1586874,13,Wednesday,-0.2588190451025208,-0.9659258262890683
2023-05-17 14:15:00+05:30,514.5,515.9000244140625,512.5999755859375,515.9000244140625,515.9000244140625,2066203,14,Wednesday,-0.4999999999999997,-0.8660254037844388
2023-05-17 15:15:00+05:30,515.9000244140625,516.1500244140625,515.0499877929688,515.75,515.75,972601,15,Wednesday,-0.7071067811865471,-0.7071067811865479
2023-05-18 09:15:00+05:30,518.8499755859375,520.4500122070312,510.7000122070313,512.8499755859375,512.8499755859375,0,9,Thursday,0.7071067811865476,-0.7071067811865475
2023-05-18 10:15:00+05:30,512.8499755859375,515.0,511.3999938964844,512.25,512.25,1448657,10,Thursday,0.49999999999999994,-0.8660254037844387
2023-05-18 11:15:00+05:30,512.25,514.5,511.3999938964844,513.75,513.75,995878,11,Thursday,0.258819045102521,-0.9659258262890682
2023-05-18 12:15:00+05:30,513.8499755859375,514.0,511.1499938964844,511.3999938964844,511.3999938964844,938847,12,Thursday,1.2246467991473532e-16,-1.0
2023-05-18 13:15:00+05:30,511.3999938964844,513.1500244140625,510.7000122070313,510.8500061035156,510.8500061035156,1178217,13,Thursday,-0.2588190451025208,-0.9659258262890683
2023-05-18 14:15:00+05:30,510.7999877929688,510.8500061035156,507.1000061035156,509.2999877929688,509.2999877929688,2564226,14,Thursday,-0.4999999999999997,-0.8660254037844388
2023-05-18 15:15:00+05:30,509.2999877929688,509.4500122070313,507.7999877929688,509.0,509.0,924505,15,Thursday,-0.7071067811865471,-0.7071067811865479
2023-05-19 09:15:00+05:30,509.75,511.0,504.7999877929688,506.1000061035156,506.1000061035156,2936696,9,Friday,0.7071067811865476,-0.7071067811865475
2023-05-19 10:15:00+05:30,506.25,515.5499877929688,506.0,515.4000244140625,515.4000244140625,2843769,10,Friday,0.49999999999999994,-0.8660254037844387
2023-05-19 11:15:00+05:30,515.4500122070312,522.0,515.0,519.75,519.75,4513145,11,Friday,0.258819045102521,-0.9659258262890682
2023-05-19 12:15:00+05:30,519.75,520.2999877929688,517.2999877929688,519.6500244140625,519.6500244140625,1750659,12,Friday,1.2246467991473532e-16,-1.0
2023-05-19 13:15:00+05:30,519.6500244140625,523.2999877929688,519.1500244140625,523.0,523.0,1851497,13,Friday,-0.2588190451025208,-0.9659258262890683
2023-05-19 14:15:00+05:30,523.0,525.4500122070312,522.2000122070312,525.25,525.25,3195405,14,Friday,-0.4999999999999997,-0.8660254037844388
2023-05-19 15:15:00+05:30,525.25,526.1500244140625,524.25,525.0999755859375,525.0999755859375,2243631,15,Friday,-0.7071067811865471,-0.7071067811865479
2023-05-22 09:15:00+05:30,524.5,527.0,520.0999755859375,520.7999877929688,520.7999877929688,0,9,Monday,0.7071067811865476,-0.7071067811865475
2023-05-22 10:15:00+05:30,520.7999877929688,523.9000244140625,520.0499877929688,521.7000122070312,521.7000122070312,1390226,10,Monday,0.49999999999999994,-0.8660254037844387
2023-05-22 11:15:00+05:30,521.7000122070312,522.2999877929688,519.4000244140625,520.1500244140625,520.1500244140625,1051010,11,Monday,0.258819045102521,-0.9659258262890682
2023-05-22 12:15:00+05:30,520.0999755859375,522.25,519.7000122070312,521.3499755859375,521.3499755859375,835745,12,Monday,1.2246467991473532e-16,-1.0
2023-05-22 13:15:00+05:30,521.2999877929688,523.3499755859375,520.2000122070312,522.9500122070312,522.9500122070312,1103888,13,Monday,-0.2588190451025208,-0.9659258262890683
2023-05-22 14:15:00+05:30,522.9500122070312,524.0,521.5999755859375,522.7999877929688,522.7999877929688,1196915,14,Monday,-0.4999999999999997,-0.8660254037844388
2023-05-22 15:15:00+05:30,522.75,523.2000122070312,521.25,522.0999755859375,522.0999755859375,848146,15,Monday,-0.7071067811865471,-0.7071067811865479
2023-05-23 09:15:00+05:30,523.0,528.3499755859375,521.3499755859375,527.25,527.25,0,9,Tuesday,0.7071067811865476,-0.7071067811865475
2023-05-23 10:15:00+05:30,527.4000244140625,531.0,527.1500244140625,529.9000244140625,529.9000244140625,2514017,10,Tuesday,0.49999999999999994,-0.8660254037844387
2023-05-23 11:15:00+05:30,529.8499755859375,529.9000244140625,526.4000244140625,527.5,527.5,1175226,11,Tuesday,0.258819045102521,-0.9659258262890682
2023-05-23 12:15:00+05:30,527.5,528.0,527.0,527.3499755859375,527.3499755859375,761608,12,Tuesday,1.2246467991473532e-16,-1.0
2023-05-23 13:15:00+05:30,527.3499755859375,529.0,526.75,528.4500122070312,528.4500122070312,1260103,13,Tuesday,-0.2588190451025208,-0.9659258262890683
2023-05-23 14:15:00+05:30,528.4500122070312,530.7999877929688,528.2999877929688,528.7000122070312,528.7000122070312,2188239,14,Tuesday,-0.4999999999999997,-0.8660254037844388
2023-05-23 15:15:00+05:30,528.75,529.0,527.5499877929688,528.0499877929688,528.0499877929688,976017,15,Tuesday,-0.7071067811865471,-0.7071067811865479
2023-05-24 09:15:00+05:30,526.9000244140625,528.0,524.5499877929688,526.4500122070312,526.4500122070312,0,9,Wednesday,0.7071067811865476,-0.7071067811865475
2023-05-24 10:15:00+05:30,526.3499755859375,529.6500244140625,525.5499877929688,525.7999877929688,525.7999877929688,983072,10,Wednesday,0.49999999999999994,-0.8660254037844387
2023-05-24 11:15:00+05:30,525.7000122070312,527.0,523.0,524.2999877929688,524.2999877929688,1147538,11,Wednesday,0.258819045102521,-0.9659258262890682
2023-05-24 12:15:00+05:30,524.0999755859375,525.0,520.3499755859375,520.5999755859375,520.5999755859375,921673,12,Wednesday,1.2246467991473532e-16,-1.0
2023-05-24 13:15:00+05:30,520.5999755859375,523.0,520.5,522.7000122070312,522.7000122070312,769869,13,Wednesday,-0.2588190451025208,-0.9659258262890683
2023-05-24 14:15:00+05:30,522.75,523.1500244140625,519.5499877929688,520.5999755859375,520.5999755859375,1592221,14,Wednesday,-0.4999999999999997,-0.8660254037844388
2023-05-24 15:15:00+05:30,520.5999755859375,520.7000122070312,519.25,520.2000122070312,520.2000122070312,0,15,Wednesday,-0.7071067811865471,-0.7071067811865479
2023-05-25 09:15:00+05:30,517.25,518.0,511.1000061035156,512.75,512.75,3323490,9,Thursday,0.7071067811865476,-0.7071067811865475
2023-05-25 10:15:00+05:30,512.75,513.0,509.7000122070313,511.0,511.0,1819253,10,Thursday,0.49999999999999994,-0.8660254037844387
2023-05-25 11:15:00+05:30,511.0,511.5,509.2999877929688,510.75,510.75,1192433,11,Thursday,0.258819045102521,-0.9659258262890682
2023-05-25 12:15:00+05:30,510.7999877929688,511.1499938964844,509.1000061035156,510.2999877929688,510.2999877929688,949650,12,Thursday,1.2246467991473532e-16,-1.0
2023-05-25 13:15:00+05:30,510.2000122070313,511.6499938964844,509.7999877929688,510.8500061035156,510.8500061035156,1058954,13,Thursday,-0.2588190451025208,-0.9659258262890683
2023-05-25 14:15:00+05:30,510.7999877929688,515.5,510.7999877929688,514.6500244140625,514.6500244140625,2393478,14,Thursday,-0.4999999999999997,-0.8660254037844388
2023-05-25 15:15:00+05:30,514.6500244140625,515.5,514.2000122070312,515.5,515.5,801651,15,Thursday,-0.7071067811865471,-0.7071067811865479
2023-05-26 09:15:00+05:30,514.7000122070312,517.2999877929688,512.2000122070312,515.8499755859375,515.8499755859375,2289992,9,Friday,0.7071067811865476,-0.7071067811865475
2023-05-26 10:15:00+05:30,515.8499755859375,516.9500122070312,513.5,516.6500244140625,516.6500244140625,1212213,10,Friday,0.49999999999999994,-0.8660254037844387
2023-05-26 11:15:00+05:30,516.7000122070312,518.25,515.75,517.0,517.0,930721,11,Friday,0.258819045102521,-0.9659258262890682
2023-05-26 12:15:00+05:30,517.0,518.4000244140625,516.2000122070312,516.3499755859375,516.3499755859375,763345,12,Friday,1.2246467991473532e-16,-1.0
2023-05-26 13:15:00+05:30,516.3499755859375,519.3499755859375,516.0,519.1500244140625,519.1500244140625,967008,13,Friday,-0.2588190451025208,-0.9659258262890683
2023-05-26 14:15:00+05:30,519.1500244140625,519.7000122070312,517.2999877929688,518.7999877929688,518.7999877929688,1418292,14,Friday,-0.4999999999999997,-0.8660254037844388
2023-05-26 15:15:00+05:30,518.7999877929688,519.0,517.75,517.7999877929688,517.7999877929688,775116,15,Friday,-0.7071067811865471,-0.7071067811865479
2023-05-29 09:15:00+05:30,524.25,524.5,519.7000122070312,521.4500122070312,521.4500122070312,0,9,Monday,0.7071067811865476,-0.7071067811865475
2023-05-29 10:15:00+05:30,521.4500122070312,523.25,521.4000244140625,522.5999755859375,522.5999755859375,831669,10,Monday,0.49999999999999994,-0.8660254037844387
2023-05-29 11:15:00+05:30,522.7000122070312,524.0,522.0,523.0999755859375,523.0999755859375,603829,11,Monday,0.258819045102521,-0.9659258262890682
2023-05-29 12:15:00+05:30,523.0999755859375,523.5,521.5,522.25,522.25,785105,12,Monday,1.2246467991473532e-16,-1.0
2023-05-29 13:15:00+05:30,522.4500122070312,523.3499755859375,520.0999755859375,521.2000122070312,521.2000122070312,1035355,13,Monday,-0.2588190451025208,-0.9659258262890683
2023-05-29 14:15:00+05:30,521.1500244140625,522.5,520.25,521.3499755859375,521.3499755859375,1026937,14,Monday,-0.4999999999999997,-0.8660254037844388
2023-05-29 15:15:00+05:30,521.2000122070312,521.5999755859375,520.6500244140625,521.4500122070312,521.4500122070312,360198,15,Monday,-0.7071067811865471,-0.7071067811865479
2023-05-30 09:15:00+05:30,521.5,523.5,519.4500122070312,522.5499877929688,522.5499877929688,0,9,Tuesday,0.7071067811865476,-0.7071067811865475
2023-05-30 10:15:00+05:30,522.5999755859375,523.0,520.0,520.4500122070312,520.4500122070312,569797,10,Tuesday,0.49999999999999994,-0.8660254037844387
2023-05-30 11:15:00+05:30,520.3499755859375,521.8499755859375,520.25,520.8499755859375,520.8499755859375,334661,11,Tuesday,0.258819045102521,-0.9659258262890682
2023-05-30 12:15:00+05:30,520.9000244140625,521.1500244140625,518.6500244140625,519.0499877929688,519.0499877929688,838253,12,Tuesday,1.2246467991473532e-16,-1.0
2023-05-30 13:15:00+05:30,519.0499877929688,519.3499755859375,518.0999755859375,519.0,519.0,558154,13,Tuesday,-0.2588190451025208,-0.9659258262890683
2023-05-30 14:15:00+05:30,519.0,519.25,518.1500244140625,518.25,518.25,715402,14,Tuesday,-0.4999999999999997,-0.8660254037844388
2023-05-30 15:15:00+05:30,518.2000122070312,519.4500122070312,518.0,519.2999877929688,519.2999877929688,1016158,15,Tuesday,-0.7071067811865471,-0.7071067811865479
2023-05-31 09:15:00+05:30,519.7999877929688,523.9500122070312,517.2999877929688,523.2000122070312,523.2000122070312,1911442,9,Wednesday,0.7071067811865476,-0.7071067811865475
2023-05-31 10:15:00+05:30,523.0999755859375,527.5,522.1500244140625,526.9000244140625,526.9000244140625,2156420,10,Wednesday,0.49999999999999994,-0.8660254037844387
2023-05-31 11:15:00+05:30,526.9000244140625,527.3499755859375,522.75,523.9500122070312,523.9500122070312,1354829,11,Wednesday,0.258819045102521,-0.9659258262890682
2023-05-31 12:15:00+05:30,523.9000244140625,525.5,523.75,524.5499877929688,524.5499877929688,667098,12,Wednesday,1.2246467991473532e-16,-1.0
2023-05-31 13:15:00+05:30,524.5499877929688,526.3499755859375,524.4000244140625,525.5999755859375,525.5999755859375,808649,13,Wednesday,-0.2588190451025208,-0.9659258262890683
2023-05-31 14:15:00+05:30,525.5999755859375,527.0999755859375,525.25,527.0499877929688,527.0499877929688,2980630,14,Wednesday,-0.4999999999999997,-0.8660254037844388
2023-05-31 15:15:00+05:30,527.0999755859375,527.2000122070312,524.4000244140625,525.0,525.0,2443553,15,Wednesday,-0.7071067811865471,-0.7071067811865479
2023-06-01 09:15:00+05:30,527.4500122070312,528.6500244140625,522.8499755859375,523.7999877929688,523.7999877929688,2339099,9,Thursday,0.7071067811865476,-0.7071067811865475
2023-06-01 10:15:00+05:30,523.5999755859375,530.0,523.2000122070312,529.0499877929688,529.0499877929688,1505047,10,Thursday,0.49999999999999994,-0.8660254037844387
2023-06-01 11:15:00+05:30,529.0499877929688,529.9000244140625,528.3499755859375,529.2999877929688,529.2999877929688,888307,11,Thursday,0.258819045102521,-0.9659258262890682
2023-06-01 12:15:00+05:30,530.0499877929688,531.0,529.2000122070312,531.0,531.0,1412245,12,Thursday,1.2246467991473532e-16,-1.0
2023-06-01 13:15:00+05:30,530.9500122070312,533.5,530.1500244140625,533.0,533.0,1972939,13,Thursday,-0.2588190451025208,-0.9659258262890683
2023-06-01 14:15:00+05:30,532.9000244140625,536.2000122070312,532.75,535.9500122070312,535.9500122070312,3237774,14,Thursday,-0.4999999999999997,-0.8660254037844388
2023-06-01 15:15:00+05:30,535.9000244140625,536.0,533.9500122070312,534.5,534.5,1143706,15,Thursday,-0.7071067811865471,-0.7071067811865479
2023-06-02 09:15:00+05:30,537.2000122070312,541.25,532.9000244140625,535.7999877929688,535.7999877929688,5348069,9,Friday,0.7071067811865476,-0.7071067811865475
2023-06-02 10:15:00+05:30,535.7999877929688,536.75,534.2000122070312,535.2999877929688,535.2999877929688,1078462,10,Friday,0.49999999999999994,-0.8660254037844387
2023-06-02 11:15:00+05:30,535.25,536.25,534.2999877929688,535.25,535.25,1291315,11,Friday,0.258819045102521,-0.9659258262890682
2023-06-02 12:15:00+05:30,535.2000122070312,537.4000244140625,534.5,537.0999755859375,537.0999755859375,1053284,12,Friday,1.2246467991473532e-16,-1.0
2023-06-02 13:15:00+05:30,537.2000122070312,537.9500122070312,535.7000122070312,535.7000122070312,535.7000122070312,920772,13,Friday,-0.2588190451025208,-0.9659258262890683
2023-06-02 14:15:00+05:30,535.7999877929688,536.9000244140625,535.0,535.5999755859375,535.5999755859375,1534134,14,Friday,-0.4999999999999997,-0.8660254037844388
2023-06-02 15:15:00+05:30,535.5999755859375,537.2000122070312,534.4500122070312,535.0499877929688,535.0499877929688,1065498,15,Friday,-0.7071067811865471,-0.7071067811865479
2023-06-05 09:15:00+05:30,539.0,542.5,538.0,540.5,540.5,0,9,Monday,0.7071067811865476,-0.7071067811865475
2023-06-05 10:15:00+05:30,540.5,544.7999877929688,540.4000244140625,544.2000122070312,544.2000122070312,2542486,10,Monday,0.49999999999999994,-0.8660254037844387
2023-06-05 11:15:00+05:30,544.0999755859375,547.75,544.0,547.5,547.5,2794339,11,Monday,0.258819045102521,-0.9659258262890682
2023-06-05 12:15:00+05:30,547.4500122070312,548.3499755859375,544.5,546.9500122070312,546.9500122070312,1794831,12,Monday,1.2246467991473532e-16,-1.0
2023-06-05 13:15:00+05:30,547.0999755859375,548.7999877929688,546.6500244140625,547.7999877929688,547.7999877929688,1406919,13,Monday,-0.2588190451025208,-0.9659258262890683
2023-06-05 14:15:00+05:30,547.7999877929688,548.3499755859375,545.5499877929688,545.7999877929688,545.7999877929688,2038253,14,Monday,-0.4999999999999997,-0.8660254037844388
2023-06-05 15:15:00+05:30,545.7999877929688,547.0,545.2999877929688,545.5999755859375,545.5999755859375,992658,15,Monday,-0.7071067811865471,-0.7071067811865479
2023-06-06 09:15:00+05:30,549.25,552.2999877929688,545.4500122070312,548.7000122070312,548.7000122070312,4412599,9,Tuesday,0.7071067811865476,-0.7071067811865475
2023-06-06 10:15:00+05:30,548.5499877929688,553.5,548.25,553.1500244140625,553.1500244140625,3013833,10,Tuesday,0.49999999999999994,-0.8660254037844387
2023-06-06 11:15:00+05:30,553.0999755859375,554.9000244140625,552.5499877929688,554.75,554.75,1549409,11,Tuesday,0.258819045102521,-0.9659258262890682
2023-06-06 12:15:00+05:30,554.9000244140625,554.9000244140625,553.0,553.9000244140625,553.9000244140625,1178853,12,Tuesday,1.2246467991473532e-16,-1.0
2023-06-06 13:15:00+05:30,553.8499755859375,554.8499755859375,553.5499877929688,554.4000244140625,554.4000244140625,1585576,13,Tuesday,-0.2588190451025208,-0.9659258262890683
2023-06-06 14:15:00+05:30,554.4000244140625,556.0,553.5,555.4000244140625,555.4000244140625,2293007,14,Tuesday,-0.4999999999999997,-0.8660254037844388
2023-06-06 15:15:00+05:30,555.4000244140625,556.9500122070312,553.9000244140625,555.75,555.75,1359187,15,Tuesday,-0.7071067811865471,-0.7071067811865479
2023-06-07 09:15:00+05:30,558.4500122070312,558.4500122070312,552.1500244140625,555.75,555.75,0,9,Wednesday,0.7071067811865476,-0.7071067811865475
2023-06-07 10:15:00+05:30,555.8499755859375,562.8499755859375,555.5999755859375,562.5499877929688,562.5499877929688,3069253,10,Wednesday,0.49999999999999994,-0.8660254037844387
2023-06-07 11:15:00+05:30,562.5999755859375,574.7999877929688,562.3499755859375,571.2999877929688,571.2999877929688,7123716,11,Wednesday,0.258819045102521,-0.9659258262890682
2023-06-07 12:15:00+05:30,571.25,572.2999877929688,567.75,569.7000122070312,569.7000122070312,1792758,12,Wednesday,1.2246467991473532e-16,-1.0
2023-06-07 13:15:00+05:30,569.7000122070312,569.7000122070312,566.25,568.0999755859375,568.0999755859375,2177057,13,Wednesday,-0.2588190451025208,-0.9659258262890683
2023-06-07 14:15:00+05:30,568.0999755859375,569.25,565.6500244140625,568.1500244140625,568.1500244140625,2275002,14,Wednesday,-0.4999999999999997,-0.8660254037844388
2023-06-07 15:15:00+05:30,568.0999755859375,568.5499877929688,566.0499877929688,567.0999755859375,567.0999755859375,1270157,15,Wednesday,-0.7071067811865471,-0.7071067811865479
2023-06-08 09:15:00+05:30,570.0,576.4000244140625,570.0,571.0999755859375,571.0999755859375,0,9,Thursday,0.7071067811865476,-0.7071067811865475
2023-06-08 10:15:00+05:30,571.2000122070312,571.5,564.1500244140625,565.7000122070312,565.7000122070312,3455096,10,Thursday,0.49999999999999994,-0.8660254037844387
2023-06-08 11:15:00+05:30,565.5999755859375,565.75,558.8499755859375,559.7000122070312,559.7000122070312,3222755,11,Thursday,0.258819045102521,-0.9659258262890682
2023-06-08 12:15:00+05:30,559.75,561.9500122070312,557.0499877929688,559.5999755859375,559.5999755859375,2621768,12,Thursday,1.2246467991473532e-16,-1.0
2023-06-08 13:15:00+05:30,559.5,566.0999755859375,559.4000244140625,560.6500244140625,560.6500244140625,2258920,13,Thursday,-0.2588190451025208,-0.9659258262890683
2023-06-08 14:15:00+05:30,560.6500244140625,562.3499755859375,558.0999755859375,560.7000122070312,560.7000122070312,2016031,14,Thursday,-0.4999999999999997,-0.8660254037844388
2023-06-08 15:15:00+05:30,560.6500244140625,560.8499755859375,558.7000122070312,560.2999877929688,560.2999877929688,1365453,15,Thursday,-0.7071067811865471,-0.7071067811865479
2023-06-09 09:15:00+05:30,561.7000122070312,566.4000244140625,561.0,563.9000244140625,563.9000244140625,3502070,9,Friday,0.7071067811865476,-0.7071067811865475
2023-06-09 10:15:00+05:30,563.9500122070312,565.2999877929688,561.5,563.5999755859375,563.5999755859375,1274936,10,Friday,0.49999999999999994,-0.8660254037844387
2023-06-09 11:15:00+05:30,563.6500244140625,565.0,563.0999755859375,564.5,564.5,784488,11,Friday,0.258819045102521,-0.9659258262890682
2023-06-09 12:15:00+05:30,564.5,564.7000122070312,561.2999877929688,561.4000244140625,561.4000244140625,843485,12,Friday,1.2246467991473532e-16,-1.0
2023-06-09 13:15:00+05:30,561.4000244140625,562.0,560.2999877929688,561.3499755859375,561.3499755859375,925647,13,Friday,-0.2588190451025208,-0.9659258262890683
2023-06-09 14:15:00+05:30,561.2000122070312,562.9000244140625,559.2999877929688,562.3499755859375,562.3499755859375,1292585,14,Friday,-0.4999999999999997,-0.8660254037844388
2023-06-09 15:15:00+05:30,562.5999755859375,563.3499755859375,561.6500244140625,562.1500244140625,562.1500244140625,734589,15,Friday,-0.7071067811865471,-0.7071067811865479
2023-06-12 09:15:00+05:30,566.2999877929688,568.9000244140625,562.4500122070312,563.0999755859375,563.0999755859375,0,9,Monday,0.7071067811865476,-0.7071067811865475
2023-06-12 10:15:00+05:30,563.0999755859375,564.6500244140625,561.25,562.2999877929688,562.2999877929688,829937,10,Monday,0.49999999999999994,-0.8660254037844387
2023-06-12 11:15:00+05:30,562.1500244140625,563.6500244140625,560.7000122070312,563.4000244140625,563.4000244140625,783134,11,Monday,0.258819045102521,-0.9659258262890682
2023-06-12 12:15:00+05:30,563.4000244140625,565.0999755859375,562.0999755859375,564.7000122070312,564.7000122070312,771995,12,Monday,1.2246467991473532e-16,-1.0
2023-06-12 13:15:00+05:30,564.7000122070312,565.4000244140625,563.3499755859375,563.7999877929688,563.7999877929688,565218,13,Monday,-0.2588190451025208,-0.9659258262890683
2023-06-12 14:15:00+05:30,563.7999877929688,566.5,562.7000122070312,563.7999877929688,563.7999877929688,1481152,14,Monday,-0.4999999999999997,-0.8660254037844388
2023-06-12 15:15:00+05:30,563.7999877929688,564.2000122070312,563.0499877929688,564.0,564.0,653814,15,Monday,-0.7071067811865471,-0.7071067811865479
2023-06-13 09:15:00+05:30,567.9500122070312,571.0,563.5999755859375,566.3499755859375,566.3499755859375,4285331,9,Tuesday,0.7071067811865476,-0.7071067811865475
2023-06-13 10:15:00+05:30,566.3499755859375,567.2999877929688,564.5999755859375,566.0,566.0,1592010,10,Tuesday,0.49999999999999994,-0.8660254037844387
2023-06-13 11:15:00+05:30,566.0499877929688,566.25,562.0,563.0,563.0,1627049,11,Tuesday,0.258819045102521,-0.9659258262890682
2023-06-13 12:15:00+05:30,563.0999755859375,563.5,560.8499755859375,561.5499877929688,561.5499877929688,1239998,12,Tuesday,1.2246467991473532e-16,-1.0
2023-06-13 13:15:00+05:30,561.5499877929688,564.3499755859375,561.0,564.1500244140625,564.1500244140625,1194946,13,Tuesday,-0.2588190451025208,-0.9659258262890683
2023-06-13 14:15:00+05:30,564.1500244140625,564.2000122070312,561.5999755859375,562.5,562.5,1843689,14,Tuesday,-0.4999999999999997,-0.8660254037844388
2023-06-13 15:15:00+05:30,562.5,562.7999877929688,561.0,562.4000244140625,562.4000244140625,1060815,15,Tuesday,-0.7071067811865471,-0.7071067811865479
2023-06-14 09:15:00+05:30,565.9000244140625,567.7999877929688,564.0,566.7999877929688,566.7999877929688,0,9,Wednesday,0.7071067811865476,-0.7071067811865475
2023-06-14 10:15:00+05:30,566.8499755859375,567.4000244140625,565.2999877929688,565.9000244140625,565.9000244140625,1124122,10,Wednesday,0.49999999999999994,-0.8660254037844387
2023-06-14 11:15:00+05:30,565.9000244140625,569.0,565.8499755859375,568.0499877929688,568.0499877929688,1380296,11,Wednesday,0.258819045102521,-0.9659258262890682
2023-06-14 12:15:00+05:30,568.0499877929688,568.4500122070312,565.5499877929688,567.0,567.0,1309141,12,Wednesday,1.2246467991473532e-16,-1.0
2023-06-14 13:15:00+05:30,567.0499877929688,570.5999755859375,566.2999877929688,569.6500244140625,569.6500244140625,2114515,13,Wednesday,-0.2588190451025208,-0.9659258262890683
2023-06-14 14:15:00+05:30,569.7000122070312,570.8499755859375,569.0499877929688,570.5,570.5,2280136,14,Wednesday,-0.4999999999999997,-0.8660254037844388
2023-06-14 15:15:00+05:30,570.5,571.1500244140625,569.5499877929688,569.7000122070312,569.7000122070312,1076198,15,Wednesday,-0.7071067811865471,-0.7071067811865479
2023-06-15 09:15:00+05:30,571.1500244140625,573.0,567.9500122070312,572.2999877929688,572.2999877929688,2839699,9,Thursday,0.7071067811865476,-0.7071067811865475
2023-06-15 10:15:00+05:30,572.25,575.0,571.7999877929688,573.0,573.0,1704339,10,Thursday,0.49999999999999994,-0.8660254037844387
2023-06-15 11:15:00+05:30,572.9500122070312,573.0,570.5999755859375,571.25,571.25,1885113,11,Thursday,0.258819045102521,-0.9659258262890682
2023-06-15 12:15:00+05:30,571.25,572.5,569.2999877929688,569.9500122070312,569.9500122070312,1464481,12,Thursday,1.2246467991473532e-16,-1.0
2023-06-15 13:15:00+05:30,569.9000244140625,571.9500122070312,569.9000244140625,570.7000122070312,570.7000122070312,1344038,13,Thursday,-0.2588190451025208,-0.9659258262890683
2023-06-15 14:15:00+05:30,570.7000122070312,571.0999755859375,568.0,568.25,568.25,2403465,14,Thursday,-0.4999999999999997,-0.8660254037844388
2023-06-15 15:15:00+05:30,568.3499755859375,568.7999877929688,567.7999877929688,568.4500122070312,568.4500122070312,832176,15,Thursday,-0.7071067811865471,-0.7071067811865479
2023-06-16 09:15:00+05:30,569.0999755859375,572.0,567.6500244140625,567.6500244140625,567.6500244140625,0,9,Friday,0.7071067811865476,-0.7071067811865475
2023-06-16 10:15:00+05:30,567.6500244140625,569.8499755859375,567.0999755859375,569.3499755859375,569.3499755859375,1026896,10,Friday,0.49999999999999994,-0.8660254037844387
2023-06-16 11:15:00+05:30,569.5,569.9500122070312,566.2000122070312,567.3499755859375,567.3499755859375,982996,11,Friday,0.258819045102521,-0.9659258262890682
2023-06-16 12:15:00+05:30,567.1500244140625,567.7999877929688,566.2000122070312,566.5,566.5,545959,12,Friday,1.2246467991473532e-16,-1.0
2023-06-16 13:15:00+05:30,566.6500244140625,569.25,566.0999755859375,569.25,569.25,683840,13,Friday,-0.2588190451025208,-0.9659258262890683
2023-06-16 14:15:00+05:30,569.2999877929688,570.9500122070312,568.2999877929688,569.9000244140625,569.9000244140625,2307712,14,Friday,-0.4999999999999997,-0.8660254037844388
2023-06-16 15:15:00+05:30,569.9000244140625,570.0,569.0,569.7999877929688,569.7999877929688,1326195,15,Friday,-0.7071067811865471,-0.7071067811865479
2023-06-19 09:15:00+05:30,570.2000122070312,573.2000122070312,569.0,571.1500244140625,571.1500244140625,0,9,Monday,0.7071067811865476,-0.7071067811865475
2023-06-19 10:15:00+05:30,571.0999755859375,571.25,567.2999877929688,568.1500244140625,568.1500244140625,1200740,10,Monday,0.49999999999999994,-0.8660254037844387
2023-06-19 11:15:00+05:30,568.2000122070312,571.2999877929688,567.4000244140625,569.9000244140625,569.9000244140625,808611,11,Monday,0.258819045102521,-0.9659258262890682
2023-06-19 12:15:00+05:30,569.8499755859375,570.5,567.0999755859375,567.3499755859375,567.3499755859375,484764,12,Monday,1.2246467991473532e-16,-1.0
2023-06-19 13:15:00+05:30,567.2999877929688,567.3499755859375,564.2000122070312,566.4500122070312,566.4500122070312,979088,13,Monday,-0.2588190451025208,-0.9659258262890683
2023-06-19 14:15:00+05:30,566.2999877929688,567.6500244140625,565.5999755859375,566.1500244140625,566.1500244140625,878690,14,Monday,-0.4999999999999997,-0.8660254037844388
2023-06-19 15:15:00+05:30,565.9000244140625,566.3499755859375,565.25,566.25,566.25,447157,15,Monday,-0.7071067811865471,-0.7071067811865479
2023-06-20 09:15:00+05:30,566.0499877929688,567.25,562.5,566.9500122070312,566.9500122070312,0,9,Tuesday,0.7071067811865476,-0.7071067811865475
2023-06-20 10:15:00+05:30,566.75,567.1500244140625,564.0,565.7000122070312,565.7000122070312,1232523,10,Tuesday,0.49999999999999994,-0.8660254037844387
2023-06-20 11:15:00+05:30,565.5499877929688,572.2000122070312,564.2999877929688,572.0,572.0,1528482,11,Tuesday,0.258819045102521,-0.9659258262890682
2023-06-20 12:15:00+05:30,572.0499877929688,582.5999755859375,571.4500122070312,581.0499877929688,581.0499877929688,5994272,12,Tuesday,1.2246467991473532e-16,-1.0
2023-06-20 13:15:00+05:30,581.2000122070312,583.1500244140625,578.0,579.5999755859375,579.5999755859375,3215736,13,Tuesday,-0.2588190451025208,-0.9659258262890683
2023-06-20 14:15:00+05:30,579.6500244140625,583.9000244140625,579.25,583.5,583.5,2733030,14,Tuesday,-0.4999999999999997,-0.8660254037844388
2023-06-20 15:15:00+05:30,583.3499755859375,583.9500122070312,583.0,583.25,583.25,1453519,15,Tuesday,-0.7071067811865471,-0.7071067811865479
2023-06-21 09:15:00+05:30,584.75,585.4500122070312,579.1500244140625,579.5,579.5,0,9,Wednesday,0.7071067811865476,-0.7071067811865475
2023-06-21 10:15:00+05:30,579.5,579.7000122070312,574.5499877929688,575.4000244140625,575.4000244140625,1518786,10,Wednesday,0.49999999999999994,-0.8660254037844387
2023-06-21 11:15:00+05:30,575.2999877929688,579.0,574.7999877929688,578.7999877929688,578.7999877929688,1038534,11,Wednesday,0.258819045102521,-0.9659258262890682
2023-06-21 12:15:00+05:30,578.7999877929688,581.9000244140625,578.0499877929688,581.7999877929688,581.7999877929688,909931,12,Wednesday,1.2246467991473532e-16,-1.0
2023-06-21 13:15:00+05:30,581.7000122070312,584.2000122070312,580.5999755859375,581.9500122070312,581.9500122070312,1081403,13,Wednesday,-0.2588190451025208,-0.9659258262890683
2023-06-21 14:15:00+05:30,581.9000244140625,582.0,579.5,581.6500244140625,581.6500244140625,1142437,14,Wednesday,-0.4999999999999997,-0.8660254037844388
2023-06-21 15:15:00+05:30,581.7000122070312,581.7000122070312,580.9000244140625,581.25,581.25,618047,15,Wednesday,-0.7071067811865471,-0.7071067811865479
2023-06-22 09:15:00+05:30,584.0,584.5,580.0,582.5,582.5,0,9,Thursday,0.7071067811865476,-0.7071067811865475
2023-06-22 10:15:00+05:30,582.7000122070312,583.5499877929688,580.0999755859375,580.2999877929688,580.2999877929688,913855,10,Thursday,0.49999999999999994,-0.8660254037844387
2023-06-22 11:15:00+05:30,580.2999877929688,580.4000244140625,574.25,574.4500122070312,574.4500122070312,1887848,11,Thursday,0.258819045102521,-0.9659258262890682
2023-06-22 12:15:00+05:30,574.4000244140625,575.0,570.9000244140625,572.8499755859375,572.8499755859375,1598012,12,Thursday,1.2246467991473532e-16,-1.0
2023-06-22 13:15:00+05:30,572.8499755859375,575.5999755859375,572.2000122070312,572.75,572.75,1518098,13,Thursday,-0.2588190451025208,-0.9659258262890683
2023-06-22 14:15:00+05:30,572.6500244140625,573.0,569.1500244140625,569.5,569.5,2069430,14,Thursday,-0.4999999999999997,-0.8660254037844388
2023-06-22 15:15:00+05:30,569.3499755859375,571.0,568.4000244140625,571.0,571.0,1104235,15,Thursday,-0.7071067811865471,-0.7071067811865479
2023-06-23 09:15:00+05:30,570.4500122070312,570.7000122070312,559.3499755859375,560.7999877929688,560.7999877929688,2707234,9,Friday,0.7071067811865476,-0.7071067811865475
2023-06-23 10:15:00+05:30,561.0,564.25,559.5499877929688,561.0999755859375,561.0999755859375,1129187,10,Friday,0.49999999999999994,-0.8660254037844387
2023-06-23 11:15:00+05:30,561.0,561.8499755859375,559.5,560.1500244140625,560.1500244140625,946744,11,Friday,0.258819045102521,-0.9659258262890682
2023-06-23 12:15:00+05:30,560.1500244140625,560.9500122070312,558.7000122070312,559.5,559.5,1039507,12,Friday,1.2246467991473532e-16,-1.0
2023-06-23 13:15:00+05:30,559.5,560.6500244140625,557.7999877929688,559.3499755859375,559.3499755859375,1101202,13,Friday,-0.2588190451025208,-0.9659258262890683
2023-06-23 14:15:00+05:30,559.2999877929688,562.4000244140625,557.9000244140625,559.7000122070312,559.7000122070312,1649662,14,Friday,-0.4999999999999997,-0.8660254037844388
2023-06-23 15:15:00+05:30,559.7999877929688,560.5,558.4000244140625,560.5,560.5,785193,15,Friday,-0.7071067811865471,-0.7071067811865479
2023-06-26 09:15:00+05:30,560.2000122070312,565.9000244140625,557.7999877929688,563.5499877929688,563.5499877929688,0,9,Monday,0.7071067811865476,-0.7071067811865475
2023-06-26 10:15:00+05:30,563.7000122070312,564.5,561.0999755859375,562.7999877929688,562.7999877929688,717582,10,Monday,0.49999999999999994,-0.8660254037844387
2023-06-26 11:15:00+05:30,562.75,564.0,562.0999755859375,563.9000244140625,563.9000244140625,574844,11,Monday,0.258819045102521,-0.9659258262890682
2023-06-26 12:15:00+05:30,563.9000244140625,564.4000244140625,560.5,561.5499877929688,561.5499877929688,742000,12,Monday,1.2246467991473532e-16,-1.0
2023-06-26 13:15:00+05:30,561.5999755859375,563.75,561.5999755859375,563.3499755859375,563.3499755859375,618113,13,Monday,-0.2588190451025208,-0.9659258262890683
2023-06-26 14:15:00+05:30,563.5,568.2000122070312,562.75,567.3499755859375,567.3499755859375,1478743,14,Monday,-0.4999999999999997,-0.8660254037844388
2023-06-26 15:15:00+05:30,567.4500122070312,569.0,567.2000122070312,568.5,568.5,660189,15,Monday,-0.7071067811865471,-0.7071067811865479
2023-06-27 09:15:00+05:30,569.6500244140625,573.75,569.6500244140625,573.0999755859375,573.0999755859375,0,9,Tuesday,0.7071067811865476,-0.7071067811865475
2023-06-27 10:15:00+05:30,573.0999755859375,576.8499755859375,573.0499877929688,575.0,575.0,1901482,10,Tuesday,0.49999999999999994,-0.8660254037844387
2023-06-27 11:15:00+05:30,574.7999877929688,576.5,574.0999755859375,575.1500244140625,575.1500244140625,1164545,11,Tuesday,0.258819045102521,-0.9659258262890682
2023-06-27 12:15:00+05:30,575.25,575.7999877929688,572.5,573.0999755859375,573.0999755859375,913413,12,Tuesday,1.2246467991473532e-16,-1.0
2023-06-27 13:15:00+05:30,573.0999755859375,574.25,571.75,573.7000122070312,573.7000122070312,861491,13,Tuesday,-0.2588190451025208,-0.9659258262890683
2023-06-27 14:15:00+05:30,573.9000244140625,574.9000244140625,572.9500122070312,573.7000122070312,573.7000122070312,1030999,14,Tuesday,-0.4999999999999997,-0.8660254037844388
2023-06-27 15:15:00+05:30,573.5499877929688,573.6500244140625,572.2000122070312,572.75,572.75,659799,15,Tuesday,-0.7071067811865471,-0.7071067811865479
2023-06-30 09:15:00+05:30,588.0499877929688,595.25,588.0499877929688,594.0,594.0,0,9,Friday,0.7071067811865476,-0.7071067811865475
2023-06-30 10:15:00+05:30,594.0499877929688,598.0,593.0499877929688,597.5499877929688,597.5499877929688,2194174,10,Friday,0.49999999999999994,-0.8660254037844387
2023-06-30 11:15:00+05:30,597.6500244140625,597.7000122070312,594.7999877929688,596.2000122070312,596.2000122070312,1099819,11,Friday,0.258819045102521,-0.9659258262890682
2023-06-30 12:15:00+05:30,596.2000122070312,597.0,595.0,595.5499877929688,595.5499877929688,964591,12,Friday,1.2246467991473532e-16,-1.0
2023-06-30 13:15:00+05:30,595.5999755859375,598.9500122070312,595.2000122070312,598.9000244140625,598.9000244140625,1100278,13,Friday,-0.2588190451025208,-0.9659258262890683
2023-06-30 14:15:00+05:30,598.9000244140625,599.0,595.0,595.75,595.75,2339053,14,Friday,-0.4999999999999997,-0.8660254037844388
2023-06-30 15:15:00+05:30,595.5999755859375,596.2999877929688,595.2000122070312,595.2000122070312,595.2000122070312,1110479,15,Friday,-0.7071067811865471,-0.7071067811865479
2023-07-03 09:15:00+05:30,600.0499877929688,602.2999877929688,592.7999877929688,594.5999755859375,594.5999755859375,0,9,Monday,0.7071067811865476,-0.7071067811865475
2023-07-03 10:15:00+05:30,594.4000244140625,599.25,593.5,594.0,594.0,1959170,10,Monday,0.49999999999999994,-0.8660254037844387
2023-07-03 11:15:00+05:30,594.0,595.0,591.6500244140625,593.4000244140625,593.4000244140625,1337740,11,Monday,0.258819045102521,-0.9659258262890682
2023-07-03 12:15:00+05:30,593.25,594.4500122070312,592.6500244140625,593.2000122070312,593.2000122070312,644208,12,Monday,1.2246467991473532e-16,-1.0
2023-07-03 13:15:00+05:30,593.2000122070312,593.4000244140625,590.25,590.9000244140625,590.9000244140625,1135172,13,Monday,-0.2588190451025208,-0.9659258262890683
2023-07-03 14:15:00+05:30,591.2000122070312,593.7000122070312,590.0,590.5999755859375,590.5999755859375,1425264,14,Monday,-0.4999999999999997,-0.8660254037844388
2023-07-03 15:15:00+05:30,590.9000244140625,592.0,590.2000122070312,591.9000244140625,591.9000244140625,921605,15,Monday,-0.7071067811865471,-0.7071067811865479
2023-07-04 09:15:00+05:30,594.0,596.3499755859375,590.9000244140625,594.5999755859375,594.5999755859375,0,9,Tuesday,0.7071067811865476,-0.7071067811865475
2023-07-04 10:15:00+05:30,594.7999877929688,596.0,593.5499877929688,594.0,594.0,899934,10,Tuesday,0.49999999999999994,-0.8660254037844387
2023-07-04 11:15:00+05:30,594.0,595.0,592.5499877929688,593.5499877929688,593.5499877929688,551549,11,Tuesday,0.258819045102521,-0.9659258262890682
2023-07-04 12:15:00+05:30,593.5999755859375,593.9500122070312,591.0,591.5,591.5,808908,12,Tuesday,1.2246467991473532e-16,-1.0
2023-07-04 13:15:00+05:30,591.4500122070312,593.5,590.8499755859375,592.25,592.25,627644,13,Tuesday,-0.2588190451025208,-0.9659258262890683
2023-07-04 14:15:00+05:30,592.2000122070312,592.6500244140625,589.7000122070312,591.7000122070312,591.7000122070312,1080151,14,Tuesday,-0.4999999999999997,-0.8660254037844388
2023-07-04 15:15:00+05:30,591.5999755859375,592.0,590.5,591.9000244140625,591.9000244140625,618728,15,Tuesday,-0.7071067811865471,-0.7071067811865479
2023-07-05 09:15:00+05:30,592.4500122070312,592.75,589.6500244140625,590.75,590.75,0,9,Wednesday,0.7071067811865476,-0.7071067811865475
2023-07-05 10:15:00+05:30,590.5499877929688,590.7999877929688,587.4000244140625,587.4000244140625,587.4000244140625,1056912,10,Wednesday,0.49999999999999994,-0.8660254037844387
2023-07-05 11:15:00+05:30,587.4500122070312,588.5,585.25,587.6500244140625,587.6500244140625,1618032,11,Wednesday,0.258819045102521,-0.9659258262890682
2023-07-05 12:15:00+05:30,587.7000122070312,588.5,586.6500244140625,587.2999877929688,587.2999877929688,556991,12,Wednesday,1.2246467991473532e-16,-1.0
2023-07-05 13:15:00+05:30,587.2000122070312,593.0,585.5,589.9500122070312,589.9500122070312,1781840,13,Wednesday,-0.2588190451025208,-0.9659258262890683
2023-07-05 14:15:00+05:30,589.9500122070312,590.25,586.7000122070312,588.2000122070312,588.2000122070312,1278690,14,Wednesday,-0.4999999999999997,-0.8660254037844388
2023-07-05 15:15:00+05:30,588.1500244140625,589.8499755859375,587.5499877929688,589.8499755859375,589.8499755859375,822199,15,Wednesday,-0.7071067811865471,-0.7071067811865479
2023-07-06 09:15:00+05:30,589.4500122070312,593.0,588.9000244140625,591.8499755859375,591.8499755859375,2093487,9,Thursday,0.7071067811865476,-0.7071067811865475
2023-07-06 10:15:00+05:30,591.8499755859375,597.2000122070312,590.5,595.75,595.75,1820382,10,Thursday,0.49999999999999994,-0.8660254037844387
2023-07-06 11:15:00+05:30,595.75,596.8499755859375,593.7999877929688,594.9000244140625,594.9000244140625,1229797,11,Thursday,0.258819045102521,-0.9659258262890682
2023-07-06 12:15:00+05:30,594.8499755859375,595.1500244140625,592.1500244140625,593.0999755859375,593.0999755859375,963683,12,Thursday,1.2246467991473532e-16,-1.0
2023-07-06 13:15:00+05:30,593.1500244140625,600.25,592.9500122070312,599.0,599.0,2111987,13,Thursday,-0.2588190451025208,-0.9659258262890683
2023-07-06 14:15:00+05:30,599.3499755859375,604.9500122070312,599.2999877929688,599.8499755859375,599.8499755859375,5110997,14,Thursday,-0.4999999999999997,-0.8660254037844388
2023-07-06 15:15:00+05:30,600.0,601.7000122070312,599.7000122070312,601.0,601.0,1008959,15,Thursday,-0.7071067811865471,-0.7071067811865479
2023-07-07 09:15:00+05:30,599.4000244140625,603.0499877929688,598.25,600.25,600.25,2655321,9,Friday,0.7071067811865476,-0.7071067811865475
2023-07-07 10:15:00+05:30,600.5,600.5,593.2000122070312,594.5999755859375,594.5999755859375,1412873,10,Friday,0.49999999999999994,-0.8660254037844387
2023-07-07 11:15:00+05:30,594.7000122070312,595.4000244140625,592.5999755859375,593.5,593.5,852086,11,Friday,0.258819045102521,-0.9659258262890682
2023-07-07 12:15:00+05:30,593.4500122070312,595.0,592.7000122070312,592.9500122070312,592.9500122070312,859023,12,Friday,1.2246467991473532e-16,-1.0
2023-07-07 13:15:00+05:30,592.9500122070312,595.4000244140625,592.2000122070312,595.25,595.25,1226432,13,Friday,-0.2588190451025208,-0.9659258262890683
2023-07-07 14:15:00+05:30,595.25,619.9000244140625,595.0499877929688,619.6500244140625,619.6500244140625,10447143,14,Friday,-0.4999999999999997,-0.8660254037844388
2023-07-07 15:15:00+05:30,619.8499755859375,624.7000122070312,617.9000244140625,622.1500244140625,622.1500244140625,3606634,15,Friday,-0.7071067811865471,-0.7071067811865479
2023-07-10 09:15:00+05:30,623.1500244140625,632.5,620.0,628.5,628.5,0,9,Monday,0.7071067811865476,-0.7071067811865475
2023-07-10 10:15:00+05:30,628.5,634.7999877929688,628.1500244140625,629.7999877929688,629.7999877929688,3653852,10,Monday,0.49999999999999994,-0.8660254037844387
2023-07-10 11:15:00+05:30,629.5999755859375,630.0,624.0,624.75,624.75,2455854,11,Monday,0.258819045102521,-0.9659258262890682
2023-07-10 12:15:00+05:30,624.75,627.25,619.4500122070312,622.0999755859375,622.0999755859375,2212702,12,Monday,1.2246467991473532e-16,-1.0
2023-07-10 13:15:00+05:30,621.9000244140625,625.25,621.6500244140625,623.2000122070312,623.2000122070312,1331787,13,Monday,-0.2588190451025208,-0.9659258262890683
2023-07-10 14:15:00+05:30,623.1500244140625,623.75,618.0,618.75,618.75,2805858,14,Monday,-0.4999999999999997,-0.8660254037844388
2023-07-10 15:15:00+05:30,618.7000122070312,619.5999755859375,617.5499877929688,619.4000244140625,619.4000244140625,1383580,15,Monday,-0.7071067811865471,-0.7071067811865479
2023-07-11 09:15:00+05:30,625.4500122070312,629.0,622.6500244140625,624.0,624.0,4095034,9,Tuesday,0.7071067811865476,-0.7071067811865475
2023-07-11 10:15:00+05:30,623.8499755859375,627.0,623.75,625.4500122070312,625.4500122070312,1318098,10,Tuesday,0.49999999999999994,-0.8660254037844387
2023-07-11 11:15:00+05:30,625.4500122070312,625.4500122070312,623.0,624.9000244140625,624.9000244140625,1112821,11,Tuesday,0.258819045102521,-0.9659258262890682
2023-07-11 12:15:00+05:30,624.8499755859375,626.0,623.2000122070312,625.4500122070312,625.4500122070312,1157602,12,Tuesday,1.2246467991473532e-16,-1.0
2023-07-11 13:15:00+05:30,625.4000244140625,627.0,624.7000122070312,626.0,626.0,1022555,13,Tuesday,-0.2588190451025208,-0.9659258262890683
2023-07-11 14:15:00+05:30,626.0,630.4000244140625,624.3499755859375,628.25,628.25,2308167,14,Tuesday,-0.4999999999999997,-0.8660254037844388
2023-07-11 15:15:00+05:30,628.25,629.5,627.8499755859375,628.1500244140625,628.1500244140625,1030230,15,Tuesday,-0.7071067811865471,-0.7071067811865479
2023-07-12 09:15:00+05:30,629.4000244140625,630.7999877929688,626.0,628.0999755859375,628.0999755859375,2999689,9,Wednesday,0.7071067811865476,-0.7071067811865475
2023-07-12 10:15:00+05:30,628.0999755859375,628.2000122070312,624.75,625.3499755859375,625.3499755859375,1423075,10,Wednesday,0.49999999999999994,-0.8660254037844387
2023-07-12 11:15:00+05:30,625.0999755859375,626.4500122070312,624.0,624.4500122070312,624.4500122070312,799856,11,Wednesday,0.258819045102521,-0.9659258262890682
2023-07-12 12:15:00+05:30,624.4500122070312,625.0,623.5,623.5499877929688,623.5499877929688,1084082,12,Wednesday,1.2246467991473532e-16,-1.0
2023-07-12 13:15:00+05:30,623.5499877929688,624.0499877929688,622.0,623.8499755859375,623.8499755859375,1032817,13,Wednesday,-0.2588190451025208,-0.9659258262890683
2023-07-12 14:15:00+05:30,623.6500244140625,624.9000244140625,620.5,620.5999755859375,620.5999755859375,2086433,14,Wednesday,-0.4999999999999997,-0.8660254037844388
2023-07-12 15:15:00+05:30,620.5499877929688,622.0999755859375,619.3499755859375,620.0,620.0,1351486,15,Wednesday,-0.7071067811865471,-0.7071067811865479
2023-07-13 09:15:00+05:30,624.6500244140625,626.4000244140625,621.6500244140625,625.7999877929688,625.7999877929688,2392715,9,Thursday,0.7071067811865476,-0.7071067811865475
2023-07-13 10:15:00+05:30,625.9000244140625,625.9000244140625,623.6500244140625,625.2000122070312,625.2000122070312,873817,10,Thursday,0.49999999999999994,-0.8660254037844387
2023-07-13 11:15:00+05:30,625.2000122070312,626.4000244140625,622.75,622.9500122070312,622.9500122070312,1198084,11,Thursday,0.258819045102521,-0.9659258262890682
2023-07-13 12:15:00+05:30,622.9500122070312,625.0,622.1500244140625,624.75,624.75,885964,12,Thursday,1.2246467991473532e-16,-1.0
2023-07-13 13:15:00+05:30,624.7999877929688,624.7999877929688,615.7000122070312,618.0,618.0,1789635,13,Thursday,-0.2588190451025208,-0.9659258262890683
2023-07-13 14:15:00+05:30,617.9500122070312,620.0,615.5,619.9500122070312,619.9500122070312,1719415,14,Thursday,-0.4999999999999997,-0.8660254037844388
2023-07-13 15:15:00+05:30,620.0,624.3499755859375,619.5,623.1500244140625,623.1500244140625,828698,15,Thursday,-0.7071067811865471,-0.7071067811865479
2023-07-14 09:15:00+05:30,623.4500122070312,626.0,620.6500244140625,623.7999877929688,623.7999877929688,1835901,9,Friday,0.7071067811865476,-0.7071067811865475
2023-07-14 10:15:00+05:30,623.7000122070312,623.9000244140625,621.2999877929688,623.3499755859375,623.3499755859375,718433,10,Friday,0.49999999999999994,-0.8660254037844387
2023-07-14 11:15:00+05:30,623.3499755859375,623.9000244140625,620.5,621.6500244140625,621.6500244140625,777919,11,Friday,0.258819045102521,-0.9659258262890682
2023-07-14 12:15:00+05:30,621.6500244140625,622.0,619.5,621.4000244140625,621.4000244140625,932454,12,Friday,1.2246467991473532e-16,-1.0
2023-07-14 13:15:00+05:30,621.4000244140625,621.4000244140625,619.6500244140625,621.25,621.25,765475,13,Friday,-0.2588190451025208,-0.9659258262890683
2023-07-14 14:15:00+05:30,621.25,625.5,621.1500244140625,625.1500244140625,625.1500244140625,1374133,14,Friday,-0.4999999999999997,-0.8660254037844388
2023-07-14 15:15:00+05:30,625.2000122070312,625.4000244140625,624.0,624.3499755859375,624.3499755859375,597436,15,Friday,-0.7071067811865471,-0.7071067811865479
2023-07-17 09:15:00+05:30,625.7999877929688,625.7999877929688,620.5,620.8499755859375,620.8499755859375,0,9,Monday,0.7071067811865476,-0.7071067811865475
2023-07-17 10:15:00+05:30,620.7999877929688,622.0,619.5499877929688,620.5999755859375,620.5999755859375,1422403,10,Monday,0.49999999999999994,-0.8660254037844387
2023-07-17 11:15:00+05:30,620.5499877929688,620.9000244140625,619.0,619.25,619.25,859641,11,Monday,0.258819045102521,-0.9659258262890682
2023-07-17 12:15:00+05:30,619.25,620.0,617.1500244140625,619.5999755859375,619.5999755859375,1118619,12,Monday,1.2246467991473532e-16,-1.0
2023-07-17 13:15:00+05:30,619.75,621.25,619.25,620.0999755859375,620.0999755859375,813704,13,Monday,-0.2588190451025208,-0.9659258262890683
2023-07-17 14:15:00+05:30,620.0999755859375,620.5,618.0999755859375,618.4000244140625,618.4000244140625,922195,14,Monday,-0.4999999999999997,-0.8660254037844388
2023-07-17 15:15:00+05:30,618.5,619.5,617.25,619.25,619.25,715536,15,Monday,-0.7071067811865471,-0.7071067811865479
2023-07-18 09:15:00+05:30,620.2999877929688,620.8499755859375,608.0499877929688,614.0999755859375,614.0999755859375,0,9,Tuesday,0.7071067811865476,-0.7071067811865475
2023-07-18 10:15:00+05:30,614.0999755859375,615.2000122070312,610.2000122070312,612.0,612.0,1032707,10,Tuesday,0.49999999999999994,-0.8660254037844387
2023-07-18 11:15:00+05:30,612.0,612.0,607.1500244140625,609.3499755859375,609.3499755859375,1634628,11,Tuesday,0.258819045102521,-0.9659258262890682
2023-07-18 12:15:00+05:30,609.3499755859375,612.0,609.0,611.75,611.75,1095605,12,Tuesday,1.2246467991473532e-16,-1.0
2023-07-18 13:15:00+05:30,611.9500122070312,615.0,611.7000122070312,613.3499755859375,613.3499755859375,1255629,13,Tuesday,-0.2588190451025208,-0.9659258262890683
2023-07-18 14:15:00+05:30,613.3499755859375,613.5,610.0999755859375,612.7999877929688,612.7999877929688,1241428,14,Tuesday,-0.4999999999999997,-0.8660254037844388
2023-07-18 15:15:00+05:30,612.75,612.7999877929688,610.7999877929688,611.4000244140625,611.4000244140625,730890,15,Tuesday,-0.7071067811865471,-0.7071067811865479
2023-07-19 09:15:00+05:30,613.9000244140625,616.8499755859375,612.5,614.0499877929688,614.0499877929688,0,9,Wednesday,0.7071067811865476,-0.7071067811865475
2023-07-19 10:15:00+05:30,614.1500244140625,615.0499877929688,610.5,610.5499877929688,610.5499877929688,1244840,10,Wednesday,0.49999999999999994,-0.8660254037844387
2023-07-19 11:15:00+05:30,610.5499877929688,625.25,610.1500244140625,622.0,622.0,4426249,11,Wednesday,0.258819045102521,-0.9659258262890682
2023-07-19 12:15:00+05:30,622.3499755859375,624.0999755859375,621.3499755859375,621.7999877929688,621.7999877929688,1124268,12,Wednesday,1.2246467991473532e-16,-1.0
2023-07-19 13:15:00+05:30,621.8499755859375,622.2999877929688,619.4500122070312,620.4000244140625,620.4000244140625,975040,13,Wednesday,-0.2588190451025208,-0.9659258262890683
2023-07-19 14:15:00+05:30,620.4000244140625,622.3499755859375,619.5,620.5499877929688,620.5499877929688,986028,14,Wednesday,-0.4999999999999997,-0.8660254037844388
2023-07-19 15:15:00+05:30,620.75,621.0,619.8499755859375,619.9000244140625,619.9000244140625,637079,15,Wednesday,-0.7071067811865471,-0.7071067811865479
2023-07-20 09:15:00+05:30,622.2999877929688,622.6500244140625,616.25,616.75,616.75,2049718,9,Thursday,0.7071067811865476,-0.7071067811865475
2023-07-20 10:15:00+05:30,616.5999755859375,620.0,616.5999755859375,618.3499755859375,618.3499755859375,836509,10,Thursday,0.49999999999999994,-0.8660254037844387
2023-07-20 11:15:00+05:30,618.2999877929688,620.0,617.2000122070312,619.0,619.0,798058,11,Thursday,0.258819045102521,-0.9659258262890682
2023-07-20 12:15:00+05:30,619.0,623.4000244140625,618.25,621.1500244140625,621.1500244140625,1419471,12,Thursday,1.2246467991473532e-16,-1.0
2023-07-20 13:15:00+05:30,621.1500244140625,622.2000122070312,619.0499877929688,621.25,621.25,797038,13,Thursday,-0.2588190451025208,-0.9659258262890683
2023-07-20 14:15:00+05:30,621.2999877929688,622.5999755859375,619.0499877929688,621.4000244140625,621.4000244140625,1331708,14,Thursday,-0.4999999999999997,-0.8660254037844388
2023-07-20 15:15:00+05:30,621.4000244140625,622.5,621.2000122070312,621.2000122070312,621.2000122070312,599151,15,Thursday,-0.7071067811865471,-0.7071067811865479
2023-07-21 09:15:00+05:30,620.0,626.9500122070312,618.5,622.9000244140625,622.9000244140625,0,9,Friday,0.7071067811865476,-0.7071067811865475
2023-07-21 10:15:00+05:30,622.9000244140625,623.7999877929688,620.0499877929688,622.3499755859375,622.3499755859375,1164725,10,Friday,0.49999999999999994,-0.8660254037844387
2023-07-21 11:15:00+05:30,622.2999877929688,629.5,622.0499877929688,629.0999755859375,629.0999755859375,2619163,11,Friday,0.258819045102521,-0.9659258262890682
2023-07-21 12:15:00+05:30,628.8499755859375,630.6500244140625,627.5999755859375,629.7000122070312,629.7000122070312,1875065,12,Friday,1.2246467991473532e-16,-1.0
2023-07-21 13:15:00+05:30,629.7000122070312,631.0,626.1500244140625,626.2999877929688,626.2999877929688,1899109,13,Friday,-0.2588190451025208,-0.9659258262890683
2023-07-21 14:15:00+05:30,626.2999877929688,628.0,623.5999755859375,625.75,625.75,1833493,14,Friday,-0.4999999999999997,-0.8660254037844388
2023-07-21 15:15:00+05:30,625.8499755859375,627.0,625.5,625.75,625.75,664102,15,Friday,-0.7071067811865471,-0.7071067811865479
2023-07-24 09:15:00+05:30,627.9500122070312,632.5,627.0999755859375,631.5499877929688,631.5499877929688,0,9,Monday,0.7071067811865476,-0.7071067811865475
2023-07-24 10:15:00+05:30,631.5499877929688,633.0,629.3499755859375,632.4000244140625,632.4000244140625,1366636,10,Monday,0.49999999999999994,-0.8660254037844387
2023-07-24 11:15:00+05:30,632.4000244140625,632.4500122070312,626.4000244140625,629.3499755859375,629.3499755859375,1422297,11,Monday,0.258819045102521,-0.9659258262890682
2023-07-24 12:15:00+05:30,629.1500244140625,630.4000244140625,627.7000122070312,630.1500244140625,630.1500244140625,932437,12,Monday,1.2246467991473532e-16,-1.0
2023-07-24 13:15:00+05:30,630.2999877929688,634.4500122070312,628.5499877929688,631.4500122070312,631.4500122070312,2623296,13,Monday,-0.2588190451025208,-0.9659258262890683
2023-07-24 14:15:00+05:30,631.7000122070312,632.1500244140625,627.0999755859375,629.25,629.25,1921771,14,Monday,-0.4999999999999997,-0.8660254037844388
2023-07-24 15:15:00+05:30,629.25,630.4500122070312,628.9000244140625,629.75,629.75,746411,15,Monday,-0.7071067811865471,-0.7071067811865479
2023-07-25 09:15:00+05:30,635.0499877929688,640.5999755859375,633.9000244140625,639.4500122070312,639.4500122070312,0,9,Tuesday,0.7071067811865476,-0.7071067811865475
2023-07-25 10:15:00+05:30,639.25,639.7000122070312,635.9000244140625,638.9000244140625,638.9000244140625,2112774,10,Tuesday,0.49999999999999994,-0.8660254037844387
2023-07-25 11:15:00+05:30,638.9000244140625,639.5,637.0,639.2000122070312,639.2000122070312,1068385,11,Tuesday,0.258819045102521,-0.9659258262890682
2023-07-25 12:15:00+05:30,639.2000122070312,642.5,639.0,642.2000122070312,642.2000122070312,2188205,12,Tuesday,1.2246467991473532e-16,-1.0
2023-07-25 13:15:00+05:30,642.25,642.3499755859375,638.2000122070312,640.5499877929688,640.5499877929688,1290458,13,Tuesday,-0.2588190451025208,-0.9659258262890683
2023-07-25 14:15:00+05:30,640.5999755859375,641.75,637.5999755859375,638.7000122070312,638.7000122070312,1609799,14,Tuesday,-0.4999999999999997,-0.8660254037844388
2023-07-25 15:15:00+05:30,638.5999755859375,641.8499755859375,638.5,641.5,641.5,899886,15,Tuesday,-0.7071067811865471,-0.7071067811865479
2023-07-26 09:15:00+05:30,654.2000122070312,663.0999755859375,646.3499755859375,648.25,648.25,16942184,9,Wednesday,0.7071067811865476,-0.7071067811865475
2023-07-26 10:15:00+05:30,648.25,650.0,646.2000122070312,647.9500122070312,647.9500122070312,2455008,10,Wednesday,0.49999999999999994,-0.8660254037844387
2023-07-26 11:15:00+05:30,647.9500122070312,648.0,643.7000122070312,647.0,647.0,2695823,11,Wednesday,0.258819045102521,-0.9659258262890682
2023-07-26 12:15:00+05:30,646.9500122070312,649.0,646.5499877929688,647.8499755859375,647.8499755859375,1932535,12,Wednesday,1.2246467991473532e-16,-1.0
2023-07-26 13:15:00+05:30,647.9000244140625,648.0,645.0,647.0,647.0,1875163,13,Wednesday,-0.2588190451025208,-0.9659258262890683
2023-07-26 14:15:00+05:30,647.0499877929688,649.7000122070312,640.4500122070312,641.2000122070312,641.2000122070312,3635325,14,Wednesday,-0.4999999999999997,-0.8660254037844388
2023-07-26 15:15:00+05:30,641.1500244140625,641.4500122070312,639.0,640.0,640.0,2127521,15,Wednesday,-0.7071067811865471,-0.7071067811865479
2023-07-27 09:15:00+05:30,644.9500122070312,648.4000244140625,640.2999877929688,645.0499877929688,645.0499877929688,3615803,9,Thursday,0.7071067811865476,-0.7071067811865475
2023-07-27 10:15:00+05:30,644.9500122070312,647.0,644.0,645.0499877929688,645.0499877929688,1062618,10,Thursday,0.49999999999999994,-0.8660254037844387
2023-07-27 11:15:00+05:30,645.0499877929688,647.25,644.0499877929688,645.8499755859375,645.8499755859375,999733,11,Thursday,0.258819045102521,-0.9659258262890682
2023-07-27 12:15:00+05:30,645.6500244140625,646.5499877929688,641.3499755859375,643.5999755859375,643.5999755859375,1259190,12,Thursday,1.2246467991473532e-16,-1.0
2023-07-27 13:15:00+05:30,643.5,645.0,641.4500122070312,642.5499877929688,642.5499877929688,1111196,13,Thursday,-0.2588190451025208,-0.9659258262890683
2023-07-27 14:15:00+05:30,642.5499877929688,644.9000244140625,636.7999877929688,644.5,644.5,2791449,14,Thursday,-0.4999999999999997,-0.8660254037844388
2023-07-27 15:15:00+05:30,644.4500122070312,647.0,643.7999877929688,645.5999755859375,645.5999755859375,850937,15,Thursday,-0.7071067811865471,-0.7071067811865479
2023-07-28 09:15:00+05:30,644.5,645.2999877929688,637.6500244140625,638.9000244140625,638.9000244140625,2417636,9,Friday,0.7071067811865476,-0.7071067811865475
2023-07-28 10:15:00+05:30,638.9000244140625,639.4500122070312,632.2000122070312,633.5499877929688,633.5499877929688,1847750,10,Friday,0.49999999999999994,-0.8660254037844387
2023-07-28 11:15:00+05:30,633.5499877929688,634.5999755859375,631.9000244140625,634.4500122070312,634.4500122070312,1165552,11,Friday,0.258819045102521,-0.9659258262890682
2023-07-28 12:15:00+05:30,634.4500122070312,635.9000244140625,633.6500244140625,634.2000122070312,634.2000122070312,814072,12,Friday,1.2246467991473532e-16,-1.0
2023-07-28 13:15:00+05:30,634.2000122070312,634.9000244140625,632.3499755859375,633.3499755859375,633.3499755859375,765169,13,Friday,-0.2588190451025208,-0.9659258262890683
2023-07-28 14:15:00+05:30,633.4000244140625,636.7000122070312,633.0499877929688,635.3499755859375,635.3499755859375,1399733,14,Friday,-0.4999999999999997,-0.8660254037844388
2023-07-28 15:15:00+05:30,635.4000244140625,636.0,633.7999877929688,636.0,636.0,885858,15,Friday,-0.7071067811865471,-0.7071067811865479
2023-07-31 09:15:00+05:30,639.25,643.5499877929688,636.4500122070312,642.3499755859375,642.3499755859375,0,9,Monday,0.7071067811865476,-0.7071067811865475
2023-07-31 10:15:00+05:30,642.2999877929688,645.0,641.25,644.9000244140625,644.9000244140625,1241030,10,Monday,0.49999999999999994,-0.8660254037844387
2023-07-31 11:15:00+05:30,644.9000244140625,645.5,643.0,643.0999755859375,643.0999755859375,878298,11,Monday,0.258819045102521,-0.9659258262890682
2023-07-31 12:15:00+05:30,643.0999755859375,643.4000244140625,641.0,643.0499877929688,643.0499877929688,780690,12,Monday,1.2246467991473532e-16,-1.0
2023-07-31 13:15:00+05:30,643.25,644.2999877929688,642.4500122070312,643.2000122070312,643.2000122070312,608782,13,Monday,-0.2588190451025208,-0.9659258262890683
2023-07-31 14:15:00+05:30,643.3499755859375,645.0,642.75,644.4500122070312,644.4500122070312,1018111,14,Monday,-0.4999999999999997,-0.8660254037844388
2023-07-31 15:15:00+05:30,644.5,645.0,642.9000244140625,644.2999877929688,644.2999877929688,757328,15,Monday,-0.7071067811865471,-0.7071067811865479
2023-08-01 09:15:00+05:30,644.9000244140625,652.9000244140625,644.4500122070312,648.7000122070312,648.7000122070312,0,9,Tuesday,0.7071067811865476,-0.7071067811865475
2023-08-01 10:15:00+05:30,648.75,649.3499755859375,646.5499877929688,647.9000244140625,647.9000244140625,1241428,10,Tuesday,0.49999999999999994,-0.8660254037844387
2023-08-01 11:15:00+05:30,647.9000244140625,649.2999877929688,647.6500244140625,648.0499877929688,648.0499877929688,628823,11,Tuesday,0.258819045102521,-0.9659258262890682
2023-08-01 12:15:00+05:30,648.0,648.25,644.6500244140625,646.0,646.0,1193882,12,Tuesday,1.2246467991473532e-16,-1.0
2023-08-01 13:15:00+05:30,646.0,647.25,644.7000122070312,645.9500122070312,645.9500122070312,881850,13,Tuesday,-0.2588190451025208,-0.9659258262890683
2023-08-01 14:15:00+05:30,645.9500122070312,647.8499755859375,644.0999755859375,644.1500244140625,644.1500244140625,1046917,14,Tuesday,-0.4999999999999997,-0.8660254037844388
2023-08-01 15:15:00+05:30,644.1500244140625,644.2999877929688,642.0,642.9000244140625,642.9000244140625,708660,15,Tuesday,-0.7071067811865471,-0.7071067811865479
2023-08-02 09:15:00+05:30,644.0,644.0,633.7999877929688,634.7999877929688,634.7999877929688,2452273,9,Wednesday,0.7071067811865476,-0.7071067811865475
2023-08-02 10:15:00+05:30,634.9500122070312,634.9500122070312,630.0,632.9000244140625,632.9000244140625,2080418,10,Wednesday,0.49999999999999994,-0.8660254037844387
2023-08-02 11:15:00+05:30,632.9000244140625,632.9000244140625,626.5999755859375,628.1500244140625,628.1500244140625,1438235,11,Wednesday,0.258819045102521,-0.9659258262890682
2023-08-02 12:15:00+05:30,628.1500244140625,629.7999877929688,623.5999755859375,625.0499877929688,625.0499877929688,2168143,12,Wednesday,1.2246467991473532e-16,-1.0
2023-08-02 13:15:00+05:30,625.0499877929688,625.6500244140625,617.0,617.8499755859375,617.8499755859375,3091879,13,Wednesday,-0.2588190451025208,-0.9659258262890683
2023-08-02 14:15:00+05:30,617.9000244140625,624.0,616.4500122070312,623.8499755859375,623.8499755859375,3165379,14,Wednesday,-0.4999999999999997,-0.8660254037844388
2023-08-02 15:15:00+05:30,623.9000244140625,623.9000244140625,621.7000122070312,623.0,623.0,1360398,15,Wednesday,-0.7071067811865471,-0.7071067811865479
2023-08-03 09:15:00+05:30,624.0,626.2000122070312,618.7000122070312,621.7000122070312,621.7000122070312,3040111,9,Thursday,0.7071067811865476,-0.7071067811865475
2023-08-03 10:15:00+05:30,621.7999877929688,626.3499755859375,621.2999877929688,624.1500244140625,624.1500244140625,1424775,10,Thursday,0.49999999999999994,-0.8660254037844387
2023-08-03 11:15:00+05:30,624.0499877929688,625.7000122070312,622.0499877929688,622.3499755859375,622.3499755859375,744623,11,Thursday,0.258819045102521,-0.9659258262890682
2023-08-03 12:15:00+05:30,622.1500244140625,623.2999877929688,614.9000244140625,617.4500122070312,617.4500122070312,1848675,12,Thursday,1.2246467991473532e-16,-1.0
2023-08-03 13:15:00+05:30,617.5,618.0,614.2000122070312,615.75,615.75,1391144,13,Thursday,-0.2588190451025208,-0.9659258262890683
2023-08-03 14:15:00+05:30,615.6500244140625,619.5,614.9000244140625,619.0,619.0,1929606,14,Thursday,-0.4999999999999997,-0.8660254037844388
2023-08-03 15:15:00+05:30,618.9500122070312,620.7000122070312,618.3499755859375,620.5,620.5,1076999,15,Thursday,-0.7071067811865471,-0.7071067811865479
2023-08-04 09:15:00+05:30,623.7999877929688,624.3499755859375,615.0,615.3499755859375,615.3499755859375,2704420,9,Friday,0.7071067811865476,-0.7071067811865475
2023-08-04 10:15:00+05:30,615.2999877929688,616.7999877929688,613.4500122070312,614.5,614.5,1209271,10,Friday,0.49999999999999994,-0.8660254037844387
2023-08-04 11:15:00+05:30,614.4500122070312,621.4000244140625,614.0,619.5,619.5,2081300,11,Friday,0.258819045102521,-0.9659258262890682
2023-08-04 12:15:00+05:30,619.5,621.25,618.0,620.0499877929688,620.0499877929688,1092463,12,Friday,1.2246467991473532e-16,-1.0
2023-08-04 13:15:00+05:30,620.0499877929688,620.7999877929688,614.0,615.7000122070312,615.7000122070312,2114107,13,Friday,-0.2588190451025208,-0.9659258262890683
2023-08-04 14:15:00+05:30,615.6500244140625,616.8499755859375,614.8499755859375,615.2999877929688,615.2999877929688,1665734,14,Friday,-0.4999999999999997,-0.8660254037844388
2023-08-04 15:15:00+05:30,615.2999877929688,615.7999877929688,614.0,615.75,615.75,936188,15,Friday,-0.7071067811865471,-0.7071067811865479
2023-08-07 09:15:00+05:30,617.9000244140625,618.0,611.5,615.5999755859375,615.5999755859375,0,9,Monday,0.7071067811865476,-0.7071067811865475
2023-08-07 10:15:00+05:30,615.5,616.5,610.5,611.9500122070312,611.9500122070312,1453892,10,Monday,0.49999999999999994,-0.8660254037844387
2023-08-07 11:15:00+05:30,612.0,612.75,610.4000244140625,612.1500244140625,612.1500244140625,766730,11,Monday,0.258819045102521,-0.9659258262890682
2023-08-07 12:15:00+05:30,612.1500244140625,612.5,610.0,611.8499755859375,611.8499755859375,1816805,12,Monday,1.2246467991473532e-16,-1.0
2023-08-07 13:15:00+05:30,611.8499755859375,611.9500122070312,609.4000244140625,609.7000122070312,609.7000122070312,996779,13,Monday,-0.2588190451025208,-0.9659258262890683
2023-08-07 14:15:00+05:30,609.9000244140625,611.2000122070312,609.0,609.4500122070312,609.4500122070312,1681584,14,Monday,-0.4999999999999997,-0.8660254037844388
2023-08-07 15:15:00+05:30,609.7000122070312,610.2999877929688,608.5499877929688,610.25,610.25,999931,15,Monday,-0.7071067811865471,-0.7071067811865479
2023-08-08 09:15:00+05:30,612.5499877929688,614.75,609.3499755859375,613.2999877929688,613.2999877929688,0,9,Tuesday,0.7071067811865476,-0.7071067811865475
2023-08-08 10:15:00+05:30,613.2999877929688,613.75,606.7000122070312,606.7999877929688,606.7999877929688,1844315,10,Tuesday,0.49999999999999994,-0.8660254037844387
2023-08-08 11:15:00+05:30,606.8499755859375,609.1500244140625,605.25,609.0999755859375,609.0999755859375,1106998,11,Tuesday,0.258819045102521,-0.9659258262890682
2023-08-08 12:15:00+05:30,609.0999755859375,609.9000244140625,607.5999755859375,607.7999877929688,607.7999877929688,782819,12,Tuesday,1.2246467991473532e-16,-1.0
2023-08-08 13:15:00+05:30,607.8499755859375,609.4000244140625,606.7999877929688,607.3499755859375,607.3499755859375,1080223,13,Tuesday,-0.2588190451025208,-0.9659258262890683
2023-08-08 14:15:00+05:30,607.2999877929688,608.2999877929688,605.5499877929688,606.9000244140625,606.9000244140625,1257787,14,Tuesday,-0.4999999999999997,-0.8660254037844388
2023-08-08 15:15:00+05:30,606.9500122070312,608.0499877929688,606.75,608.0,608.0,596870,15,Tuesday,-0.7071067811865471,-0.7071067811865479
2023-08-09 09:15:00+05:30,610.5,610.5,607.0,609.0999755859375,609.0999755859375,0,9,Wednesday,0.7071067811865476,-0.7071067811865475
2023-08-09 10:15:00+05:30,609.2000122070312,609.25,606.0999755859375,606.2999877929688,606.2999877929688,913866,10,Wednesday,0.49999999999999994,-0.8660254037844387
2023-08-09 11:15:00+05:30,606.2999877929688,607.5499877929688,605.5,607.2000122070312,607.2000122070312,1443152,11,Wednesday,0.258819045102521,-0.9659258262890682
2023-08-09 12:15:00+05:30,607.8499755859375,609.8499755859375,607.2999877929688,608.0499877929688,608.0499877929688,968873,12,Wednesday,1.2246467991473532e-16,-1.0
2023-08-09 13:15:00+05:30,607.8499755859375,621.6500244140625,607.0,617.9000244140625,617.9000244140625,4547744,13,Wednesday,-0.2588190451025208,-0.9659258262890683
2023-08-09 14:15:00+05:30,617.9000244140625,623.5,617.7000122070312,622.7999877929688,622.7999877929688,2490088,14,Wednesday,-0.4999999999999997,-0.8660254037844388
2023-08-09 15:15:00+05:30,622.7000122070312,624.0,622.0499877929688,623.5,623.5,1238564,15,Wednesday,-0.7071067811865471,-0.7071067811865479
2023-08-10 09:15:00+05:30,623.0,623.0,616.2999877929688,618.7000122070312,618.7000122070312,2435275,9,Thursday,0.7071067811865476,-0.7071067811865475
2023-08-10 10:15:00+05:30,618.8499755859375,619.5,612.4500122070312,613.9000244140625,613.9000244140625,3088337,10,Thursday,0.49999999999999994,-0.8660254037844387
2023-08-10 11:15:00+05:30,613.9000244140625,615.4500122070312,613.0,613.0999755859375,613.0999755859375,1214911,11,Thursday,0.258819045102521,-0.9659258262890682
2023-08-10 12:15:00+05:30,613.0999755859375,628.1500244140625,607.0499877929688,626.5,626.5,40030407,12,Thursday,1.2246467991473532e-16,-1.0
2023-08-10 13:15:00+05:30,626.5499877929688,627.9500122070312,615.0,618.7000122070312,618.7000122070312,3589950,13,Thursday,-0.2588190451025208,-0.9659258262890683
2023-08-10 14:15:00+05:30,618.6500244140625,620.0,615.6500244140625,618.9000244140625,618.9000244140625,1831099,14,Thursday,-0.4999999999999997,-0.8660254037844388
2023-08-10 15:15:00+05:30,618.9000244140625,619.25,616.9000244140625,617.2000122070312,617.2000122070312,920820,15,Thursday,-0.7071067811865471,-0.7071067811865479
2023-08-11 09:15:00+05:30,619.8499755859375,624.4500122070312,618.0,620.6500244140625,620.6500244140625,2424996,9,Friday,0.7071067811865476,-0.7071067811865475
2023-08-11 10:15:00+05:30,620.7000122070312,621.75,615.1500244140625,616.0999755859375,616.0999755859375,1539762,10,Friday,0.49999999999999994,-0.8660254037844387
2023-08-11 11:15:00+05:30,616.0999755859375,618.4000244140625,615.5999755859375,617.6500244140625,617.6500244140625,904263,11,Friday,0.258819045102521,-0.9659258262890682
2023-08-11 12:15:00+05:30,617.6500244140625,618.2000122070312,616.0,617.8499755859375,617.8499755859375,748145,12,Friday,1.2246467991473532e-16,-1.0
2023-08-11 13:15:00+05:30,617.8499755859375,617.8499755859375,613.0499877929688,613.4000244140625,613.4000244140625,1012943,13,Friday,-0.2588190451025208,-0.9659258262890683
2023-08-11 14:15:00+05:30,613.4000244140625,615.2000122070312,610.8499755859375,612.25,612.25,1547506,14,Friday,-0.4999999999999997,-0.8660254037844388
2023-08-11 15:15:00+05:30,612.25,612.5499877929688,610.6500244140625,611.7000122070312,611.7000122070312,1165749,15,Friday,-0.7071067811865471,-0.7071067811865479
2023-08-14 09:15:00+05:30,608.5,608.5,594.5999755859375,600.8499755859375,600.8499755859375,0,9,Monday,0.7071067811865476,-0.7071067811865475
2023-08-14 10:15:00+05:30,600.9500122070312,601.3499755859375,598.0999755859375,599.0999755859375,599.0999755859375,1342905,10,Monday,0.49999999999999994,-0.8660254037844387
2023-08-14 11:15:00+05:30,599.0999755859375,604.2999877929688,599.0,603.5,603.5,1504680,11,Monday,0.258819045102521,-0.9659258262890682
2023-08-14 12:15:00+05:30,603.5,603.9000244140625,602.3499755859375,603.0499877929688,603.0499877929688,1025899,12,Monday,1.2246467991473532e-16,-1.0
2023-08-14 13:15:00+05:30,603.0499877929688,605.8499755859375,601.4500122070312,605.7000122070312,605.7000122070312,1385153,13,Monday,-0.2588190451025208,-0.9659258262890683
2023-08-14 14:15:00+05:30,605.5499877929688,609.25,605.0,607.0999755859375,607.0999755859375,2802236,14,Monday,-0.4999999999999997,-0.8660254037844388
2023-08-14 15:15:00+05:30,606.9500122070312,607.25,606.1500244140625,606.8499755859375,606.8499755859375,1061273,15,Monday,-0.7071067811865471,-0.7071067811865479
2023-08-16 09:15:00+05:30,603.6500244140625,604.7999877929688,599.0999755859375,604.0999755859375,604.0999755859375,2735092,9,Wednesday,0.7071067811865476,-0.7071067811865475
2023-08-16 10:15:00+05:30,604.0999755859375,605.9500122070312,603.7999877929688,604.0999755859375,604.0999755859375,1033940,10,Wednesday,0.49999999999999994,-0.8660254037844387
2023-08-16 11:15:00+05:30,604.0999755859375,607.7000122070312,603.5499877929688,607.0,607.0,1458791,11,Wednesday,0.258819045102521,-0.9659258262890682
2023-08-16 12:15:00+05:30,607.0,608.9000244140625,606.0,608.8499755859375,608.8499755859375,1088956,12,Wednesday,1.2246467991473532e-16,-1.0
2023-08-16 13:15:00+05:30,608.9000244140625,611.0,606.5,611.0,611.0,1521845,13,Wednesday,-0.2588190451025208,-0.9659258262890683
2023-08-16 14:15:00+05:30,611.0,621.2000122070312,610.7999877929688,618.4000244140625,618.4000244140625,5728314,14,Wednesday,-0.4999999999999997,-0.8660254037844388
2023-08-16 15:15:00+05:30,618.4000244140625,619.4000244140625,617.1500244140625,617.7999877929688,617.7999877929688,980006,15,Wednesday,-0.7071067811865471,-0.7071067811865479
2023-08-17 09:15:00+05:30,620.0499877929688,621.5999755859375,615.0,617.2999877929688,617.2999877929688,0,9,Thursday,0.7071067811865476,-0.7071067811865475
2023-08-17 10:15:00+05:30,617.3499755859375,619.5,617.0,618.0499877929688,618.0499877929688,1180541,10,Thursday,0.49999999999999994,-0.8660254037844387
2023-08-17 11:15:00+05:30,618.0499877929688,618.4000244140625,612.7000122070312,613.2000122070312,613.2000122070312,1611587,11,Thursday,0.258819045102521,-0.9659258262890682
2023-08-17 12:15:00+05:30,613.0,614.7000122070312,612.0999755859375,613.2000122070312,613.2000122070312,984940,12,Thursday,1.2246467991473532e-16,-1.0
2023-08-17 13:15:00+05:30,613.2999877929688,614.0,612.3499755859375,613.5999755859375,613.5999755859375,879454,13,Thursday,-0.2588190451025208,-0.9659258262890683
2023-08-17 14:15:00+05:30,613.5999755859375,615.0,611.0499877929688,614.4000244140625,614.4000244140625,3087301,14,Thursday,-0.4999999999999997,-0.8660254037844388
2023-08-17 15:15:00+05:30,614.5,614.6500244140625,611.9000244140625,613.75,613.75,1698999,15,Thursday,-0.7071067811865471,-0.7071067811865479
2023-08-18 09:15:00+05:30,612.4500122070312,617.0,611.4500122070312,614.3499755859375,614.3499755859375,0,9,Friday,0.7071067811865476,-0.7071067811865475
2023-08-18 10:15:00+05:30,614.1500244140625,616.5999755859375,613.0499877929688,616.0499877929688,616.0499877929688,1166821,10,Friday,0.49999999999999994,-0.8660254037844387
2023-08-18 11:15:00+05:30,616.2000122070312,617.0,613.9500122070312,615.25,615.25,1461155,11,Friday,0.258819045102521,-0.9659258262890682
2023-08-18 12:15:00+05:30,615.25,615.25,612.9500122070312,614.0999755859375,614.0999755859375,1089394,12,Friday,1.2246467991473532e-16,-1.0
2023-08-18 13:15:00+05:30,614.2000122070312,620.0999755859375,613.7000122070312,618.75,618.75,1860574,13,Friday,-0.2588190451025208,-0.9659258262890683
2023-08-18 14:15:00+05:30,618.8499755859375,619.2000122070312,615.0499877929688,616.9500122070312,616.9500122070312,2077669,14,Friday,-0.4999999999999997,-0.8660254037844388
2023-08-18 15:15:00+05:30,617.0,617.0,613.1500244140625,613.7999877929688,613.7999877929688,951865,15,Friday,-0.7071067811865471,-0.7071067811865479
2023-08-21 09:15:00+05:30,616.5,622.2000122070312,615.25,620.2999877929688,620.2999877929688,0,9,Monday,0.7071067811865476,-0.7071067811865475
2023-08-21 10:15:00+05:30,620.2000122070312,623.0,620.0,622.4000244140625,622.4000244140625,1246268,10,Monday,0.49999999999999994,-0.8660254037844387
2023-08-21 11:15:00+05:30,622.4000244140625,622.9500122070312,619.2000122070312,619.2999877929688,619.2999877929688,1534502,11,Monday,0.258819045102521,-0.9659258262890682
2023-08-21 12:15:00+05:30,619.2000122070312,621.0,618.0499877929688,619.8499755859375,619.8499755859375,1651289,12,Monday,1.2246467991473532e-16,-1.0
2023-08-21 13:15:00+05:30,619.75,622.25,619.0,621.25,621.25,976982,13,Monday,-0.2588190451025208,-0.9659258262890683
2023-08-21 14:15:00+05:30,621.25,622.0,620.0,620.0999755859375,620.0999755859375,1030693,14,Monday,-0.4999999999999997,-0.8660254037844388
2023-08-21 15:15:00+05:30,620.0499877929688,620.7000122070312,619.2999877929688,620.5,620.5,563642,15,Monday,-0.7071067811865471,-0.7071067811865479
2023-08-22 09:15:00+05:30,621.4500122070312,626.4500122070312,621.2999877929688,623.25,623.25,0,9,Tuesday,0.7071067811865476,-0.7071067811865475
2023-08-22 10:15:00+05:30,623.0,624.0,621.9500122070312,623.2999877929688,623.2999877929688,642846,10,Tuesday,0.49999999999999994,-0.8660254037844387
2023-08-22 11:15:00+05:30,623.3499755859375,624.0,621.7999877929688,623.2999877929688,623.2999877929688,1050644,11,Tuesday,0.258819045102521,-0.9659258262890682
2023-08-22 12:15:00+05:30,623.0999755859375,623.8499755859375,622.7000122070312,623.2999877929688,623.2999877929688,874521,12,Tuesday,1.2246467991473532e-16,-1.0
2023-08-22 13:15:00+05:30,623.5499877929688,624.0,620.6500244140625,622.25,622.25,1022396,13,Tuesday,-0.2588190451025208,-0.9659258262890683
2023-08-22 14:15:00+05:30,622.4500122070312,622.7999877929688,620.0,620.4500122070312,620.4500122070312,1201698,14,Tuesday,-0.4999999999999997,-0.8660254037844388
2023-08-22 15:15:00+05:30,620.4500122070312,620.7999877929688,618.5999755859375,619.4500122070312,619.4500122070312,809713,15,Tuesday,-0.7071067811865471,-0.7071067811865479
2023-08-23 09:15:00+05:30,622.2000122070312,622.7000122070312,615.2000122070312,616.0999755859375,616.0999755859375,0,9,Wednesday,0.7071067811865476,-0.7071067811865475
2023-08-23 10:15:00+05:30,616.0499877929688,616.3499755859375,613.5,615.25,615.25,1515880,10,Wednesday,0.49999999999999994,-0.8660254037844387
2023-08-23 11:15:00+05:30,615.0999755859375,615.5,614.2999877929688,614.7999877929688,614.7999877929688,911807,11,Wednesday,0.258819045102521,-0.9659258262890682
2023-08-23 12:15:00+05:30,614.7999877929688,615.25,614.2000122070312,614.4000244140625,614.4000244140625,717100,12,Wednesday,1.2246467991473532e-16,-1.0
2023-08-23 13:15:00+05:30,614.4000244140625,615.3499755859375,614.0,614.7999877929688,614.7999877929688,581656,13,Wednesday,-0.2588190451025208,-0.9659258262890683
2023-08-23 14:15:00+05:30,614.7999877929688,617.25,613.5,613.5999755859375,613.5999755859375,1304607,14,Wednesday,-0.4999999999999997,-0.8660254037844388
2023-08-23 15:15:00+05:30,613.5999755859375,614.5,613.2000122070312,614.5,614.5,849051,15,Wednesday,-0.7071067811865471,-0.7071067811865479
2023-08-24 09:15:00+05:30,618.0499877929688,618.9500122070312,615.75,617.0,617.0,1430002,9,Thursday,0.7071067811865476,-0.7071067811865475
2023-08-24 10:15:00+05:30,617.0999755859375,617.4500122070312,613.6500244140625,615.0,615.0,893106,10,Thursday,0.49999999999999994,-0.8660254037844387
2023-08-24 11:15:00+05:30,614.9000244140625,615.0999755859375,613.0,614.9000244140625,614.9000244140625,658536,11,Thursday,0.258819045102521,-0.9659258262890682
2023-08-24 12:15:00+05:30,614.8499755859375,615.0,613.2000122070312,613.4500122070312,613.4500122070312,889731,12,Thursday,1.2246467991473532e-16,-1.0
2023-08-24 13:15:00+05:30,613.4500122070312,614.4500122070312,613.1500244140625,614.0,614.0,700066,13,Thursday,-0.2588190451025208,-0.9659258262890683
2023-08-24 14:15:00+05:30,613.9500122070312,614.0,609.7000122070312,611.4000244140625,611.4000244140625,1839271,14,Thursday,-0.4999999999999997,-0.8660254037844388
2023-08-24 15:15:00+05:30,611.4000244140625,611.9500122070312,610.0,611.75,611.75,682121,15,Thursday,-0.7071067811865471,-0.7071067811865479
2023-08-25 09:15:00+05:30,609.5,614.6500244140625,609.3499755859375,611.9000244140625,611.9000244140625,1594868,9,Friday,0.7071067811865476,-0.7071067811865475
2023-08-25 10:15:00+05:30,612.0,612.0,607.0,609.2999877929688,609.2999877929688,1180021,10,Friday,0.49999999999999994,-0.8660254037844387
2023-08-25 11:15:00+05:30,609.3499755859375,615.4500122070312,608.5999755859375,612.2999877929688,612.2999877929688,1313802,11,Friday,0.258819045102521,-0.9659258262890682
2023-08-25 12:15:00+05:30,612.1500244140625,613.8499755859375,611.5,611.5,611.5,469346,12,Friday,1.2246467991473532e-16,-1.0
2023-08-25 13:15:00+05:30,611.5,616.5,604.8499755859375,606.5,606.5,2478178,13,Friday,-0.2588190451025208,-0.9659258262890683
2023-08-25 14:15:00+05:30,606.5,607.5,593.5,605.6500244140625,605.6500244140625,7583460,14,Friday,-0.4999999999999997,-0.8660254037844388
2023-08-25 15:15:00+05:30,605.6500244140625,605.9000244140625,601.0,601.7999877929688,601.7999877929688,1450996,15,Friday,-0.7071067811865471,-0.7071067811865479
2023-08-28 09:15:00+05:30,605.5,607.9500122070312,602.2000122070312,606.7000122070312,606.7000122070312,0,9,Monday,0.7071067811865476,-0.7071067811865475
2023-08-28 10:15:00+05:30,606.8499755859375,608.0,606.0,607.7999877929688,607.7999877929688,692810,10,Monday,0.49999999999999994,-0.8660254037844387
2023-08-28 11:15:00+05:30,607.7999877929688,608.5,604.9500122070312,605.0499877929688,605.0499877929688,907250,11,Monday,0.258819045102521,-0.9659258262890682
2023-08-28 12:15:00+05:30,604.9500122070312,606.3499755859375,604.5499877929688,604.7000122070312,604.7000122070312,652826,12,Monday,1.2246467991473532e-16,-1.0
2023-08-28 13:15:00+05:30,604.7000122070312,605.4000244140625,604.25,604.75,604.75,730106,13,Monday,-0.2588190451025208,-0.9659258262890683
2023-08-28 14:15:00+05:30,604.75,604.9500122070312,601.75,602.9500122070312,602.9500122070312,1685321,14,Monday,-0.4999999999999997,-0.8660254037844388
2023-08-28 15:15:00+05:30,602.9500122070312,603.0,601.6500244140625,602.4000244140625,602.4000244140625,799242,15,Monday,-0.7071067811865471,-0.7071067811865479
2023-08-29 09:15:00+05:30,604.5,607.3499755859375,604.5,606.2999877929688,606.2999877929688,1204396,9,Tuesday,0.7071067811865476,-0.7071067811865475
2023-08-29 10:15:00+05:30,606.4000244140625,607.8499755859375,605.4000244140625,605.7999877929688,605.7999877929688,825606,10,Tuesday,0.49999999999999994,-0.8660254037844387
2023-08-29 11:15:00+05:30,605.75,610.4500122070312,605.7000122070312,609.0999755859375,609.0999755859375,1653992,11,Tuesday,0.258819045102521,-0.9659258262890682
2023-08-29 12:15:00+05:30,609.1500244140625,610.2000122070312,607.7999877929688,608.6500244140625,608.6500244140625,873297,12,Tuesday,1.2246467991473532e-16,-1.0
2023-08-29 13:15:00+05:30,608.5,610.5,608.0999755859375,608.3499755859375,608.3499755859375,868682,13,Tuesday,-0.2588190451025208,-0.9659258262890683
2023-08-29 14:15:00+05:30,608.2000122070312,608.4000244140625,605.6500244140625,607.3499755859375,607.3499755859375,1015205,14,Tuesday,-0.4999999999999997,-0.8660254037844388
2023-08-29 15:15:00+05:30,607.3499755859375,607.9000244140625,606.8499755859375,607.6500244140625,607.6500244140625,509412,15,Tuesday,-0.7071067811865471,-0.7071067811865479
2023-08-30 09:15:00+05:30,611.2000122070312,612.9000244140625,608.7000122070312,611.25,611.25,0,9,Wednesday,0.7071067811865476,-0.7071067811865475
2023-08-30 10:15:00+05:30,611.2000122070312,611.5,610.0,610.3499755859375,610.3499755859375,583816,10,Wednesday,0.49999999999999994,-0.8660254037844387
2023-08-30 11:15:00+05:30,610.3499755859375,610.3499755859375,609.2999877929688,609.8499755859375,609.8499755859375,585085,11,Wednesday,0.258819045102521,-0.9659258262890682
2023-08-30 12:15:00+05:30,610.0,611.25,609.2999877929688,611.0,611.0,780942,12,Wednesday,1.2246467991473532e-16,-1.0
2023-08-30 13:15:00+05:30,611.0,611.0,607.7000122070312,607.9000244140625,607.9000244140625,616068,13,Wednesday,-0.2588190451025208,-0.9659258262890683
2023-08-30 14:15:00+05:30,607.9000244140625,608.0,605.0999755859375,605.7999877929688,605.7999877929688,1093836,14,Wednesday,-0.4999999999999997,-0.8660254037844388
2023-08-30 15:15:00+05:30,605.7999877929688,606.7999877929688,605.0,606.6500244140625,606.6500244140625,475929,15,Wednesday,-0.7071067811865471,-0.7071067811865479
2023-08-31 09:15:00+05:30,607.9500122070312,609.25,604.6500244140625,605.9000244140625,605.9000244140625,0,9,Thursday,0.7071067811865476,-0.7071067811865475
2023-08-31 10:15:00+05:30,605.7999877929688,606.2999877929688,604.1500244140625,605.25,605.25,576946,10,Thursday,0.49999999999999994,-0.8660254037844387
2023-08-31 11:15:00+05:30,605.4000244140625,608.4000244140625,605.25,606.0999755859375,606.0999755859375,950746,11,Thursday,0.258819045102521,-0.9659258262890682
2023-08-31 12:15:00+05:30,606.0999755859375,606.5,604.25,604.5,604.5,1072482,12,Thursday,1.2246467991473532e-16,-1.0
2023-08-31 13:15:00+05:30,604.3499755859375,607.5,603.7999877929688,606.25,606.25,1090355,13,Thursday,-0.2588190451025208,-0.9659258262890683
2023-08-31 14:15:00+05:30,606.2000122070312,606.6500244140625,600.0999755859375,601.7999877929688,601.7999877929688,3056641,14,Thursday,-0.4999999999999997,-0.8660254037844388
2023-08-31 15:15:00+05:30,601.8499755859375,601.9500122070312,599.0999755859375,601.9000244140625,601.9000244140625,2387305,15,Thursday,-0.7071067811865471,-0.7071067811865479
2023-09-01 09:15:00+05:30,603.0499877929688,608.5,602.75,608.2000122070312,608.2000122070312,0,9,Friday,0.7071067811865476,-0.7071067811865475
2023-09-01 10:15:00+05:30,607.9000244140625,610.5499877929688,607.2000122070312,610.4000244140625,610.4000244140625,1072909,10,Friday,0.49999999999999994,-0.8660254037844387
2023-09-01 11:15:00+05:30,610.4000244140625,614.7999877929688,609.9000244140625,611.8499755859375,611.8499755859375,1823238,11,Friday,0.258819045102521,-0.9659258262890682
2023-09-01 12:15:00+05:30,611.6500244140625,612.2999877929688,610.2000122070312,611.7999877929688,611.7999877929688,1073792,12,Friday,1.2246467991473532e-16,-1.0
2023-09-01 13:15:00+05:30,611.8499755859375,612.7999877929688,607.0999755859375,608.7999877929688,608.7999877929688,1998740,13,Friday,-0.2588190451025208,-0.9659258262890683
2023-09-01 14:15:00+05:30,608.8499755859375,612.4000244140625,608.5499877929688,611.0,611.0,1890517,14,Friday,-0.4999999999999997,-0.8660254037844388
2023-09-01 15:15:00+05:30,611.25,612.0,610.0,610.4000244140625,610.4000244140625,741861,15,Friday,-0.7071067811865471,-0.7071067811865479
2023-09-04 09:15:00+05:30,614.2999877929688,614.2999877929688,608.4000244140625,608.7999877929688,608.7999877929688,0,9,Monday,0.7071067811865476,-0.7071067811865475
2023-09-04 10:15:00+05:30,608.7999877929688,610.2999877929688,608.0,609.0,609.0,924890,10,Monday,0.49999999999999994,-0.8660254037844387
2023-09-04 11:15:00+05:30,609.0999755859375,609.4000244140625,606.0499877929688,606.2999877929688,606.2999877929688,1365511,11,Monday,0.258819045102521,-0.9659258262890682
2023-09-04 12:15:00+05:30,606.2000122070312,609.0,606.2000122070312,608.5499877929688,608.5499877929688,1112831,12,Monday,1.2246467991473532e-16,-1.0
2023-09-04 13:15:00+05:30,608.5499877929688,611.0999755859375,608.0499877929688,609.4500122070312,609.4500122070312,1327845,13,Monday,-0.2588190451025208,-0.9659258262890683
2023-09-04 14:15:00+05:30,609.4500122070312,609.9000244140625,608.5,609.5,609.5,1123787,14,Monday,-0.4999999999999997,-0.8660254037844388
2023-09-04 15:15:00+05:30,609.5,609.75,608.2999877929688,609.0,609.0,781353,15,Monday,-0.7071067811865471,-0.7071067811865479
2023-09-05 09:15:00+05:30,610.8499755859375,613.5999755859375,609.2000122070312,611.8499755859375,611.8499755859375,0,9,Tuesday,0.7071067811865476,-0.7071067811865475
2023-09-05 10:15:00+05:30,611.8499755859375,612.6500244140625,610.9000244140625,612.4500122070312,612.4500122070312,563498,10,Tuesday,0.49999999999999994,-0.8660254037844387
2023-09-05 11:15:00+05:30,612.5,618.7000122070312,612.3499755859375,613.3499755859375,613.3499755859375,2826375,11,Tuesday,0.258819045102521,-0.9659258262890682
2023-09-05 12:15:00+05:30,613.3499755859375,614.0,609.7999877929688,613.1500244140625,613.1500244140625,1192420,12,Tuesday,1.2246467991473532e-16,-1.0
2023-09-05 13:15:00+05:30,613.1500244140625,613.2999877929688,608.0999755859375,610.7000122070312,610.7000122070312,1069931,13,Tuesday,-0.2588190451025208,-0.9659258262890683
2023-09-05 14:15:00+05:30,610.5999755859375,611.75,609.9000244140625,611.75,611.75,907184,14,Tuesday,-0.4999999999999997,-0.8660254037844388
2023-09-05 15:15:00+05:30,611.7000122070312,611.7999877929688,610.7999877929688,611.7000122070312,611.7000122070312,538079,15,Tuesday,-0.7071067811865471,-0.7071067811865479
2023-09-06 09:15:00+05:30,611.1500244140625,611.1500244140625,606.6500244140625,607.9000244140625,607.9000244140625,0,9,Wednesday,0.7071067811865476,-0.7071067811865475
2023-09-06 10:15:00+05:30,607.7000122070312,609.0,606.8499755859375,607.5,607.5,763247,10,Wednesday,0.49999999999999994,-0.8660254037844387
2023-09-06 11:15:00+05:30,607.2999877929688,607.75,605.5999755859375,607.5499877929688,607.5499877929688,722882,11,Wednesday,0.258819045102521,-0.9659258262890682
2023-09-06 12:15:00+05:30,607.7000122070312,608.25,607.0,608.0999755859375,608.0999755859375,500438,12,Wednesday,1.2246467991473532e-16,-1.0
2023-09-06 13:15:00+05:30,608.0999755859375,609.0999755859375,606.6500244140625,607.75,607.75,582732,13,Wednesday,-0.2588190451025208,-0.9659258262890683
2023-09-06 14:15:00+05:30,607.75,611.4500122070312,607.5999755859375,610.4000244140625,610.4000244140625,1549580,14,Wednesday,-0.4999999999999997,-0.8660254037844388
2023-09-06 15:15:00+05:30,610.3499755859375,611.0,609.5,610.7999877929688,610.7999877929688,691079,15,Wednesday,-0.7071067811865471,-0.7071067811865479
2023-09-07 09:15:00+05:30,611.7000122070312,613.2000122070312,609.0999755859375,612.0,612.0,0,9,Thursday,0.7071067811865476,-0.7071067811865475
2023-09-07 10:15:00+05:30,612.0,613.9000244140625,611.4000244140625,613.0,613.0,935914,10,Thursday,0.49999999999999994,-0.8660254037844387
2023-09-07 11:15:00+05:30,613.0,614.7999877929688,612.2000122070312,613.0,613.0,757315,11,Thursday,0.258819045102521,-0.9659258262890682
2023-09-07 12:15:00+05:30,613.0,615.7000122070312,612.5999755859375,614.5499877929688,614.5499877929688,825176,12,Thursday,1.2246467991473532e-16,-1.0
2023-09-07 13:15:00+05:30,614.5999755859375,616.4000244140625,613.9500122070312,616.2999877929688,616.2999877929688,821358,13,Thursday,-0.2588190451025208,-0.9659258262890683
2023-09-07 14:15:00+05:30,616.2999877929688,616.5,614.4500122070312,614.8499755859375,614.8499755859375,1340665,14,Thursday,-0.4999999999999997,-0.8660254037844388
2023-09-07 15:15:00+05:30,614.8499755859375,615.25,614.2000122070312,614.25,614.25,552583,15,Thursday,-0.7071067811865471,-0.7071067811865479
2023-09-08 09:15:00+05:30,617.3499755859375,621.7999877929688,614.4000244140625,620.75,620.75,0,9,Friday,0.7071067811865476,-0.7071067811865475
2023-09-08 10:15:00+05:30,620.8499755859375,622.5,618.7999877929688,621.75,621.75,1911130,10,Friday,0.49999999999999994,-0.8660254037844387
2023-09-08 11:15:00+05:30,621.7000122070312,627.9500122070312,621.5,623.8499755859375,623.8499755859375,4473132,11,Friday,0.258819045102521,-0.9659258262890682
2023-09-08 12:15:00+05:30,623.9000244140625,627.0,623.6500244140625,624.9000244140625,624.9000244140625,1665422,12,Friday,1.2246467991473532e-16,-1.0
2023-09-08 13:15:00+05:30,624.75,626.5,623.7000122070312,625.25,625.25,1223057,13,Friday,-0.2588190451025208,-0.9659258262890683
2023-09-08 14:15:00+05:30,625.4000244140625,628.8499755859375,624.1500244140625,626.75,626.75,2802743,14,Friday,-0.4999999999999997,-0.8660254037844388
2023-09-08 15:15:00+05:30,626.7000122070312,627.9500122070312,626.3499755859375,627.25,627.25,1237976,15,Friday,-0.7071067811865471,-0.7071067811865479
2023-09-11 09:15:00+05:30,633.1500244140625,635.4000244140625,630.5499877929688,632.75,632.75,0,9,Monday,0.7071067811865476,-0.7071067811865475
2023-09-11 10:15:00+05:30,632.75,635.0,631.9000244140625,632.4000244140625,632.4000244140625,1122420,10,Monday,0.49999999999999994,-0.8660254037844387
2023-09-11 11:15:00+05:30,632.4500122070312,633.9000244140625,632.1500244140625,632.9500122070312,632.9500122070312,650884,11,Monday,0.258819045102521,-0.9659258262890682
2023-09-11 12:15:00+05:30,632.9000244140625,633.9500122070312,631.5499877929688,633.7000122070312,633.7000122070312,600942,12,Monday,1.2246467991473532e-16,-1.0
2023-09-11 13:15:00+05:30,633.7000122070312,634.0,632.9500122070312,633.7000122070312,633.7000122070312,577841,13,Monday,-0.2588190451025208,-0.9659258262890683
2023-09-11 14:15:00+05:30,633.7000122070312,635.1500244140625,633.5499877929688,635.0499877929688,635.0499877929688,1837296,14,Monday,-0.4999999999999997,-0.8660254037844388
2023-09-11 15:15:00+05:30,635.2000122070312,635.2000122070312,634.25,634.5499877929688,634.5499877929688,701386,15,Monday,-0.7071067811865471,-0.7071067811865479
2023-09-12 09:15:00+05:30,638.5,638.5,621.3499755859375,626.4000244140625,626.4000244140625,0,9,Tuesday,0.7071067811865476,-0.7071067811865475
2023-09-12 10:15:00+05:30,626.4000244140625,630.2000122070312,623.0,629.7000122070312,629.7000122070312,1952644,10,Tuesday,0.49999999999999994,-0.8660254037844387
2023-09-12 11:15:00+05:30,629.5499877929688,630.5,616.0499877929688,618.5999755859375,618.5999755859375,2580708,11,Tuesday,0.258819045102521,-0.9659258262890682
2023-09-12 12:15:00+05:30,618.7000122070312,620.5,615.6500244140625,617.5499877929688,617.5499877929688,1543921,12,Tuesday,1.2246467991473532e-16,-1.0
2023-09-12 13:15:00+05:30,617.5,624.4000244140625,617.5,623.4000244140625,623.4000244140625,1766926,13,Tuesday,-0.2588190451025208,-0.9659258262890683
2023-09-12 14:15:00+05:30,623.4000244140625,623.7999877929688,620.0999755859375,620.5999755859375,620.5999755859375,1194799,14,Tuesday,-0.4999999999999997,-0.8660254037844388
2023-09-12 15:15:00+05:30,620.5499877929688,621.0999755859375,620.2000122070312,620.7000122070312,620.7000122070312,556366,15,Tuesday,-0.7071067811865471,-0.7071067811865479
2023-09-13 09:15:00+05:30,621.2999877929688,627.4000244140625,619.5499877929688,624.6500244140625,624.6500244140625,0,9,Wednesday,0.7071067811865476,-0.7071067811865475
2023-09-13 10:15:00+05:30,624.75,626.3499755859375,622.5999755859375,625.2999877929688,625.2999877929688,724146,10,Wednesday,0.49999999999999994,-0.8660254037844387
2023-09-13 11:15:00+05:30,625.2999877929688,627.9500122070312,625.0,627.2999877929688,627.2999877929688,695788,11,Wednesday,0.258819045102521,-0.9659258262890682
2023-09-13 12:15:00+05:30,627.3499755859375,628.4000244140625,625.0999755859375,627.0999755859375,627.0999755859375,684261,12,Wednesday,1.2246467991473532e-16,-1.0
2023-09-13 13:15:00+05:30,627.1500244140625,627.5999755859375,625.0999755859375,626.0999755859375,626.0999755859375,543559,13,Wednesday,-0.2588190451025208,-0.9659258262890683
2023-09-13 14:15:00+05:30,626.0999755859375,628.5,625.5,625.8499755859375,625.8499755859375,1025681,14,Wednesday,-0.4999999999999997,-0.8660254037844388
2023-09-13 15:15:00+05:30,625.8499755859375,626.7999877929688,624.9000244140625,626.0,626.0,468976,15,Wednesday,-0.7071067811865471,-0.7071067811865479
2023-09-14 09:15:00+05:30,628.7000122070312,630.7999877929688,626.5,628.6500244140625,628.6500244140625,0,9,Thursday,0.7071067811865476,-0.7071067811865475
2023-09-14 10:15:00+05:30,628.75,629.9000244140625,627.0,627.2999877929688,627.2999877929688,750834,10,Thursday,0.49999999999999994,-0.8660254037844387
2023-09-14 11:15:00+05:30,627.2000122070312,628.2999877929688,625.0,628.2999877929688,628.2999877929688,689730,11,Thursday,0.258819045102521,-0.9659258262890682
2023-09-14 12:15:00+05:30,628.2999877929688,628.5,626.0999755859375,626.4000244140625,626.4000244140625,469031,12,Thursday,1.2246467991473532e-16,-1.0
2023-09-14 13:15:00+05:30,626.3499755859375,626.9000244140625,623.2999877929688,625.0,625.0,745964,13,Thursday,-0.2588190451025208,-0.9659258262890683
2023-09-14 14:15:00+05:30,625.0,626.4000244140625,624.0499877929688,624.1500244140625,624.1500244140625,991912,14,Thursday,-0.4999999999999997,-0.8660254037844388
2023-09-14 15:15:00+05:30,624.25,625.0999755859375,623.4500122070312,624.7000122070312,624.7000122070312,536184,15,Thursday,-0.7071067811865471,-0.7071067811865479
2023-09-15 09:15:00+05:30,628.5999755859375,636.0,627.9000244140625,633.5999755859375,633.5999755859375,0,9,Friday,0.7071067811865476,-0.7071067811865475
2023-09-15 10:15:00+05:30,633.5999755859375,636.4000244140625,633.1500244140625,635.0,635.0,2024105,10,Friday,0.49999999999999994,-0.8660254037844387
2023-09-15 11:15:00+05:30,635.0,635.0999755859375,630.1500244140625,630.6500244140625,630.6500244140625,1591535,11,Friday,0.258819045102521,-0.9659258262890682
2023-09-15 12:15:00+05:30,630.5,631.4500122070312,627.4000244140625,630.9500122070312,630.9500122070312,2004087,12,Friday,1.2246467991473532e-16,-1.0
2023-09-15 13:15:00+05:30,630.9500122070312,635.75,630.5999755859375,634.3499755859375,634.3499755859375,2161148,13,Friday,-0.2588190451025208,-0.9659258262890683
2023-09-15 14:15:00+05:30,634.4000244140625,635.4000244140625,633.2999877929688,634.2999877929688,634.2999877929688,4098337,14,Friday,-0.4999999999999997,-0.8660254037844388
2023-09-15 15:15:00+05:30,634.25,634.5499877929688,633.8499755859375,634.0,634.0,1910133,15,Friday,-0.7071067811865471,-0.7071067811865479
2023-09-18 09:15:00+05:30,634.25,640.7000122070312,633.25,639.7999877929688,639.7999877929688,0,9,Monday,0.7071067811865476,-0.7071067811865475
2023-09-18 10:15:00+05:30,639.7000122070312,641.8499755859375,639.1500244140625,639.75,639.75,2224767,10,Monday,0.49999999999999994,-0.8660254037844387
2023-09-18 11:15:00+05:30,640.0,641.4000244140625,639.0,641.0999755859375,641.0999755859375,699451,11,Monday,0.258819045102521,-0.9659258262890682
2023-09-18 12:15:00+05:30,641.1500244140625,644.2000122070312,640.8499755859375,642.9500122070312,642.9500122070312,1918952,12,Monday,1.2246467991473532e-16,-1.0
2023-09-18 13:15:00+05:30,642.9500122070312,643.7999877929688,641.5,642.7000122070312,642.7000122070312,931065,13,Monday,-0.2588190451025208,-0.9659258262890683
2023-09-18 14:15:00+05:30,642.7000122070312,643.0,640.25,640.9500122070312,640.9500122070312,1359970,14,Monday,-0.4999999999999997,-0.8660254037844388
2023-09-18 15:15:00+05:30,640.9000244140625,641.3499755859375,639.8499755859375,640.6500244140625,640.6500244140625,0,15,Monday,-0.7071067811865471,-0.7071067811865479
2023-09-20 09:15:00+05:30,640.0,646.9000244140625,637.0,644.7999877929688,644.7999877929688,4096762,9,Wednesday,0.7071067811865476,-0.7071067811865475
2023-09-20 10:15:00+05:30,644.6500244140625,645.5,642.7000122070312,644.75,644.75,1292621,10,Wednesday,0.49999999999999994,-0.8660254037844387
2023-09-20 11:15:00+05:30,644.5499877929688,645.9000244140625,644.5,645.7000122070312,645.7000122070312,1289543,11,Wednesday,0.258819045102521,-0.9659258262890682
2023-09-20 12:15:00+05:30,645.6500244140625,645.6500244140625,641.8499755859375,642.9500122070312,642.9500122070312,1398435,12,Wednesday,1.2246467991473532e-16,-1.0
2023-09-20 13:15:00+05:30,642.9500122070312,643.2999877929688,640.75,643.1500244140625,643.1500244140625,1065040,13,Wednesday,-0.2588190451025208,-0.9659258262890683
2023-09-20 14:15:00+05:30,643.0999755859375,643.2000122070312,638.2000122070312,638.4000244140625,638.4000244140625,1616501,14,Wednesday,-0.4999999999999997,-0.8660254037844388
2023-09-20 15:15:00+05:30,638.4000244140625,640.0,637.5,640.0,640.0,1016954,15,Wednesday,-0.7071067811865471,-0.7071067811865479
2023-09-21 09:15:00+05:30,638.2999877929688,641.6500244140625,633.0,634.5,634.5,0,9,Thursday,0.7071067811865476,-0.7071067811865475
2023-09-21 10:15:00+05:30,634.5,635.5999755859375,626.75,631.0,631.0,2234295,10,Thursday,0.49999999999999994,-0.8660254037844387
2023-09-21 11:15:00+05:30,631.0499877929688,632.2999877929688,629.2000122070312,630.0,630.0,866509,11,Thursday,0.258819045102521,-0.9659258262890682
2023-09-21 12:15:00+05:30,630.0499877929688,630.2999877929688,627.0499877929688,628.0,628.0,704683,12,Thursday,1.2246467991473532e-16,-1.0
2023-09-21 13:15:00+05:30,627.9500122070312,629.0,624.25,626.5,626.5,1007248,13,Thursday,-0.2588190451025208,-0.9659258262890683
2023-09-21 14:15:00+05:30,626.5499877929688,627.9500122070312,625.2000122070312,626.75,626.75,1038136,14,Thursday,-0.4999999999999997,-0.8660254037844388
2023-09-21 15:15:00+05:30,626.8499755859375,628.5999755859375,626.2999877929688,628.1500244140625,628.1500244140625,745722,15,Thursday,-0.7071067811865471,-0.7071067811865479
2023-09-22 09:15:00+05:30,630.4500122070312,630.75,623.0,626.6500244140625,626.6500244140625,0,9,Friday,0.7071067811865476,-0.7071067811865475
2023-09-22 10:15:00+05:30,626.75,629.9000244140625,625.7000122070312,628.0,628.0,828048,10,Friday,0.49999999999999994,-0.8660254037844387
2023-09-22 11:15:00+05:30,627.9500122070312,628.0,626.3499755859375,626.7999877929688,626.7999877929688,779359,11,Friday,0.258819045102521,-0.9659258262890682
2023-09-22 12:15:00+05:30,626.7999877929688,627.9000244140625,625.75,626.75,626.75,586740,12,Friday,1.2246467991473532e-16,-1.0
2023-09-22 13:15:00+05:30,626.9000244140625,627.5499877929688,624.6500244140625,625.1500244140625,625.1500244140625,649294,13,Friday,-0.2588190451025208,-0.9659258262890683
2023-09-22 14:15:00+05:30,625.1500244140625,625.25,620.0,620.2000122070312,620.2000122070312,1337618,14,Friday,-0.4999999999999997,-0.8660254037844388
2023-09-22 15:15:00+05:30,620.1500244140625,621.0,619.0999755859375,620.9500122070312,620.9500122070312,667784,15,Friday,-0.7071067811865471,-0.7071067811865479
2023-09-25 09:15:00+05:30,622.7000122070312,623.5999755859375,619.2000122070312,619.4000244140625,619.4000244140625,0,9,Monday,0.7071067811865476,-0.7071067811865475
2023-09-25 10:15:00+05:30,619.3499755859375,621.5499877929688,618.2000122070312,619.0,619.0,603146,10,Monday,0.49999999999999994,-0.8660254037844387
2023-09-25 11:15:00+05:30,618.9000244140625,620.6500244140625,618.1500244140625,619.0999755859375,619.0999755859375,724344,11,Monday,0.258819045102521,-0.9659258262890682
2023-09-25 12:15:00+05:30,619.0499877929688,625.2000122070312,619.0499877929688,622.7999877929688,622.7999877929688,1143267,12,Monday,1.2246467991473532e-16,-1.0
2023-09-25 13:15:00+05:30,623.0,623.9500122070312,618.7000122070312,619.0499877929688,619.0499877929688,836375,13,Monday,-0.2588190451025208,-0.9659258262890683
2023-09-25 14:15:00+05:30,619.0,620.8499755859375,618.2999877929688,618.2999877929688,618.2999877929688,1245758,14,Monday,-0.4999999999999997,-0.8660254037844388
2023-09-25 15:15:00+05:30,618.2000122070312,619.3499755859375,617.9000244140625,619.0,619.0,550281,15,Monday,-0.7071067811865471,-0.7071067811865479
2023-09-26 09:15:00+05:30,618.5999755859375,622.75,618.5,621.3499755859375,621.3499755859375,0,9,Tuesday,0.7071067811865476,-0.7071067811865475
2023-09-26 10:15:00+05:30,621.2999877929688,625.7000122070312,621.2000122070312,623.4500122070312,623.4500122070312,1383588,10,Tuesday,0.49999999999999994,-0.8660254037844387
2023-09-26 11:15:00+05:30,623.5,623.7999877929688,622.0,623.1500244140625,623.1500244140625,510767,11,Tuesday,0.258819045102521,-0.9659258262890682
2023-09-26 12:15:00+05:30,623.1500244140625,623.25,620.0999755859375,621.6500244140625,621.6500244140625,704981,12,Tuesday,1.2246467991473532e-16,-1.0
2023-09-26 13:15:00+05:30,621.7000122070312,623.1500244140625,620.75,622.25,622.25,614063,13,Tuesday,-0.2588190451025208,-0.9659258262890683
2023-09-26 14:15:00+05:30,622.25,623.2999877929688,619.4000244140625,619.5,619.5,1182942,14,Tuesday,-0.4999999999999997,-0.8660254037844388
2023-09-26 15:15:00+05:30,619.5499877929688,620.0,619.0,619.8499755859375,619.8499755859375,486520,15,Tuesday,-0.7071067811865471,-0.7071067811865479
2023-09-27 09:15:00+05:30,619.9500122070312,621.0,617.0,619.25,619.25,0,9,Wednesday,0.7071067811865476,-0.7071067811865475
2023-09-27 10:15:00+05:30,619.0999755859375,619.5999755859375,617.0499877929688,619.1500244140625,619.1500244140625,696439,10,Wednesday,0.49999999999999994,-0.8660254037844387
2023-09-27 11:15:00+05:30,619.2999877929688,619.4000244140625,617.9500122070312,618.1500244140625,618.1500244140625,522193,11,Wednesday,0.258819045102521,-0.9659258262890682
2023-09-27 12:15:00+05:30,618.25,618.7999877929688,616.9500122070312,617.8499755859375,617.8499755859375,622303,12,Wednesday,1.2246467991473532e-16,-1.0
2023-09-27 13:15:00+05:30,617.9000244140625,618.5,616.7999877929688,618.0999755859375,618.0999755859375,689678,13,Wednesday,-0.2588190451025208,-0.9659258262890683
2023-09-27 14:15:00+05:30,618.1500244140625,620.2999877929688,617.3499755859375,619.5999755859375,619.5999755859375,1408253,14,Wednesday,-0.4999999999999997,-0.8660254037844388
2023-09-27 15:15:00+05:30,619.7000122070312,621.8499755859375,619.5,620.5999755859375,620.5999755859375,686437,15,Wednesday,-0.7071067811865471,-0.7071067811865479
2023-09-28 09:15:00+05:30,623.2000122070312,623.7999877929688,620.5,621.2000122070312,621.2000122070312,0,9,Thursday,0.7071067811865476,-0.7071067811865475
2023-09-28 10:15:00+05:30,621.0999755859375,622.4500122070312,619.7000122070312,621.6500244140625,621.6500244140625,764429,10,Thursday,0.49999999999999994,-0.8660254037844387
2023-09-28 11:15:00+05:30,621.7000122070312,621.8499755859375,619.5999755859375,620.5,620.5,768054,11,Thursday,0.258819045102521,-0.9659258262890682
2023-09-28 12:15:00+05:30,620.5999755859375,620.7999877929688,617.5,617.8499755859375,617.8499755859375,901729,12,Thursday,1.2246467991473532e-16,-1.0
2023-09-28 13:15:00+05:30,618.0,618.0,614.25,614.9500122070312,614.9500122070312,959161,13,Thursday,-0.2588190451025208,-0.9659258262890683
2023-09-28 14:15:00+05:30,614.9000244140625,616.0,612.2999877929688,612.5999755859375,612.5999755859375,1308564,14,Thursday,-0.4999999999999997,-0.8660254037844388
2023-09-28 15:15:00+05:30,612.75,615.75,612.5499877929688,615.0,615.0,871624,15,Thursday,-0.7071067811865471,-0.7071067811865479
2023-09-29 09:15:00+05:30,619.0,626.2999877929688,617.1500244140625,626.0,626.0,0,9,Friday,0.7071067811865476,-0.7071067811865475
2023-09-29 10:15:00+05:30,626.3499755859375,629.4000244140625,626.0499877929688,628.2000122070312,628.2000122070312,1442485,10,Friday,0.49999999999999994,-0.8660254037844387
2023-09-29 11:15:00+05:30,628.2000122070312,631.5499877929688,627.0999755859375,629.5,629.5,1100958,11,Friday,0.258819045102521,-0.9659258262890682
2023-09-29 12:15:00+05:30,629.5,630.5,628.2000122070312,630.5,630.5,638229,12,Friday,1.2246467991473532e-16,-1.0
2023-09-29 13:15:00+05:30,630.4000244140625,632.4500122070312,629.9500122070312,631.7000122070312,631.7000122070312,949623,13,Friday,-0.2588190451025208,-0.9659258262890683
2023-09-29 14:15:00+05:30,631.7000122070312,633.0,628.7999877929688,629.5499877929688,629.5499877929688,2205866,14,Friday,-0.4999999999999997,-0.8660254037844388
2023-09-29 15:15:00+05:30,629.5499877929688,631.5999755859375,629.5,630.4000244140625,630.4000244140625,961854,15,Friday,-0.7071067811865471,-0.7071067811865479
2023-10-03 09:15:00+05:30,629.8499755859375,629.8499755859375,619.5999755859375,621.0999755859375,621.0999755859375,0,9,Tuesday,0.7071067811865476,-0.7071067811865475
2023-10-03 10:15:00+05:30,621.1500244140625,622.9000244140625,619.4500122070312,620.5499877929688,620.5499877929688,1002096,10,Tuesday,0.49999999999999994,-0.8660254037844387
2023-10-03 11:15:00+05:30,620.5499877929688,621.75,618.5999755859375,619.9000244140625,619.9000244140625,849594,11,Tuesday,0.258819045102521,-0.9659258262890682
2023-10-03 12:15:00+05:30,620.0,621.0999755859375,619.5,620.6500244140625,620.6500244140625,505552,12,Tuesday,1.2246467991473532e-16,-1.0
2023-10-03 13:15:00+05:30,620.6500244140625,622.9500122070312,620.4000244140625,621.0,621.0,733779,13,Tuesday,-0.2588190451025208,-0.9659258262890683
2023-10-03 14:15:00+05:30,621.0,621.5,619.75,620.0999755859375,620.0999755859375,816225,14,Tuesday,-0.4999999999999997,-0.8660254037844388
2023-10-03 15:15:00+05:30,620.1500244140625,621.2000122070312,619.7999877929688,620.4500122070312,620.4500122070312,746778,15,Tuesday,-0.7071067811865471,-0.7071067811865479
2023-10-04 09:15:00+05:30,619.9000244140625,619.9000244140625,612.5999755859375,614.7999877929688,614.7999877929688,0,9,Wednesday,0.7071067811865476,-0.7071067811865475
2023-10-04 10:15:00+05:30,614.75,617.2999877929688,614.2999877929688,616.2000122070312,616.2000122070312,618443,10,Wednesday,0.49999999999999994,-0.8660254037844387
2023-10-04 11:15:00+05:30,616.0999755859375,616.3499755859375,611.2999877929688,612.8499755859375,612.8499755859375,1257754,11,Wednesday,0.258819045102521,-0.9659258262890682
2023-10-04 12:15:00+05:30,612.7000122070312,613.5,608.5,611.0,611.0,1313373,12,Wednesday,1.2246467991473532e-16,-1.0
2023-10-04 13:15:00+05:30,610.9500122070312,613.3499755859375,610.25,612.9000244140625,612.9000244140625,768761,13,Wednesday,-0.2588190451025208,-0.9659258262890683
2023-10-04 14:15:00+05:30,612.8499755859375,614.2999877929688,611.7000122070312,613.9500122070312,613.9500122070312,853085,14,Wednesday,-0.4999999999999997,-0.8660254037844388
2023-10-04 15:15:00+05:30,613.8499755859375,614.5999755859375,613.0499877929688,614.4000244140625,614.4000244140625,481086,15,Wednesday,-0.7071067811865471,-0.7071067811865479
2023-10-05 09:15:00+05:30,618.7999877929688,620.2000122070312,616.7000122070312,617.6500244140625,617.6500244140625,0,9,Thursday,0.7071067811865476,-0.7071067811865475
2023-10-05 10:15:00+05:30,617.6500244140625,619.4000244140625,614.7000122070312,617.5999755859375,617.5999755859375,1380672,10,Thursday,0.49999999999999994,-0.8660254037844387
2023-10-05 11:15:00+05:30,617.75,618.2999877929688,616.5,617.3499755859375,617.3499755859375,554670,11,Thursday,0.258819045102521,-0.9659258262890682
2023-10-05 12:15:00+05:30,617.3499755859375,617.3499755859375,614.75,615.0,615.0,481161,12,Thursday,1.2246467991473532e-16,-1.0
2023-10-05 13:15:00+05:30,614.9000244140625,621.3499755859375,614.8499755859375,619.6500244140625,619.6500244140625,1739983,13,Thursday,-0.2588190451025208,-0.9659258262890683
2023-10-05 14:15:00+05:30,619.7000122070312,620.0999755859375,617.5999755859375,619.2999877929688,619.2999877929688,1048615,14,Thursday,-0.4999999999999997,-0.8660254037844388
2023-10-05 15:15:00+05:30,619.2999877929688,620.7000122070312,619.0,619.4000244140625,619.4000244140625,817970,15,Thursday,-0.7071067811865471,-0.7071067811865479
2023-10-06 09:15:00+05:30,626.7999877929688,626.7999877929688,621.7999877929688,623.5,623.5,0,9,Friday,0.7071067811865476,-0.7071067811865475
2023-10-06 10:15:00+05:30,623.5,624.8499755859375,622.0999755859375,622.4000244140625,622.4000244140625,942851,10,Friday,0.49999999999999994,-0.8660254037844387
2023-10-06 11:15:00+05:30,622.5,622.5499877929688,620.5,620.9000244140625,620.9000244140625,861595,11,Friday,0.258819045102521,-0.9659258262890682
2023-10-06 12:15:00+05:30,620.6500244140625,623.2000122070312,620.0,622.75,622.75,988187,12,Friday,1.2246467991473532e-16,-1.0
2023-10-06 13:15:00+05:30,622.75,623.75,622.2999877929688,623.2999877929688,623.2999877929688,696562,13,Friday,-0.2588190451025208,-0.9659258262890683
2023-10-06 14:15:00+05:30,623.25,623.75,622.2999877929688,622.75,622.75,989043,14,Friday,-0.4999999999999997,-0.8660254037844388
2023-10-06 15:15:00+05:30,622.75,623.2000122070312,621.0999755859375,622.4500122070312,622.4500122070312,0,15,Friday,-0.7071067811865471,-0.7071067811865479
2023-10-09 09:15:00+05:30,619.7000122070312,620.8499755859375,614.2000122070312,620.4000244140625,620.4000244140625,0,9,Monday,0.7071067811865476,-0.7071067811865475
2023-10-09 10:15:00+05:30,620.4000244140625,622.0,619.2000122070312,620.4500122070312,620.4500122070312,803739,10,Monday,0.49999999999999994,-0.8660254037844387
2023-10-09 11:15:00+05:30,620.75,620.8499755859375,617.7000122070312,617.9500122070312,617.9500122070312,604433,11,Monday,0.258819045102521,-0.9659258262890682
2023-10-09 12:15:00+05:30,617.9500122070312,617.9500122070312,614.5,615.8499755859375,615.8499755859375,938550,12,Monday,1.2246467991473532e-16,-1.0
2023-10-09 13:15:00+05:30,615.8499755859375,617.5499877929688,615.5999755859375,616.5499877929688,616.5499877929688,418136,13,Monday,-0.2588190451025208,-0.9659258262890683
2023-10-09 14:15:00+05:30,616.5499877929688,618.5999755859375,615.5,617.5999755859375,617.5999755859375,720965,14,Monday,-0.4999999999999997,-0.8660254037844388
2023-10-09 15:15:00+05:30,617.5999755859375,617.9000244140625,616.4000244140625,617.5,617.5,457851,15,Monday,-0.7071067811865471,-0.7071067811865479
2023-10-10 09:15:00+05:30,620.0,632.5,620.0,629.25,629.25,0,9,Tuesday,0.7071067811865476,-0.7071067811865475
2023-10-10 10:15:00+05:30,629.2000122070312,629.5499877929688,625.5,626.1500244140625,626.1500244140625,1086950,10,Tuesday,0.49999999999999994,-0.8660254037844387
2023-10-10 11:15:00+05:30,626.1500244140625,630.0999755859375,625.1500244140625,629.4000244140625,629.4000244140625,1353495,11,Tuesday,0.258819045102521,-0.9659258262890682
2023-10-10 12:15:00+05:30,629.3499755859375,630.7000122070312,628.6500244140625,629.4500122070312,629.4500122070312,685475,12,Tuesday,1.2246467991473532e-16,-1.0
2023-10-10 13:15:00+05:30,629.5,629.9500122070312,628.5,629.5,629.5,394276,13,Tuesday,-0.2588190451025208,-0.9659258262890683
2023-10-10 14:15:00+05:30,629.5499877929688,631.0,629.0999755859375,629.9000244140625,629.9000244140625,1074632,14,Tuesday,-0.4999999999999997,-0.8660254037844388
2023-10-10 15:15:00+05:30,629.7999877929688,631.9500122070312,629.75,630.5499877929688,630.5499877929688,804899,15,Tuesday,-0.7071067811865471,-0.7071067811865479
2023-10-11 09:15:00+05:30,633.0,637.6500244140625,633.0,635.2000122070312,635.2000122070312,0,9,Wednesday,0.7071067811865476,-0.7071067811865475
2023-10-11 10:15:00+05:30,635.2999877929688,636.9000244140625,634.5499877929688,635.0999755859375,635.0999755859375,774508,10,Wednesday,0.49999999999999994,-0.8660254037844387
2023-10-11 11:15:00+05:30,635.0999755859375,635.4500122070312,633.5499877929688,635.0,635.0,981293,11,Wednesday,0.258819045102521,-0.9659258262890682
2023-10-11 12:15:00+05:30,634.9500122070312,636.5,634.5,635.75,635.75,860690,12,Wednesday,1.2246467991473532e-16,-1.0
2023-10-11 13:15:00+05:30,635.75,635.9500122070312,633.0999755859375,634.5,634.5,706985,13,Wednesday,-0.2588190451025208,-0.9659258262890683
2023-10-11 14:15:00+05:30,634.5,635.4000244140625,633.75,634.0,634.0,1124495,14,Wednesday,-0.4999999999999997,-0.8660254037844388
2023-10-11 15:15:00+05:30,634.0,634.7000122070312,633.0,634.5,634.5,794360,15,Wednesday,-0.7071067811865471,-0.7071067811865479
2023-10-12 09:15:00+05:30,637.0,640.0,636.2999877929688,638.0499877929688,638.0499877929688,0,9,Thursday,0.7071067811865476,-0.7071067811865475
2023-10-12 10:15:00+05:30,638.0499877929688,639.5,637.9000244140625,639.0,639.0,627245,10,Thursday,0.49999999999999994,-0.8660254037844387
2023-10-12 11:15:00+05:30,639.0,639.0,637.0499877929688,637.4000244140625,637.4000244140625,617490,11,Thursday,0.258819045102521,-0.9659258262890682
2023-10-12 12:15:00+05:30,637.25,638.0,636.2999877929688,636.7000122070312,636.7000122070312,558353,12,Thursday,1.2246467991473532e-16,-1.0
2023-10-12 13:15:00+05:30,636.6500244140625,637.0,635.2000122070312,635.4000244140625,635.4000244140625,630375,13,Thursday,-0.2588190451025208,-0.9659258262890683
2023-10-12 14:15:00+05:30,635.2999877929688,637.9000244140625,635.0499877929688,637.25,637.25,1026097,14,Thursday,-0.4999999999999997,-0.8660254037844388
2023-10-12 15:15:00+05:30,637.4000244140625,637.4500122070312,636.7000122070312,637.0999755859375,637.0999755859375,421687,15,Thursday,-0.7071067811865471,-0.7071067811865479
2023-10-13 09:15:00+05:30,633.9000244140625,640.8499755859375,633.9000244140625,639.3499755859375,639.3499755859375,0,9,Friday,0.7071067811865476,-0.7071067811865475
2023-10-13 10:15:00+05:30,639.4000244140625,640.5,637.7000122070312,638.4500122070312,638.4500122070312,866534,10,Friday,0.49999999999999994,-0.8660254037844387
2023-10-13 11:15:00+05:30,638.3499755859375,639.0,636.0999755859375,636.8499755859375,636.8499755859375,748778,11,Friday,0.258819045102521,-0.9659258262890682
2023-10-13 12:15:00+05:30,636.8499755859375,649.5,636.75,649.5,649.5,3075296,12,Friday,1.2246467991473532e-16,-1.0
2023-10-13 13:15:00+05:30,649.5,665.6500244140625,649.0,664.0,664.0,11198628,13,Friday,-0.2588190451025208,-0.9659258262890683
2023-10-13 14:15:00+05:30,664.0499877929688,669.0,663.5999755859375,667.0,667.0,7437590,14,Friday,-0.4999999999999997,-0.8660254037844388
2023-10-13 15:15:00+05:30,667.0,668.5,666.5,666.5,666.5,2746485,15,Friday,-0.7071067811865471,-0.7071067811865479
2023-10-16 09:15:00+05:30,668.0,677.6500244140625,662.7000122070312,673.0,673.0,0,9,Monday,0.7071067811865476,-0.7071067811865475
2023-10-16 10:15:00+05:30,673.0,673.0,666.3499755859375,667.7999877929688,667.7999877929688,3642512,10,Monday,0.49999999999999994,-0.8660254037844387
2023-10-16 11:15:00+05:30,667.6500244140625,671.0,665.8499755859375,668.25,668.25,1884186,11,Monday,0.258819045102521,-0.9659258262890682
2023-10-16 12:15:00+05:30,668.2000122070312,668.5,665.2000122070312,667.8499755859375,667.8499755859375,1381733,12,Monday,1.2246467991473532e-16,-1.0
2023-10-16 13:15:00+05:30,667.8499755859375,669.9500122070312,667.5499877929688,668.4500122070312,668.4500122070312,1230780,13,Monday,-0.2588190451025208,-0.9659258262890683
2023-10-16 14:15:00+05:30,668.4500122070312,669.0,665.8499755859375,666.2999877929688,666.2999877929688,1654113,14,Monday,-0.4999999999999997,-0.8660254037844388
2023-10-16 15:15:00+05:30,666.1500244140625,666.7000122070312,665.5,666.3499755859375,666.3499755859375,1171997,15,Monday,-0.7071067811865471,-0.7071067811865479
2023-10-17 09:15:00+05:30,669.9500122070312,670.5,662.7000122070312,664.1500244140625,664.1500244140625,0,9,Tuesday,0.7071067811865476,-0.7071067811865475
2023-10-17 10:15:00+05:30,664.0999755859375,664.7000122070312,660.75,662.5999755859375,662.5999755859375,2146949,10,Tuesday,0.49999999999999994,-0.8660254037844387
2023-10-17 11:15:00+05:30,662.5499877929688,663.5,662.0,662.0999755859375,662.0999755859375,529180,11,Tuesday,0.258819045102521,-0.9659258262890682
2023-10-17 12:15:00+05:30,662.0999755859375,662.6500244140625,659.7999877929688,660.9000244140625,660.9000244140625,862517,12,Tuesday,1.2246467991473532e-16,-1.0
2023-10-17 13:15:00+05:30,660.75,660.9000244140625,655.0,655.5999755859375,655.5999755859375,1736804,13,Tuesday,-0.2588190451025208,-0.9659258262890683
2023-10-17 14:15:00+05:30,655.4000244140625,657.0499877929688,655.4000244140625,655.9500122070312,655.9500122070312,1333950,14,Tuesday,-0.4999999999999997,-0.8660254037844388
2023-10-17 15:15:00+05:30,655.9500122070312,656.0999755859375,654.7000122070312,656.0,656.0,939500,15,Tuesday,-0.7071067811865471,-0.7071067811865479
2023-10-18 09:15:00+05:30,658.4500122070312,663.5999755859375,653.9000244140625,661.5999755859375,661.5999755859375,0,9,Wednesday,0.7071067811865476,-0.7071067811865475
2023-10-18 10:15:00+05:30,661.6500244140625,665.3499755859375,659.4500122070312,661.5,661.5,1956982,10,Wednesday,0.49999999999999994,-0.8660254037844387
2023-10-18 11:15:00+05:30,661.5,663.5,659.5499877929688,659.5499877929688,659.5499877929688,966268,11,Wednesday,0.258819045102521,-0.9659258262890682
2023-10-18 12:15:00+05:30,659.6500244140625,661.5499877929688,658.2999877929688,660.9500122070312,660.9500122070312,978299,12,Wednesday,1.2246467991473532e-16,-1.0
2023-10-18 13:15:00+05:30,660.9000244140625,670.5,659.5999755859375,670.5,670.5,3037724,13,Wednesday,-0.2588190451025208,-0.9659258262890683
2023-10-18 14:15:00+05:30,670.4000244140625,672.25,666.0499877929688,668.4500122070312,668.4500122070312,3799517,14,Wednesday,-0.4999999999999997,-0.8660254037844388
2023-10-18 15:15:00+05:30,668.4500122070312,668.5999755859375,666.7000122070312,667.3499755859375,667.3499755859375,914754,15,Wednesday,-0.7071067811865471,-0.7071067811865479
2023-10-19 09:15:00+05:30,662.2000122070312,664.2999877929688,658.5999755859375,660.8499755859375,660.8499755859375,0,9,Thursday,0.7071067811865476,-0.7071067811865475
2023-10-19 10:15:00+05:30,660.9000244140625,666.2000122070312,659.9000244140625,664.9500122070312,664.9500122070312,1278614,10,Thursday,0.49999999999999994,-0.8660254037844387
2023-10-19 11:15:00+05:30,664.9000244140625,668.4000244140625,664.4000244140625,668.25,668.25,1442599,11,Thursday,0.258819045102521,-0.9659258262890682
2023-10-19 12:15:00+05:30,668.2999877929688,668.75,666.1500244140625,666.25,666.25,1150052,12,Thursday,1.2246467991473532e-16,-1.0
2023-10-19 13:15:00+05:30,666.4000244140625,672.2000122070312,664.5,670.6500244140625,670.6500244140625,1882630,13,Thursday,-0.2588190451025208,-0.9659258262890683
2023-10-19 14:15:00+05:30,670.9000244140625,670.9000244140625,669.0,669.0,669.0,1672075,14,Thursday,-0.4999999999999997,-0.8660254037844388
2023-10-19 15:15:00+05:30,669.0,669.5999755859375,666.9000244140625,667.4500122070312,667.4500122070312,693768,15,Thursday,-0.7071067811865471,-0.7071067811865479
2023-10-20 09:15:00+05:30,666.4500122070312,676.4000244140625,664.7000122070312,672.0,672.0,0,9,Friday,0.7071067811865476,-0.7071067811865475
2023-10-20 10:15:00+05:30,671.9000244140625,672.4000244140625,668.5,669.8499755859375,669.8499755859375,1240111,10,Friday,0.49999999999999994,-0.8660254037844387
2023-10-20 11:15:00+05:30,670.0,671.7999877929688,666.0,668.0,668.0,1206336,11,Friday,0.258819045102521,-0.9659258262890682
2023-10-20 12:15:00+05:30,668.0,670.4000244140625,664.1500244140625,669.3499755859375,669.3499755859375,1459194,12,Friday,1.2246467991473532e-16,-1.0
2023-10-20 13:15:00+05:30,669.2999877929688,670.5,665.5,667.2000122070312,667.2000122070312,992680,13,Friday,-0.2588190451025208,-0.9659258262890683
2023-10-20 14:15:00+05:30,667.1500244140625,667.9500122070312,664.2000122070312,664.2000122070312,664.2000122070312,1308178,14,Friday,-0.4999999999999997,-0.8660254037844388
2023-10-20 15:15:00+05:30,664.25,664.25,660.6500244140625,662.4000244140625,662.4000244140625,1289594,15,Friday,-0.7071067811865471,-0.7071067811865479
2023-10-23 09:15:00+05:30,664.4500122070312,666.6500244140625,656.0,657.2000122070312,657.2000122070312,0,9,Monday,0.7071067811865476,-0.7071067811865475
2023-10-23 10:15:00+05:30,657.4500122070312,658.9500122070312,652.6500244140625,654.5999755859375,654.5999755859375,1344318,10,Monday,0.49999999999999994,-0.8660254037844387
2023-10-23 11:15:00+05:30,654.5,655.3499755859375,651.0999755859375,654.4500122070312,654.4500122070312,906110,11,Monday,0.258819045102521,-0.9659258262890682
2023-10-23 12:15:00+05:30,654.5,656.6500244140625,653.4500122070312,653.5499877929688,653.5499877929688,699531,12,Monday,1.2246467991473532e-16,-1.0
2023-10-23 13:15:00+05:30,653.5,655.75,651.3499755859375,655.7000122070312,655.7000122070312,805117,13,Monday,-0.2588190451025208,-0.9659258262890683
2023-10-23 14:15:00+05:30,655.5,655.7999877929688,645.6500244140625,646.5499877929688,646.5499877929688,1917970,14,Monday,-0.4999999999999997,-0.8660254037844388
2023-10-23 15:15:00+05:30,646.5499877929688,647.2999877929688,645.0,646.4500122070312,646.4500122070312,855070,15,Monday,-0.7071067811865471,-0.7071067811865479
2023-10-25 09:15:00+05:30,648.7000122070312,651.4500122070312,644.5999755859375,649.8499755859375,649.8499755859375,0,9,Wednesday,0.7071067811865476,-0.7071067811865475
2023-10-25 10:15:00+05:30,649.8499755859375,649.8499755859375,647.9000244140625,648.25,648.25,654264,10,Wednesday,0.49999999999999994,-0.8660254037844387
2023-10-25 11:15:00+05:30,648.0999755859375,648.5,645.0,646.5999755859375,646.5999755859375,786857,11,Wednesday,0.258819045102521,-0.9659258262890682
2023-10-25 12:15:00+05:30,646.5999755859375,646.6500244140625,636.5,636.7000122070312,636.7000122070312,1622352,12,Wednesday,1.2246467991473532e-16,-1.0
2023-10-25 13:15:00+05:30,636.9500122070312,641.0,636.5499877929688,640.5499877929688,640.5499877929688,1017756,13,Wednesday,-0.2588190451025208,-0.9659258262890683
2023-10-25 14:15:00+05:30,640.5499877929688,641.0,636.0499877929688,638.1500244140625,638.1500244140625,1392629,14,Wednesday,-0.4999999999999997,-0.8660254037844388
2023-10-25 15:15:00+05:30,638.0,638.3499755859375,636.6500244140625,637.75,637.75,586497,15,Wednesday,-0.7071067811865471,-0.7071067811865479
2023-10-26 09:15:00+05:30,634.9500122070312,634.9500122070312,625.0999755859375,629.0,629.0,0,9,Thursday,0.7071067811865476,-0.7071067811865475
2023-10-26 10:15:00+05:30,629.0,631.9000244140625,627.3499755859375,628.6500244140625,628.6500244140625,1087817,10,Thursday,0.49999999999999994,-0.8660254037844387
2023-10-26 11:15:00+05:30,628.6500244140625,630.7999877929688,626.0999755859375,628.25,628.25,837528,11,Thursday,0.258819045102521,-0.9659258262890682
2023-10-26 12:15:00+05:30,628.2999877929688,630.2000122070312,627.0,628.4500122070312,628.4500122070312,842566,12,Thursday,1.2246467991473532e-16,-1.0
2023-10-26 13:15:00+05:30,628.4500122070312,630.25,627.0499877929688,628.6500244140625,628.6500244140625,1370639,13,Thursday,-0.2588190451025208,-0.9659258262890683
2023-10-26 14:15:00+05:30,628.5499877929688,629.75,625.5,626.8499755859375,626.8499755859375,1382499,14,Thursday,-0.4999999999999997,-0.8660254037844388
2023-10-26 15:15:00+05:30,626.7999877929688,627.3499755859375,624.7999877929688,625.5499877929688,625.5499877929688,794508,15,Thursday,-0.7071067811865471,-0.7071067811865479
2023-10-27 09:15:00+05:30,629.0499877929688,633.0,628.9000244140625,631.0999755859375,631.0999755859375,0,9,Friday,0.7071067811865476,-0.7071067811865475
2023-10-27 10:15:00+05:30,631.0999755859375,635.0,630.7999877929688,632.9500122070312,632.9500122070312,1309283,10,Friday,0.49999999999999994,-0.8660254037844387
2023-10-27 11:15:00+05:30,633.0,634.9000244140625,632.1500244140625,634.0,634.0,879040,11,Friday,0.258819045102521,-0.9659258262890682
2023-10-27 12:15:00+05:30,634.0,634.0,628.6500244140625,629.2999877929688,629.2999877929688,1172668,12,Friday,1.2246467991473532e-16,-1.0
2023-10-27 13:15:00+05:30,629.2999877929688,641.3499755859375,629.2000122070312,640.5,640.5,1850492,13,Friday,-0.2588190451025208,-0.9659258262890683
2023-10-27 14:15:00+05:30,640.4500122070312,643.9500122070312,640.3499755859375,640.5999755859375,640.5999755859375,2002409,14,Friday,-0.4999999999999997,-0.8660254037844388
2023-10-27 15:15:00+05:30,640.5499877929688,641.4000244140625,640.0499877929688,640.7999877929688,640.7999877929688,593351,15,Friday,-0.7071067811865471,-0.7071067811865479
2023-10-30 09:15:00+05:30,643.5499877929688,643.5499877929688,621.8499755859375,625.3499755859375,625.3499755859375,0,9,Monday,0.7071067811865476,-0.7071067811865475
2023-10-30 10:15:00+05:30,625.5999755859375,629.2999877929688,624.2000122070312,624.5499877929688,624.5499877929688,2635881,10,Monday,0.49999999999999994,-0.8660254037844387
2023-10-30 11:15:00+05:30,624.75,627.8499755859375,623.9000244140625,627.5499877929688,627.5499877929688,1454042,11,Monday,0.258819045102521,-0.9659258262890682
2023-10-30 12:15:00+05:30,627.5499877929688,630.2999877929688,626.5,629.4000244140625,629.4000244140625,1434841,12,Monday,1.2246467991473532e-16,-1.0
2023-10-30 13:15:00+05:30,629.5,631.7000122070312,627.7000122070312,629.0499877929688,629.0499877929688,1178594,13,Monday,-0.2588190451025208,-0.9659258262890683
2023-10-30 14:15:00+05:30,629.0,630.2999877929688,627.0499877929688,628.2999877929688,628.2999877929688,1318347,14,Monday,-0.4999999999999997,-0.8660254037844388
2023-10-30 15:15:00+05:30,628.25,629.4000244140625,627.4000244140625,629.2000122070312,629.2000122070312,755859,15,Monday,-0.7071067811865471,-0.7071067811865479
2023-10-31 09:15:00+05:30,640.1500244140625,640.1500244140625,632.5,633.0499877929688,633.0499877929688,0,9,Tuesday,0.7071067811865476,-0.7071067811865475
2023-10-31 10:15:00+05:30,633.2000122070312,634.2000122070312,631.6500244140625,632.0,632.0,1286100,10,Tuesday,0.49999999999999994,-0.8660254037844387
2023-10-31 11:15:00+05:30,631.9500122070312,633.7999877929688,629.25,629.2999877929688,629.2999877929688,1310284,11,Tuesday,0.258819045102521,-0.9659258262890682
2023-10-31 12:15:00+05:30,629.5,631.5999755859375,629.2999877929688,631.0999755859375,631.0999755859375,980073,12,Tuesday,1.2246467991473532e-16,-1.0
2023-10-31 13:15:00+05:30,631.0999755859375,631.9000244140625,628.6500244140625,629.5499877929688,629.5499877929688,1498445,13,Tuesday,-0.2588190451025208,-0.9659258262890683
2023-10-31 14:15:00+05:30,629.5499877929688,631.4000244140625,627.2999877929688,629.2000122070312,629.2000122070312,1587206,14,Tuesday,-0.4999999999999997,-0.8660254037844388
2023-10-31 15:15:00+05:30,629.2999877929688,629.5,628.2000122070312,628.6500244140625,628.6500244140625,973919,15,Tuesday,-0.7071067811865471,-0.7071067811865479
2023-11-01 09:15:00+05:30,631.7999877929688,633.0,627.0499877929688,631.9000244140625,631.9000244140625,0,9,Wednesday,0.7071067811865476,-0.7071067811865475
2023-11-01 10:15:00+05:30,631.5999755859375,632.5499877929688,627.7999877929688,629.2999877929688,629.2999877929688,1167105,10,Wednesday,0.49999999999999994,-0.8660254037844387
2023-11-01 11:15:00+05:30,629.2999877929688,629.2999877929688,627.2999877929688,628.1500244140625,628.1500244140625,842944,11,Wednesday,0.258819045102521,-0.9659258262890682
2023-11-01 12:15:00+05:30,628.1500244140625,630.5,626.4000244140625,627.7999877929688,627.7999877929688,1156718,12,Wednesday,1.2246467991473532e-16,-1.0
2023-11-01 13:15:00+05:30,627.9000244140625,633.7999877929688,627.0,630.7000122070312,630.7000122070312,1580039,13,Wednesday,-0.2588190451025208,-0.9659258262890683
2023-11-01 14:15:00+05:30,630.7000122070312,631.3499755859375,626.4500122070312,628.0,628.0,1408641,14,Wednesday,-0.4999999999999997,-0.8660254037844388
2023-11-01 15:15:00+05:30,628.0999755859375,628.1500244140625,627.0,627.5999755859375,627.5999755859375,696197,15,Wednesday,-0.7071067811865471,-0.7071067811865479
2023-11-02 09:15:00+05:30,632.6500244140625,634.4500122070312,630.2000122070312,630.9000244140625,630.9000244140625,2352398,9,Thursday,0.7071067811865476,-0.7071067811865475
2023-11-02 10:15:00+05:30,630.7999877929688,633.4500122070312,630.1500244140625,633.1500244140625,633.1500244140625,1092222,10,Thursday,0.49999999999999994,-0.8660254037844387
2023-11-02 11:15:00+05:30,633.1500244140625,633.2000122070312,630.2000122070312,631.5999755859375,631.5999755859375,874880,11,Thursday,0.258819045102521,-0.9659258262890682
2023-11-02 12:15:00+05:30,631.75,634.5,631.0499877929688,633.8499755859375,633.8499755859375,1215458,12,Thursday,1.2246467991473532e-16,-1.0
2023-11-02 13:15:00+05:30,633.7000122070312,637.3499755859375,633.0,635.7999877929688,635.7999877929688,1424847,13,Thursday,-0.2588190451025208,-0.9659258262890683
2023-11-02 14:15:00+05:30,635.7999877929688,638.2000122070312,634.7000122070312,635.5,635.5,2040138,14,Thursday,-0.4999999999999997,-0.8660254037844388
2023-11-02 15:15:00+05:30,635.5,638.0,635.5,637.9000244140625,637.9000244140625,926207,15,Thursday,-0.7071067811865471,-0.7071067811865479
2023-11-03 09:15:00+05:30,657.0999755859375,657.0999755859375,647.0,652.5,652.5,3074667,9,Friday,0.7071067811865476,-0.7071067811865475
2023-11-03 10:15:00+05:30,652.5999755859375,655.0,651.25,653.9500122070312,653.9500122070312,1883089,10,Friday,0.49999999999999994,-0.8660254037844387
2023-11-03 11:15:00+05:30,653.9500122070312,654.0,649.0499877929688,651.0499877929688,651.0499877929688,1846175,11,Friday,0.258819045102521,-0.9659258262890682
2023-11-03 12:15:00+05:30,651.0499877929688,652.9500122070312,650.5999755859375,651.5,651.5,1272950,12,Friday,1.2246467991473532e-16,-1.0
2023-11-03 13:15:00+05:30,651.5,652.1500244140625,650.4500122070312,651.3499755859375,651.3499755859375,1332859,13,Friday,-0.2588190451025208,-0.9659258262890683
2023-11-03 14:15:00+05:30,651.4500122070312,652.2000122070312,647.2000122070312,647.4000244140625,647.4000244140625,2444568,14,Friday,-0.4999999999999997,-0.8660254037844388
2023-11-03 15:15:00+05:30,647.5,647.5,646.2000122070312,647.5,647.5,1295461,15,Friday,-0.7071067811865471,-0.7071067811865479
2023-11-06 09:15:00+05:30,652.1500244140625,652.1500244140625,646.75,648.4000244140625,648.4000244140625,0,9,Monday,0.7071067811865476,-0.7071067811865475
2023-11-06 10:15:00+05:30,648.4500122070312,649.4500122070312,644.0999755859375,644.5999755859375,644.5999755859375,1942124,10,Monday,0.49999999999999994,-0.8660254037844387
2023-11-06 11:15:00+05:30,644.4500122070312,646.8499755859375,643.2000122070312,645.0999755859375,645.0999755859375,1416611,11,Monday,0.258819045102521,-0.9659258262890682
2023-11-06 12:15:00+05:30,645.1500244140625,647.9000244140625,645.0499877929688,647.5,647.5,1413525,12,Monday,1.2246467991473532e-16,-1.0
2023-11-06 13:15:00+05:30,647.5,647.75,645.5499877929688,646.5999755859375,646.5999755859375,975561,13,Monday,-0.2588190451025208,-0.9659258262890683
2023-11-06 14:15:00+05:30,646.6500244140625,648.5999755859375,645.4000244140625,645.9500122070312,645.9500122070312,1958174,14,Monday,-0.4999999999999997,-0.8660254037844388
2023-11-06 15:15:00+05:30,646.0,646.75,645.25,646.0499877929688,646.0499877929688,1144471,15,Monday,-0.7071067811865471,-0.7071067811865479
2023-11-07 09:15:00+05:30,645.75,648.3499755859375,644.0499877929688,648.0999755859375,648.0999755859375,0,9,Tuesday,0.7071067811865476,-0.7071067811865475
2023-11-07 10:15:00+05:30,648.0999755859375,649.8499755859375,646.75,648.25,648.25,940930,10,Tuesday,0.49999999999999994,-0.8660254037844387
2023-11-07 11:15:00+05:30,648.25,648.5,645.5499877929688,646.2000122070312,646.2000122070312,621347,11,Tuesday,0.258819045102521,-0.9659258262890682
2023-11-07 12:15:00+05:30,646.1500244140625,646.6500244140625,645.0,645.4000244140625,645.4000244140625,548571,12,Tuesday,1.2246467991473532e-16,-1.0
2023-11-07 13:15:00+05:30,645.4500122070312,647.0,644.5,645.7999877929688,645.7999877929688,991349,13,Tuesday,-0.2588190451025208,-0.9659258262890683
2023-11-07 14:15:00+05:30,645.9000244140625,646.25,644.7000122070312,644.9000244140625,644.9000244140625,763377,14,Tuesday,-0.4999999999999997,-0.8660254037844388
2023-11-07 15:15:00+05:30,644.9000244140625,645.7999877929688,644.0999755859375,644.7999877929688,644.7999877929688,849106,15,Tuesday,-0.7071067811865471,-0.7071067811865479
2023-11-08 09:15:00+05:30,647.9500122070312,649.0,646.25,647.5,647.5,0,9,Wednesday,0.7071067811865476,-0.7071067811865475
2023-11-08 10:15:00+05:30,647.5999755859375,648.0,645.7999877929688,647.0,647.0,587448,10,Wednesday,0.49999999999999994,-0.8660254037844387
2023-11-08 11:15:00+05:30,647.0,647.5,645.2000122070312,645.6500244140625,645.6500244140625,721534,11,Wednesday,0.258819045102521,-0.9659258262890682
2023-11-08 12:15:00+05:30,645.7999877929688,646.3499755859375,645.4000244140625,645.7999877929688,645.7999877929688,500471,12,Wednesday,1.2246467991473532e-16,-1.0
2023-11-08 13:15:00+05:30,645.9500122070312,646.1500244140625,644.7999877929688,645.5,645.5,1379174,13,Wednesday,-0.2588190451025208,-0.9659258262890683
2023-11-08 14:15:00+05:30,645.5,646.2999877929688,642.0499877929688,642.3499755859375,642.3499755859375,1628878,14,Wednesday,-0.4999999999999997,-0.8660254037844388
2023-11-08 15:15:00+05:30,642.3499755859375,644.0,641.9000244140625,642.5499877929688,642.5499877929688,742316,15,Wednesday,-0.7071067811865471,-0.7071067811865479
2023-11-09 09:15:00+05:30,644.4000244140625,653.0,642.75,652.9000244140625,652.9000244140625,0,9,Thursday,0.7071067811865476,-0.7071067811865475
2023-11-09 10:15:00+05:30,652.75,653.5499877929688,650.5,651.8499755859375,651.8499755859375,1421835,10,Thursday,0.49999999999999994,-0.8660254037844387
2023-11-09 11:15:00+05:30,651.8499755859375,652.5,650.5,651.2000122070312,651.2000122070312,790178,11,Thursday,0.258819045102521,-0.9659258262890682
2023-11-09 12:15:00+05:30,651.0499877929688,652.5999755859375,651.0,651.3499755859375,651.3499755859375,996019,12,Thursday,1.2246467991473532e-16,-1.0
2023-11-09 13:15:00+05:30,651.6500244140625,652.0999755859375,648.75,649.75,649.75,2392803,13,Thursday,-0.2588190451025208,-0.9659258262890683
2023-11-09 14:15:00+05:30,649.9500122070312,650.0999755859375,647.75,649.5999755859375,649.5999755859375,1303036,14,Thursday,-0.4999999999999997,-0.8660254037844388
2023-11-09 15:15:00+05:30,649.5999755859375,650.0,648.0,648.5,648.5,617580,15,Thursday,-0.7071067811865471,-0.7071067811865479
2023-11-10 09:15:00+05:30,649.3499755859375,652.0,644.0,646.2000122070312,646.2000122070312,0,9,Friday,0.7071067811865476,-0.7071067811865475
2023-11-10 10:15:00+05:30,646.2000122070312,647.5999755859375,645.5499877929688,646.7000122070312,646.7000122070312,616634,10,Friday,0.49999999999999994,-0.8660254037844387
2023-11-10 11:15:00+05:30,646.7000122070312,651.5,646.1500244140625,651.1500244140625,651.1500244140625,808737,11,Friday,0.258819045102521,-0.9659258262890682
2023-11-10 12:15:00+05:30,651.2000122070312,652.9500122070312,648.7999877929688,649.8499755859375,649.8499755859375,918939,12,Friday,1.2246467991473532e-16,-1.0
2023-11-10 13:15:00+05:30,649.9000244140625,651.6500244140625,649.0,650.0,650.0,700162,13,Friday,-0.2588190451025208,-0.9659258262890683
2023-11-10 14:15:00+05:30,650.0,651.2999877929688,648.0499877929688,650.4500122070312,650.4500122070312,906246,14,Friday,-0.4999999999999997,-0.8660254037844388
2023-11-10 15:15:00+05:30,650.4500122070312,652.0,650.2999877929688,652.0,652.0,523550,15,Friday,-0.7071067811865471,-0.7071067811865479
2023-11-13 09:15:00+05:30,651.5,652.9000244140625,649.2999877929688,651.6500244140625,651.6500244140625,0,9,Monday,0.7071067811865476,-0.7071067811865475
2023-11-13 10:15:00+05:30,651.8499755859375,652.5,649.5,651.0499877929688,651.0499877929688,447924,10,Monday,0.49999999999999994,-0.8660254037844387
2023-11-13 11:15:00+05:30,651.0,651.3499755859375,650.25,651.0999755859375,651.0999755859375,236251,11,Monday,0.258819045102521,-0.9659258262890682
2023-11-13 12:15:00+05:30,651.0999755859375,652.7999877929688,650.9000244140625,652.3499755859375,652.3499755859375,344440,12,Monday,1.2246467991473532e-16,-1.0
2023-11-13 13:15:00+05:30,652.3499755859375,653.9500122070312,651.8499755859375,652.5499877929688,652.5499877929688,470708,13,Monday,-0.2588190451025208,-0.9659258262890683
2023-11-13 14:15:00+05:30,652.5,653.5499877929688,652.0999755859375,653.2000122070312,653.2000122070312,574225,14,Monday,-0.4999999999999997,-0.8660254037844388
2023-11-13 15:15:00+05:30,653.25,653.75,653.0,653.5999755859375,653.5999755859375,379153,15,Monday,-0.7071067811865471,-0.7071067811865479
2023-11-15 09:15:00+05:30,659.9000244140625,661.4000244140625,656.5499877929688,660.0,660.0,0,9,Wednesday,0.7071067811865476,-0.7071067811865475
2023-11-15 10:15:00+05:30,659.9500122070312,661.0499877929688,659.4000244140625,660.5,660.5,1077783,10,Wednesday,0.49999999999999994,-0.8660254037844387
2023-11-15 11:15:00+05:30,660.4500122070312,661.0,659.0,660.0499877929688,660.0499877929688,1014478,11,Wednesday,0.258819045102521,-0.9659258262890682
2023-11-15 12:15:00+05:30,660.0499877929688,664.25,659.8499755859375,664.0999755859375,664.0999755859375,1461773,12,Wednesday,1.2246467991473532e-16,-1.0
2023-11-15 13:15:00+05:30,663.8499755859375,665.6500244140625,663.0499877929688,665.0,665.0,1186226,13,Wednesday,-0.2588190451025208,-0.9659258262890683
2023-11-15 14:15:00+05:30,665.0999755859375,672.0,665.0,671.9500122070312,671.9500122070312,2819879,14,Wednesday,-0.4999999999999997,-0.8660254037844388
2023-11-15 15:15:00+05:30,671.9500122070312,673.5,671.0,671.5,671.5,1213934,15,Wednesday,-0.7071067811865471,-0.7071067811865479
2023-11-16 09:15:00+05:30,674.0999755859375,678.4500122070312,671.0499877929688,676.9000244140625,676.9000244140625,0,9,Thursday,0.7071067811865476,-0.7071067811865475
2023-11-16 10:15:00+05:30,677.0,684.0,676.8499755859375,683.6500244140625,683.6500244140625,4574614,10,Thursday,0.49999999999999994,-0.8660254037844387
2023-11-16 11:15:00+05:30,683.7000122070312,685.5,681.25,682.0499877929688,682.0499877929688,2311570,11,Thursday,0.258819045102521,-0.9659258262890682
2023-11-16 12:15:00+05:30,682.0499877929688,683.25,680.0,681.75,681.75,1630413,12,Thursday,1.2246467991473532e-16,-1.0
2023-11-16 13:15:00+05:30,681.8499755859375,682.0,680.2000122070312,681.3499755859375,681.3499755859375,1043172,13,Thursday,-0.2588190451025208,-0.9659258262890683
2023-11-16 14:15:00+05:30,681.2000122070312,684.5999755859375,678.0,679.2999877929688,679.2999877929688,2836118,14,Thursday,-0.4999999999999997,-0.8660254037844388
2023-11-16 15:15:00+05:30,679.3499755859375,680.8499755859375,678.5999755859375,679.9000244140625,679.9000244140625,1010788,15,Thursday,-0.7071067811865471,-0.7071067811865479
2023-11-17 09:15:00+05:30,681.6500244140625,687.5,680.0499877929688,685.7000122070312,685.7000122070312,0,9,Friday,0.7071067811865476,-0.7071067811865475
2023-11-17 10:15:00+05:30,685.6500244140625,686.5,684.5499877929688,685.0,685.0,947824,10,Friday,0.49999999999999994,-0.8660254037844387
2023-11-17 11:15:00+05:30,684.9000244140625,684.9000244140625,682.2000122070312,683.5,683.5,1208684,11,Friday,0.258819045102521,-0.9659258262890682
2023-11-17 12:15:00+05:30,683.5999755859375,684.5,682.5999755859375,684.4000244140625,684.4000244140625,791778,12,Friday,1.2246467991473532e-16,-1.0
2023-11-17 13:15:00+05:30,684.4500122070312,685.0,682.5499877929688,683.9000244140625,683.9000244140625,819809,13,Friday,-0.2588190451025208,-0.9659258262890683
2023-11-17 14:15:00+05:30,683.9000244140625,684.2000122070312,680.4500122070312,682.5499877929688,682.5499877929688,1273431,14,Friday,-0.4999999999999997,-0.8660254037844388
2023-11-17 15:15:00+05:30,682.5999755859375,682.6500244140625,680.4500122070312,681.5499877929688,681.5499877929688,922730,15,Friday,-0.7071067811865471,-0.7071067811865479
2023-11-20 09:15:00+05:30,681.9000244140625,686.75,680.0,680.2999877929688,680.2999877929688,0,9,Monday,0.7071067811865476,-0.7071067811865475
2023-11-20 10:15:00+05:30,680.4500122070312,681.2000122070312,672.0999755859375,672.3499755859375,672.3499755859375,1667177,10,Monday,0.49999999999999994,-0.8660254037844387
2023-11-20 11:15:00+05:30,672.2000122070312,676.0,670.7000122070312,675.5499877929688,675.5499877929688,1259280,11,Monday,0.258819045102521,-0.9659258262890682
2023-11-20 12:15:00+05:30,675.5999755859375,676.5,673.7999877929688,674.9000244140625,674.9000244140625,811490,12,Monday,1.2246467991473532e-16,-1.0
2023-11-20 13:15:00+05:30,675.0,675.0499877929688,672.0,672.7000122070312,672.7000122070312,798549,13,Monday,-0.2588190451025208,-0.9659258262890683
2023-11-20 14:15:00+05:30,672.4500122070312,675.2999877929688,672.4500122070312,674.0499877929688,674.0499877929688,1015576,14,Monday,-0.4999999999999997,-0.8660254037844388
2023-11-20 15:15:00+05:30,674.0999755859375,675.0,673.75,674.7999877929688,674.7999877929688,485564,15,Monday,-0.7071067811865471,-0.7071067811865479
2023-11-21 09:15:00+05:30,675.5,679.4000244140625,675.3499755859375,676.25,676.25,0,9,Tuesday,0.7071067811865476,-0.7071067811865475
2023-11-21 10:15:00+05:30,676.3499755859375,678.0,675.25,676.9000244140625,676.9000244140625,636552,10,Tuesday,0.49999999999999994,-0.8660254037844387
2023-11-21 11:15:00+05:30,676.9000244140625,678.3499755859375,676.4000244140625,677.7000122070312,677.7000122070312,480188,11,Tuesday,0.258819045102521,-0.9659258262890682
2023-11-21 12:15:00+05:30,677.9500122070312,679.7000122070312,677.2000122070312,677.6500244140625,677.6500244140625,935570,12,Tuesday,1.2246467991473532e-16,-1.0
2023-11-21 13:15:00+05:30,677.75,681.4000244140625,675.7000122070312,680.0499877929688,680.0499877929688,979538,13,Tuesday,-0.2588190451025208,-0.9659258262890683
2023-11-21 14:15:00+05:30,680.1500244140625,683.25,680.0,682.2000122070312,682.2000122070312,1954796,14,Tuesday,-0.4999999999999997,-0.8660254037844388
2023-11-21 15:15:00+05:30,682.1500244140625,682.3499755859375,680.7999877929688,681.0,681.0,704846,15,Tuesday,-0.7071067811865471,-0.7071067811865479
2023-11-22 09:15:00+05:30,683.9500122070312,687.2000122070312,682.0,682.2999877929688,682.2999877929688,0,9,Wednesday,0.7071067811865476,-0.7071067811865475
2023-11-22 10:15:00+05:30,682.4000244140625,683.5499877929688,680.5499877929688,683.2999877929688,683.2999877929688,965069,10,Wednesday,0.49999999999999994,-0.8660254037844387
2023-11-22 11:15:00+05:30,683.2999877929688,684.2999877929688,679.5,679.5,679.5,1024136,11,Wednesday,0.258819045102521,-0.9659258262890682
2023-11-22 12:15:00+05:30,679.5,680.25,676.4500122070312,676.5499877929688,676.5499877929688,1370588,12,Wednesday,1.2246467991473532e-16,-1.0
2023-11-22 13:15:00+05:30,676.7000122070312,678.9000244140625,676.0499877929688,678.7999877929688,678.7999877929688,1158163,13,Wednesday,-0.2588190451025208,-0.9659258262890683
2023-11-22 14:15:00+05:30,678.7999877929688,681.9500122070312,678.5499877929688,681.0,681.0,1526192,14,Wednesday,-0.4999999999999997,-0.8660254037844388
2023-11-22 15:15:00+05:30,681.0499877929688,681.8499755859375,681.0,681.7000122070312,681.7000122070312,777554,15,Wednesday,-0.7071067811865471,-0.7071067811865479
2023-11-23 09:15:00+05:30,683.5,685.7000122070312,679.7000122070312,680.0,680.0,0,9,Thursday,0.7071067811865476,-0.7071067811865475
2023-11-23 10:15:00+05:30,680.1500244140625,681.25,677.0499877929688,680.7000122070312,680.7000122070312,927453,10,Thursday,0.49999999999999994,-0.8660254037844387
2023-11-23 11:15:00+05:30,680.8499755859375,681.9500122070312,679.3499755859375,679.7000122070312,679.7000122070312,727630,11,Thursday,0.258819045102521,-0.9659258262890682
2023-11-23 12:15:00+05:30,679.7000122070312,680.0,678.1500244140625,679.0,679.0,603516,12,Thursday,1.2246467991473532e-16,-1.0
2023-11-23 13:15:00+05:30,679.0,680.2000122070312,678.7999877929688,679.6500244140625,679.6500244140625,455410,13,Thursday,-0.2588190451025208,-0.9659258262890683
2023-11-23 14:15:00+05:30,679.75,680.5,678.0999755859375,679.9500122070312,679.9500122070312,994403,14,Thursday,-0.4999999999999997,-0.8660254037844388
2023-11-23 15:15:00+05:30,679.8499755859375,680.5,679.4000244140625,680.4000244140625,680.4000244140625,429504,15,Thursday,-0.7071067811865471,-0.7071067811865479
2023-11-24 09:15:00+05:30,681.9000244140625,681.9000244140625,671.5999755859375,674.5499877929688,674.5499877929688,0,9,Friday,0.7071067811865476,-0.7071067811865475
2023-11-24 10:15:00+05:30,674.5499877929688,675.0499877929688,672.5999755859375,673.5999755859375,673.5999755859375,1086080,10,Friday,0.49999999999999994,-0.8660254037844387
2023-11-24 11:15:00+05:30,673.4000244140625,676.0,673.1500244140625,675.2999877929688,675.2999877929688,643182,11,Friday,0.258819045102521,-0.9659258262890682
2023-11-24 12:15:00+05:30,675.2000122070312,676.3499755859375,673.4500122070312,674.7999877929688,674.7999877929688,571153,12,Friday,1.2246467991473532e-16,-1.0
2023-11-24 13:15:00+05:30,674.9500122070312,675.3499755859375,672.6500244140625,674.3499755859375,674.3499755859375,607050,13,Friday,-0.2588190451025208,-0.9659258262890683
2023-11-24 14:15:00+05:30,674.2000122070312,675.5,672.75,672.9000244140625,672.9000244140625,872169,14,Friday,-0.4999999999999997,-0.8660254037844388
2023-11-24 15:15:00+05:30,672.9000244140625,674.9000244140625,672.25,673.5,673.5,953083,15,Friday,-0.7071067811865471,-0.7071067811865479
2023-11-28 09:15:00+05:30,677.25,688.0,674.25,684.5999755859375,684.5999755859375,0,9,Tuesday,0.7071067811865476,-0.7071067811865475
2023-11-28 10:15:00+05:30,684.5,690.9500122070312,684.5,689.0,689.0,3008568,10,Tuesday,0.49999999999999994,-0.8660254037844387
2023-11-28 11:15:00+05:30,689.0,693.7000122070312,687.75,693.2999877929688,693.2999877929688,1935871,11,Tuesday,0.258819045102521,-0.9659258262890682
2023-11-28 12:15:00+05:30,693.2999877929688,694.0,691.0999755859375,693.4500122070312,693.4500122070312,1800318,12,Tuesday,1.2246467991473532e-16,-1.0
2023-11-28 13:15:00+05:30,693.5,696.0,693.1500244140625,694.0,694.0,2023788,13,Tuesday,-0.2588190451025208,-0.9659258262890683
2023-11-28 14:15:00+05:30,694.0,697.7000122070312,693.25,697.2000122070312,697.2000122070312,2467102,14,Tuesday,-0.4999999999999997,-0.8660254037844388
2023-11-28 15:15:00+05:30,697.2000122070312,699.4500122070312,697.2000122070312,698.0,698.0,1620891,15,Tuesday,-0.7071067811865471,-0.7071067811865479
2023-11-29 09:15:00+05:30,701.6500244140625,701.9000244140625,694.5,696.8499755859375,696.8499755859375,0,9,Wednesday,0.7071067811865476,-0.7071067811865475
2023-11-29 10:15:00+05:30,697.0,699.75,696.4000244140625,698.7999877929688,698.7999877929688,887720,10,Wednesday,0.49999999999999994,-0.8660254037844387
2023-11-29 11:15:00+05:30,698.7999877929688,702.0,698.7999877929688,701.25,701.25,1246782,11,Wednesday,0.258819045102521,-0.9659258262890682
2023-11-29 12:15:00+05:30,701.25,701.6500244140625,699.5499877929688,701.4000244140625,701.4000244140625,832819,12,Wednesday,1.2246467991473532e-16,-1.0
2023-11-29 13:15:00+05:30,701.2999877929688,712.5499877929688,701.0,712.2000122070312,712.2000122070312,4726725,13,Wednesday,-0.2588190451025208,-0.9659258262890683
2023-11-29 14:15:00+05:30,712.0999755859375,714.4000244140625,709.3499755859375,712.9000244140625,712.9000244140625,3321061,14,Wednesday,-0.4999999999999997,-0.8660254037844388
2023-11-29 15:15:00+05:30,712.8499755859375,713.0,710.75,711.5499877929688,711.5499877929688,963406,15,Wednesday,-0.7071067811865471,-0.7071067811865479
2023-11-30 09:15:00+05:30,716.0499877929688,716.0499877929688,698.8499755859375,702.2000122070312,702.2000122070312,0,9,Thursday,0.7071067811865476,-0.7071067811865475
2023-11-30 10:15:00+05:30,702.0499877929688,703.4000244140625,697.0499877929688,700.0499877929688,700.0499877929688,2814207,10,Thursday,0.49999999999999994,-0.8660254037844387
2023-11-30 11:15:00+05:30,700.25,701.8499755859375,698.4000244140625,698.5,698.5,1479719,11,Thursday,0.258819045102521,-0.9659258262890682
2023-11-30 12:15:00+05:30,698.5,703.7000122070312,698.0499877929688,703.25,703.25,1800294,12,Thursday,1.2246467991473532e-16,-1.0
2023-11-30 13:15:00+05:30,703.4000244140625,707.0,703.0,705.0999755859375,705.0999755859375,2732123,13,Thursday,-0.2588190451025208,-0.9659258262890683
2023-11-30 14:15:00+05:30,705.3499755859375,707.4500122070312,704.2999877929688,706.8499755859375,706.8499755859375,5340686,14,Thursday,-0.4999999999999997,-0.8660254037844388
2023-11-30 15:15:00+05:30,706.9000244140625,707.5,704.9000244140625,706.0,706.0,2583991,15,Thursday,-0.7071067811865471,-0.7071067811865479
2023-12-01 09:15:00+05:30,707.5999755859375,710.0999755859375,703.9000244140625,705.5,705.5,0,9,Friday,0.7071067811865476,-0.7071067811865475
2023-12-01 10:15:00+05:30,705.5,708.5,703.0499877929688,708.2000122070312,708.2000122070312,1682746,10,Friday,0.49999999999999994,-0.8660254037844387
2023-12-01 11:15:00+05:30,708.2000122070312,709.2999877929688,705.5999755859375,705.7000122070312,705.7000122070312,1131468,11,Friday,0.258819045102521,-0.9659258262890682
2023-12-01 12:15:00+05:30,705.75,707.2999877929688,703.5999755859375,704.7999877929688,704.7999877929688,1353870,12,Friday,1.2246467991473532e-16,-1.0
2023-12-01 13:15:00+05:30,704.9000244140625,707.9000244140625,703.9000244140625,705.5499877929688,705.5499877929688,849281,13,Friday,-0.2588190451025208,-0.9659258262890683
2023-12-01 14:15:00+05:30,705.4500122070312,707.2000122070312,705.25,705.5,705.5,2387464,14,Friday,-0.4999999999999997,-0.8660254037844388
2023-12-01 15:15:00+05:30,705.4000244140625,705.7999877929688,703.0,703.5999755859375,703.5999755859375,673212,15,Friday,-0.7071067811865471,-0.7071067811865479
2023-12-04 09:15:00+05:30,712.5,712.5,704.9500122070312,706.9500122070312,706.9500122070312,0,9,Monday,0.7071067811865476,-0.7071067811865475
2023-12-04 10:15:00+05:30,706.9500122070312,709.2999877929688,706.0,708.0,708.0,1143900,10,Monday,0.49999999999999994,-0.8660254037844387
2023-12-04 11:15:00+05:30,708.0,708.75,706.25,706.9000244140625,706.9000244140625,798619,11,Monday,0.258819045102521,-0.9659258262890682
2023-12-04 12:15:00+05:30,707.0,707.8499755859375,706.1500244140625,707.0499877929688,707.0499877929688,1107520,12,Monday,1.2246467991473532e-16,-1.0
2023-12-04 13:15:00+05:30,707.0499877929688,709.9000244140625,707.0,707.6500244140625,707.6500244140625,1194495,13,Monday,-0.2588190451025208,-0.9659258262890683
2023-12-04 14:15:00+05:30,707.7000122070312,707.7999877929688,705.0,705.9000244140625,705.9000244140625,1651995,14,Monday,-0.4999999999999997,-0.8660254037844388
2023-12-04 15:15:00+05:30,705.9500122070312,706.2999877929688,705.0,706.0999755859375,706.0999755859375,762224,15,Monday,-0.7071067811865471,-0.7071067811865479
2023-12-05 09:15:00+05:30,705.9500122070312,714.9000244140625,705.75,710.25,710.25,0,9,Tuesday,0.7071067811865476,-0.7071067811865475
2023-12-05 10:15:00+05:30,710.2999877929688,711.75,708.5,710.7000122070312,710.7000122070312,970876,10,Tuesday,0.49999999999999994,-0.8660254037844387
2023-12-05 11:15:00+05:30,710.5999755859375,711.1500244140625,706.0,707.4000244140625,707.4000244140625,1150342,11,Tuesday,0.258819045102521,-0.9659258262890682
2023-12-05 12:15:00+05:30,707.4000244140625,709.2999877929688,705.6500244140625,706.0999755859375,706.0999755859375,836801,12,Tuesday,1.2246467991473532e-16,-1.0
2023-12-05 13:15:00+05:30,706.3499755859375,708.9500122070312,705.5999755859375,708.4000244140625,708.4000244140625,864471,13,Tuesday,-0.2588190451025208,-0.9659258262890683
2023-12-05 14:15:00+05:30,708.4500122070312,713.4000244140625,706.8499755859375,708.4000244140625,708.4000244140625,2354220,14,Tuesday,-0.4999999999999997,-0.8660254037844388
2023-12-05 15:15:00+05:30,708.7000122070312,709.25,707.9000244140625,708.5499877929688,708.5499877929688,767904,15,Tuesday,-0.7071067811865471,-0.7071067811865479
2023-12-06 09:15:00+05:30,709.9000244140625,714.25,709.0,711.6500244140625,711.6500244140625,0,9,Wednesday,0.7071067811865476,-0.7071067811865475
2023-12-06 10:15:00+05:30,711.6500244140625,715.5499877929688,711.25,712.2000122070312,712.2000122070312,1614260,10,Wednesday,0.49999999999999994,-0.8660254037844387
2023-12-06 11:15:00+05:30,712.1500244140625,713.0499877929688,710.5,711.7999877929688,711.7999877929688,1242953,11,Wednesday,0.258819045102521,-0.9659258262890682
2023-12-06 12:15:00+05:30,711.7999877929688,712.2000122070312,709.2000122070312,709.7999877929688,709.7999877929688,845162,12,Wednesday,1.2246467991473532e-16,-1.0
2023-12-06 13:15:00+05:30,709.8499755859375,715.8499755859375,709.5,713.9500122070312,713.9500122070312,1641499,13,Wednesday,-0.2588190451025208,-0.9659258262890683
2023-12-06 14:15:00+05:30,713.9500122070312,724.75,713.75,721.75,721.75,3875753,14,Wednesday,-0.4999999999999997,-0.8660254037844388
2023-12-06 15:15:00+05:30,721.75,723.0,721.5499877929688,722.2000122070312,722.2000122070312,908088,15,Wednesday,-0.7071067811865471,-0.7071067811865479
2023-12-07 09:15:00+05:30,724.75,725.0,716.0,722.0,722.0,0,9,Thursday,0.7071067811865476,-0.7071067811865475
2023-12-07 10:15:00+05:30,722.0,727.25,720.7000122070312,721.8499755859375,721.8499755859375,1659455,10,Thursday,0.49999999999999994,-0.8660254037844387
2023-12-07 11:15:00+05:30,721.9000244140625,724.7999877929688,720.0,722.0999755859375,722.0999755859375,1232163,11,Thursday,0.258819045102521,-0.9659258262890682
2023-12-07 12:15:00+05:30,722.1500244140625,724.1500244140625,721.5,722.0999755859375,722.0999755859375,1053785,12,Thursday,1.2246467991473532e-16,-1.0
2023-12-07 13:15:00+05:30,722.2999877929688,723.6500244140625,720.4000244140625,722.0,722.0,738206,13,Thursday,-0.2588190451025208,-0.9659258262890683
2023-12-07 14:15:00+05:30,722.0,726.4000244140625,720.0999755859375,722.5999755859375,722.5999755859375,2101804,14,Thursday,-0.4999999999999997,-0.8660254037844388
2023-12-07 15:15:00+05:30,722.5999755859375,723.25,721.4000244140625,721.7999877929688,721.7999877929688,648359,15,Thursday,-0.7071067811865471,-0.7071067811865479
2023-12-08 09:15:00+05:30,722.9500122070312,724.7999877929688,722.4000244140625,722.8499755859375,722.8499755859375,0,9,Friday,0.7071067811865476,-0.7071067811865475
2023-12-08 10:15:00+05:30,722.8499755859375,727.5,718.7000122070312,719.7999877929688,719.7999877929688,1661838,10,Friday,0.49999999999999994,-0.8660254037844387
2023-12-08 11:15:00+05:30,719.9500122070312,720.0999755859375,715.0499877929688,717.2999877929688,717.2999877929688,1039719,11,Friday,0.258819045102521,-0.9659258262890682
2023-12-08 12:15:00+05:30,717.2999877929688,718.2000122070312,710.7000122070312,712.25,712.25,1042295,12,Friday,1.2246467991473532e-16,-1.0
2023-12-08 13:15:00+05:30,712.25,713.0,707.5,712.3499755859375,712.3499755859375,1259143,13,Friday,-0.2588190451025208,-0.9659258262890683
2023-12-08 14:15:00+05:30,712.4500122070312,715.5999755859375,712.1500244140625,714.9500122070312,714.9500122070312,1544210,14,Friday,-0.4999999999999997,-0.8660254037844388
2023-12-08 15:15:00+05:30,715.0,715.0,713.9000244140625,714.4000244140625,714.4000244140625,707726,15,Friday,-0.7071067811865471,-0.7071067811865479
2023-12-11 09:15:00+05:30,717.3499755859375,726.1500244140625,717.1500244140625,724.75,724.75,0,9,Monday,0.7071067811865476,-0.7071067811865475
2023-12-11 10:15:00+05:30,724.5499877929688,724.9500122070312,720.2999877929688,723.4500122070312,723.4500122070312,940945,10,Monday,0.49999999999999994,-0.8660254037844387
2023-12-11 11:15:00+05:30,723.4500122070312,724.4000244140625,721.1500244140625,721.3499755859375,721.3499755859375,571449,11,Monday,0.258819045102521,-0.9659258262890682
2023-12-11 12:15:00+05:30,721.3499755859375,722.0499877929688,718.5,720.5499877929688,720.5499877929688,1491231,12,Monday,1.2246467991473532e-16,-1.0
2023-12-11 13:15:00+05:30,720.7999877929688,721.9500122070312,720.1500244140625,721.2999877929688,721.2999877929688,389350,13,Monday,-0.2588190451025208,-0.9659258262890683
2023-12-11 14:15:00+05:30,721.1500244140625,721.7999877929688,719.5,720.7999877929688,720.7999877929688,654252,14,Monday,-0.4999999999999997,-0.8660254037844388
2023-12-11 15:15:00+05:30,720.7999877929688,721.2999877929688,720.0999755859375,720.75,720.75,474255,15,Monday,-0.7071067811865471,-0.7071067811865479
2023-12-12 09:15:00+05:30,724.2000122070312,724.7999877929688,717.0,717.75,717.75,0,9,Tuesday,0.7071067811865476,-0.7071067811865475
2023-12-12 10:15:00+05:30,717.4500122070312,719.3499755859375,714.0,718.9000244140625,718.9000244140625,980778,10,Tuesday,0.49999999999999994,-0.8660254037844387
2023-12-12 11:15:00+05:30,718.9000244140625,722.3499755859375,717.5,722.2000122070312,722.2000122070312,944593,11,Tuesday,0.258819045102521,-0.9659258262890682
2023-12-12 12:15:00+05:30,722.1500244140625,722.6500244140625,716.5,717.5999755859375,717.5999755859375,699638,12,Tuesday,1.2246467991473532e-16,-1.0
2023-12-12 13:15:00+05:30,717.5999755859375,719.3499755859375,716.5499877929688,716.8499755859375,716.8499755859375,529573,13,Tuesday,-0.2588190451025208,-0.9659258262890683
2023-12-12 14:15:00+05:30,716.5999755859375,717.4000244140625,713.0,715.7999877929688,715.7999877929688,1199948,14,Tuesday,-0.4999999999999997,-0.8660254037844388
2023-12-12 15:15:00+05:30,715.7999877929688,716.0,714.5999755859375,715.5999755859375,715.5999755859375,469247,15,Tuesday,-0.7071067811865471,-0.7071067811865479
2023-12-13 09:15:00+05:30,717.0,719.0499877929688,713.5,717.5,717.5,1308271,9,Wednesday,0.7071067811865476,-0.7071067811865475
2023-12-13 10:15:00+05:30,717.5,717.75,714.8499755859375,716.25,716.25,437574,10,Wednesday,0.49999999999999994,-0.8660254037844387
2023-12-13 11:15:00+05:30,716.25,719.5,714.7000122070312,716.9500122070312,716.9500122070312,575251,11,Wednesday,0.258819045102521,-0.9659258262890682
2023-12-13 12:15:00+05:30,716.5499877929688,720.5499877929688,716.0,719.4500122070312,719.4500122070312,712662,12,Wednesday,1.2246467991473532e-16,-1.0
2023-12-13 13:15:00+05:30,719.4000244140625,721.1500244140625,719.0,719.4000244140625,719.4000244140625,976548,13,Wednesday,-0.2588190451025208,-0.9659258262890683
2023-12-13 14:15:00+05:30,719.4500122070312,721.4500122070312,717.7999877929688,720.4000244140625,720.4000244140625,1299272,14,Wednesday,-0.4999999999999997,-0.8660254037844388
2023-12-13 15:15:00+05:30,720.4000244140625,720.7999877929688,719.6500244140625,720.2999877929688,720.2999877929688,494164,15,Wednesday,-0.7071067811865471,-0.7071067811865479
2023-12-14 09:15:00+05:30,723.8499755859375,724.0499877929688,720.25,721.7000122070312,721.7000122070312,0,9,Thursday,0.7071067811865476,-0.7071067811865475
2023-12-14 10:15:00+05:30,721.5,722.7000122070312,719.2000122070312,720.5999755859375,720.5999755859375,750715,10,Thursday,0.49999999999999994,-0.8660254037844387
2023-12-14 11:15:00+05:30,720.6500244140625,721.5,719.5,720.7999877929688,720.7999877929688,587092,11,Thursday,0.258819045102521,-0.9659258262890682
2023-12-14 12:15:00+05:30,720.7999877929688,721.0,719.5999755859375,719.9500122070312,719.9500122070312,536896,12,Thursday,1.2246467991473532e-16,-1.0
2023-12-14 13:15:00+05:30,720.0,722.0499877929688,719.8499755859375,720.9500122070312,720.9500122070312,1165591,13,Thursday,-0.2588190451025208,-0.9659258262890683
2023-12-14 14:15:00+05:30,720.9500122070312,721.3499755859375,718.6500244140625,719.0,719.0,1593591,14,Thursday,-0.4999999999999997,-0.8660254037844388
2023-12-14 15:15:00+05:30,719.0,720.7999877929688,718.6500244140625,719.75,719.75,707651,15,Thursday,-0.7071067811865471,-0.7071067811865479
2023-12-15 09:15:00+05:30,723.3499755859375,730.6500244140625,721.2999877929688,729.1500244140625,729.1500244140625,0,9,Friday,0.7071067811865476,-0.7071067811865475
2023-12-15 10:15:00+05:30,729.1500244140625,729.9000244140625,724.5499877929688,727.5,727.5,1159111,10,Friday,0.49999999999999994,-0.8660254037844387
2023-12-15 11:15:00+05:30,727.5,729.25,726.1500244140625,726.5999755859375,726.5999755859375,851342,11,Friday,0.258819045102521,-0.9659258262890682
2023-12-15 12:15:00+05:30,726.5999755859375,728.4000244140625,726.3499755859375,727.9000244140625,727.9000244140625,653386,12,Friday,1.2246467991473532e-16,-1.0
2023-12-15 13:15:00+05:30,727.7999877929688,728.9000244140625,725.0499877929688,726.5499877929688,726.5499877929688,867206,13,Friday,-0.2588190451025208,-0.9659258262890683
2023-12-15 14:15:00+05:30,726.4000244140625,733.0999755859375,725.75,732.5499877929688,732.5499877929688,3328598,14,Friday,-0.4999999999999997,-0.8660254037844388
2023-12-15 15:15:00+05:30,732.5,734.0,730.9000244140625,731.0999755859375,731.0999755859375,2019279,15,Friday,-0.7071067811865471,-0.7071067811865479
2023-12-18 09:15:00+05:30,732.9000244140625,734.75,728.1500244140625,732.0499877929688,732.0499877929688,0,9,Monday,0.7071067811865476,-0.7071067811865475
2023-12-18 10:15:00+05:30,732.0499877929688,733.8499755859375,731.5,732.0,732.0,636623,10,Monday,0.49999999999999994,-0.8660254037844387
2023-12-18 11:15:00+05:30,731.9500122070312,734.5,731.5999755859375,732.8499755859375,732.8499755859375,1171739,11,Monday,0.258819045102521,-0.9659258262890682
2023-12-18 12:15:00+05:30,732.7999877929688,733.0,729.4000244140625,729.7999877929688,729.7999877929688,604665,12,Monday,1.2246467991473532e-16,-1.0
2023-12-18 13:15:00+05:30,729.75,732.0,729.4500122070312,731.5999755859375,731.5999755859375,447605,13,Monday,-0.2588190451025208,-0.9659258262890683
2023-12-18 14:15:00+05:30,731.5999755859375,731.7000122070312,730.3499755859375,731.0,731.0,603296,14,Monday,-0.4999999999999997,-0.8660254037844388
2023-12-18 15:15:00+05:30,731.0499877929688,731.5,730.0,730.0999755859375,730.0999755859375,356887,15,Monday,-0.7071067811865471,-0.7071067811865479
2023-12-19 09:15:00+05:30,731.25,732.5999755859375,726.0499877929688,727.0,727.0,0,9,Tuesday,0.7071067811865476,-0.7071067811865475
2023-12-19 10:15:00+05:30,727.0,729.0499877929688,726.0499877929688,728.5,728.5,512584,10,Tuesday,0.49999999999999994,-0.8660254037844387
2023-12-19 11:15:00+05:30,728.2999877929688,731.0999755859375,727.5499877929688,729.5,729.5,612787,11,Tuesday,0.258819045102521,-0.9659258262890682
2023-12-19 12:15:00+05:30,729.5,730.0,727.6500244140625,727.9500122070312,727.9500122070312,418940,12,Tuesday,1.2246467991473532e-16,-1.0
2023-12-19 13:15:00+05:30,728.0,729.75,727.3499755859375,729.5999755859375,729.5999755859375,336053,13,Tuesday,-0.2588190451025208,-0.9659258262890683
2023-12-19 14:15:00+05:30,729.5999755859375,730.0,727.0,728.75,728.75,778850,14,Tuesday,-0.4999999999999997,-0.8660254037844388
2023-12-19 15:15:00+05:30,728.75,730.0,728.7000122070312,729.9500122070312,729.9500122070312,403367,15,Tuesday,-0.7071067811865471,-0.7071067811865479
2023-12-20 09:15:00+05:30,730.5,733.0,729.2000122070312,731.5,731.5,0,9,Wednesday,0.7071067811865476,-0.7071067811865475
2023-12-20 10:15:00+05:30,731.75,731.75,729.75,730.4000244140625,730.4000244140625,513702,10,Wednesday,0.49999999999999994,-0.8660254037844387
2023-12-20 11:15:00+05:30,730.5,730.8499755859375,727.1500244140625,727.9500122070312,727.9500122070312,670892,11,Wednesday,0.258819045102521,-0.9659258262890682
2023-12-20 12:15:00+05:30,727.9500122070312,728.0,725.4000244140625,725.7000122070312,725.7000122070312,567113,12,Wednesday,1.2246467991473532e-16,-1.0
2023-12-20 13:15:00+05:30,725.75,726.3499755859375,709.0,710.2000122070312,710.2000122070312,2456051,13,Wednesday,-0.2588190451025208,-0.9659258262890683
2023-12-20 14:15:00+05:30,710.2000122070312,712.2000122070312,703.4000244140625,704.3499755859375,704.3499755859375,2286162,14,Wednesday,-0.4999999999999997,-0.8660254037844388
2023-12-20 15:15:00+05:30,704.0,706.0,703.2999877929688,706.0,706.0,665007,15,Wednesday,-0.7071067811865471,-0.7071067811865479
2023-12-21 09:15:00+05:30,700.0,711.4000244140625,696.8499755859375,710.7999877929688,710.7999877929688,0,9,Thursday,0.7071067811865476,-0.7071067811865475
2023-12-21 10:15:00+05:30,711.0,711.2999877929688,705.7000122070312,709.5499877929688,709.5499877929688,1189603,10,Thursday,0.49999999999999994,-0.8660254037844387
2023-12-21 11:15:00+05:30,709.5999755859375,711.5999755859375,707.25,711.5,711.5,747443,11,Thursday,0.258819045102521,-0.9659258262890682
2023-12-21 12:15:00+05:30,711.5,711.9000244140625,709.0499877929688,711.0499877929688,711.0499877929688,635771,12,Thursday,1.2246467991473532e-16,-1.0
2023-12-21 13:15:00+05:30,710.8499755859375,711.7000122070312,704.0,705.4500122070312,705.4500122070312,887374,13,Thursday,-0.2588190451025208,-0.9659258262890683
2023-12-21 14:15:00+05:30,705.2000122070312,710.0,705.2000122070312,708.5,708.5,849280,14,Thursday,-0.4999999999999997,-0.8660254037844388
2023-12-21 15:15:00+05:30,708.4000244140625,710.75,708.2000122070312,709.9500122070312,709.9500122070312,498978,15,Thursday,-0.7071067811865471,-0.7071067811865479
2023-12-22 09:15:00+05:30,715.0,729.4500122070312,712.3499755859375,728.3499755859375,728.3499755859375,3949204,9,Friday,0.7071067811865476,-0.7071067811865475
2023-12-22 10:15:00+05:30,728.4000244140625,731.0,725.5999755859375,728.2999877929688,728.2999877929688,2207011,10,Friday,0.49999999999999994,-0.8660254037844387
2023-12-22 11:15:00+05:30,728.2999877929688,728.5,722.5,723.2000122070312,723.2000122070312,1157769,11,Friday,0.258819045102521,-0.9659258262890682
2023-12-22 12:15:00+05:30,723.0,726.1500244140625,719.2000122070312,723.75,723.75,1665901,12,Friday,1.2246467991473532e-16,-1.0
2023-12-22 13:15:00+05:30,723.7000122070312,725.0,720.9000244140625,723.9000244140625,723.9000244140625,981607,13,Friday,-0.2588190451025208,-0.9659258262890683
2023-12-22 14:15:00+05:30,723.8499755859375,726.9500122070312,723.2000122070312,724.5,724.5,1564611,14,Friday,-0.4999999999999997,-0.8660254037844388
2023-12-22 15:15:00+05:30,724.5,725.9000244140625,724.0999755859375,725.0499877929688,725.0499877929688,526821,15,Friday,-0.7071067811865471,-0.7071067811865479
2023-12-26 09:15:00+05:30,726.8499755859375,727.4000244140625,721.1500244140625,725.2000122070312,725.2000122070312,0,9,Tuesday,0.7071067811865476,-0.7071067811865475
2023-12-26 10:15:00+05:30,725.2999877929688,725.7999877929688,723.5,724.7999877929688,724.7999877929688,565927,10,Tuesday,0.49999999999999994,-0.8660254037844387
2023-12-26 11:15:00+05:30,725.0999755859375,725.4500122070312,722.4500122070312,723.0,723.0,606304,11,Tuesday,0.258819045102521,-0.9659258262890682
2023-12-26 12:15:00+05:30,723.0,723.75,719.4000244140625,721.0,721.0,924638,12,Tuesday,1.2246467991473532e-16,-1.0
2023-12-26 13:15:00+05:30,721.0999755859375,722.1500244140625,718.0,718.8499755859375,718.8499755859375,895456,13,Tuesday,-0.2588190451025208,-0.9659258262890683
2023-12-26 14:15:00+05:30,718.8499755859375,723.6500244140625,716.5999755859375,719.0499877929688,719.0499877929688,2241174,14,Tuesday,-0.4999999999999997,-0.8660254037844388
2023-12-26 15:15:00+05:30,719.0499877929688,720.7000122070312,718.8499755859375,720.2999877929688,720.2999877929688,625659,15,Tuesday,-0.7071067811865471,-0.7071067811865479
2023-12-27 09:15:00+05:30,727.0999755859375,733.7999877929688,725.5499877929688,733.5999755859375,733.5999755859375,0,9,Wednesday,0.7071067811865476,-0.7071067811865475
2023-12-27 10:15:00+05:30,733.6500244140625,738.4000244140625,732.5,736.25,736.25,3108645,10,Wednesday,0.49999999999999994,-0.8660254037844387
2023-12-27 11:15:00+05:30,736.2999877929688,737.9500122070312,734.2999877929688,734.9500122070312,734.9500122070312,1348829,11,Wednesday,0.258819045102521,-0.9659258262890682
2023-12-27 12:15:00+05:30,735.0,736.6500244140625,732.25,734.9500122070312,734.9500122070312,1651578,12,Wednesday,1.2246467991473532e-16,-1.0
2023-12-27 13:15:00+05:30,734.9500122070312,741.0,734.7999877929688,740.4500122070312,740.4500122070312,2496007,13,Wednesday,-0.2588190451025208,-0.9659258262890683
2023-12-27 14:15:00+05:30,740.2000122070312,741.6500244140625,739.0,741.2000122070312,741.2000122070312,2233512,14,Wednesday,-0.4999999999999997,-0.8660254037844388
2023-12-27 15:15:00+05:30,741.4500122070312,741.75,739.6500244140625,740.2999877929688,740.2999877929688,1170779,15,Wednesday,-0.7071067811865471,-0.7071067811865479
2023-12-28 09:15:00+05:30,741.8499755859375,745.4500122070312,739.0999755859375,743.3499755859375,743.3499755859375,0,9,Thursday,0.7071067811865476,-0.7071067811865475
2023-12-28 10:15:00+05:30,743.3499755859375,746.5,742.2999877929688,744.6500244140625,744.6500244140625,1487142,10,Thursday,0.49999999999999994,-0.8660254037844387
2023-12-28 11:15:00+05:30,744.6500244140625,747.75,744.2000122070312,746.2000122070312,746.2000122070312,1087636,11,Thursday,0.258819045102521,-0.9659258262890682
2023-12-28 12:15:00+05:30,746.2999877929688,749.0,746.25,748.0999755859375,748.0999755859375,1614191,12,Thursday,1.2246467991473532e-16,-1.0
2023-12-28 13:15:00+05:30,748.0999755859375,751.7999877929688,747.2999877929688,750.4500122070312,750.4500122070312,1646175,13,Thursday,-0.2588190451025208,-0.9659258262890683
2023-12-28 14:15:00+05:30,750.4000244140625,753.7999877929688,747.0499877929688,753.6500244140625,753.6500244140625,4095972,14,Thursday,-0.4999999999999997,-0.8660254037844388
2023-12-28 15:15:00+05:30,753.6500244140625,757.9000244140625,753.25,754.0,754.0,2058257,15,Thursday,-0.7071067811865471,-0.7071067811865479
2023-12-29 09:15:00+05:30,755.4000244140625,771.0999755859375,755.4000244140625,765.0,765.0,0,9,Friday,0.7071067811865476,-0.7071067811865475
2023-12-29 10:15:00+05:30,765.0,802.9000244140625,764.5,795.7999877929688,795.7999877929688,15312274,10,Friday,0.49999999999999994,-0.8660254037844387
2023-12-29 11:15:00+05:30,795.7999877929688,799.0,790.1500244140625,790.4500122070312,790.4500122070312,5426170,11,Friday,0.258819045102521,-0.9659258262890682
2023-12-29 12:15:00+05:30,790.5,792.7999877929688,785.0499877929688,785.9500122070312,785.9500122070312,3839571,12,Friday,1.2246467991473532e-16,-1.0
2023-12-29 13:15:00+05:30,786.0,788.7999877929688,778.8499755859375,779.7999877929688,779.7999877929688,3949640,13,Friday,-0.2588190451025208,-0.9659258262890683
2023-12-29 14:15:00+05:30,779.7999877929688,786.1500244140625,779.3499755859375,779.6500244140625,779.6500244140625,4752083,14,Friday,-0.4999999999999997,-0.8660254037844388
2023-12-29 15:15:00+05:30,779.6500244140625,780.8499755859375,776.25,779.0999755859375,779.0999755859375,1754976,15,Friday,-0.7071067811865471,-0.7071067811865479
2024-01-01 09:15:00+05:30,783.7000122070312,795.9000244140625,782.0,792.9500122070312,792.9500122070312,0,9,Monday,0.7071067811865476,-0.7071067811865475
2024-01-01 10:15:00+05:30,792.8499755859375,798.5,791.2000122070312,794.0999755859375,794.0999755859375,2316643,10,Monday,0.49999999999999994,-0.8660254037844387
2024-01-01 11:15:00+05:30,794.1500244140625,794.5,790.7000122070312,792.2000122070312,792.2000122070312,1136665,11,Monday,0.258819045102521,-0.9659258262890682
2024-01-01 12:15:00+05:30,792.2999877929688,793.5999755859375,789.4000244140625,793.0,793.0,949340,12,Monday,1.2246467991473532e-16,-1.0
2024-01-01 13:15:00+05:30,792.7999877929688,794.0,790.5,790.5,790.5,794375,13,Monday,-0.2588190451025208,-0.9659258262890683
2024-01-01 14:15:00+05:30,790.2999877929688,793.7999877929688,790.0,790.25,790.25,1297258,14,Monday,-0.4999999999999997,-0.8660254037844388
2024-01-01 15:15:00+05:30,790.2000122070312,792.0,788.2000122070312,792.0,792.0,716759,15,Monday,-0.7071067811865471,-0.7071067811865479
2024-01-02 09:15:00+05:30,799.0,803.4500122070312,783.4000244140625,785.25,785.25,0,9,Tuesday,0.7071067811865476,-0.7071067811865475
2024-01-02 10:15:00+05:30,785.5,786.6500244140625,779.0,784.4500122070312,784.4500122070312,2192007,10,Tuesday,0.49999999999999994,-0.8660254037844387
2024-01-02 11:15:00+05:30,784.1500244140625,786.8499755859375,783.0,785.4000244140625,785.4000244140625,954200,11,Tuesday,0.258819045102521,-0.9659258262890682
2024-01-02 12:15:00+05:30,785.3499755859375,787.0,782.7999877929688,784.7000122070312,784.7000122070312,1096479,12,Tuesday,1.2246467991473532e-16,-1.0
2024-01-02 13:15:00+05:30,784.5499877929688,786.7000122070312,784.5499877929688,786.1500244140625,786.1500244140625,860696,13,Tuesday,-0.2588190451025208,-0.9659258262890683
2024-01-02 14:15:00+05:30,786.0999755859375,786.4500122070312,782.5999755859375,784.2999877929688,784.2999877929688,1987401,14,Tuesday,-0.4999999999999997,-0.8660254037844388
2024-01-02 15:15:00+05:30,784.2999877929688,786.0,783.75,785.9000244140625,785.9000244140625,974907,15,Tuesday,-0.7071067811865471,-0.7071067811865479
2024-01-03 09:15:00+05:30,787.0,788.2000122070312,776.2999877929688,780.7000122070312,780.7000122070312,0,9,Wednesday,0.7071067811865476,-0.7071067811865475
2024-01-03 10:15:00+05:30,780.7000122070312,783.9000244140625,778.9000244140625,783.1500244140625,783.1500244140625,986719,10,Wednesday,0.49999999999999994,-0.8660254037844387
2024-01-03 11:15:00+05:30,783.0499877929688,790.0,781.5499877929688,785.5,785.5,1535856,11,Wednesday,0.258819045102521,-0.9659258262890682
2024-01-03 12:15:00+05:30,785.6500244140625,786.25,780.6500244140625,781.8499755859375,781.8499755859375,797995,12,Wednesday,1.2246467991473532e-16,-1.0
2024-01-03 13:15:00+05:30,781.9000244140625,782.7999877929688,780.3499755859375,781.0,781.0,674648,13,Wednesday,-0.2588190451025208,-0.9659258262890683
2024-01-03 14:15:00+05:30,780.9000244140625,783.75,780.0,781.0,781.0,1060142,14,Wednesday,-0.4999999999999997,-0.8660254037844388
2024-01-03 15:15:00+05:30,781.0499877929688,783.0,780.2999877929688,782.6500244140625,782.6500244140625,512447,15,Wednesday,-0.7071067811865471,-0.7071067811865479
2024-01-04 09:15:00+05:30,793.2999877929688,796.6500244140625,791.2999877929688,794.25,794.25,0,9,Thursday,0.7071067811865476,-0.7071067811865475
2024-01-04 10:15:00+05:30,794.1500244140625,801.7999877929688,793.5499877929688,800.4000244140625,800.4000244140625,3136894,10,Thursday,0.49999999999999994,-0.8660254037844387
2024-01-04 11:15:00+05:30,800.3499755859375,800.5999755859375,795.2999877929688,796.2000122070312,796.2000122070312,1643579,11,Thursday,0.258819045102521,-0.9659258262890682
2024-01-04 12:15:00+05:30,796.1500244140625,797.2000122070312,795.0,795.7000122070312,795.7000122070312,929105,12,Thursday,1.2246467991473532e-16,-1.0
2024-01-04 13:15:00+05:30,795.7000122070312,798.5999755859375,794.2999877929688,796.4000244140625,796.4000244140625,1080145,13,Thursday,-0.2588190451025208,-0.9659258262890683
2024-01-04 14:15:00+05:30,796.5,799.0,795.1500244140625,795.25,795.25,1591547,14,Thursday,-0.4999999999999997,-0.8660254037844388
2024-01-04 15:15:00+05:30,795.3499755859375,796.5999755859375,794.5499877929688,795.9000244140625,795.9000244140625,1005296,15,Thursday,-0.7071067811865471,-0.7071067811865479
2024-01-05 09:15:00+05:30,798.9000244140625,801.1500244140625,796.0,798.9500122070312,798.9500122070312,0,9,Friday,0.7071067811865476,-0.7071067811865475
2024-01-05 10:15:00+05:30,798.8499755859375,805.7999877929688,795.1500244140625,797.0499877929688,797.0499877929688,2614802,10,Friday,0.49999999999999994,-0.8660254037844387
2024-01-05 11:15:00+05:30,797.0499877929688,797.5,794.5999755859375,795.9500122070312,795.9500122070312,820518,11,Friday,0.258819045102521,-0.9659258262890682
2024-01-05 12:15:00+05:30,795.9000244140625,796.4000244140625,793.0,793.0499877929688,793.0499877929688,885140,12,Friday,1.2246467991473532e-16,-1.0
2024-01-05 13:15:00+05:30,793.0499877929688,793.0499877929688,787.2000122070312,787.9500122070312,787.9500122070312,1492462,13,Friday,-0.2588190451025208,-0.9659258262890683
2024-01-05 14:15:00+05:30,787.9500122070312,793.7000122070312,787.25,789.9000244140625,789.9000244140625,2229019,14,Friday,-0.4999999999999997,-0.8660254037844388
2024-01-05 15:15:00+05:30,789.75,793.4500122070312,788.4000244140625,792.0,792.0,1275701,15,Friday,-0.7071067811865471,-0.7071067811865479
2024-01-08 09:15:00+05:30,796.3499755859375,800.25,791.1500244140625,797.1500244140625,797.1500244140625,0,9,Monday,0.7071067811865476,-0.7071067811865475
2024-01-08 10:15:00+05:30,797.2000122070312,797.7000122070312,792.0,793.2999877929688,793.2999877929688,741636,10,Monday,0.49999999999999994,-0.8660254037844387
2024-01-08 11:15:00+05:30,793.2000122070312,793.7000122070312,789.0,791.25,791.25,984903,11,Monday,0.258819045102521,-0.9659258262890682
2024-01-08 12:15:00+05:30,791.2999877929688,792.8499755859375,790.5,792.1500244140625,792.1500244140625,662229,12,Monday,1.2246467991473532e-16,-1.0
2024-01-08 13:15:00+05:30,792.1500244140625,793.1500244140625,791.0,792.0999755859375,792.0999755859375,660472,13,Monday,-0.2588190451025208,-0.9659258262890683
2024-01-08 14:15:00+05:30,792.0,792.4000244140625,787.5,788.4000244140625,788.4000244140625,1055718,14,Monday,-0.4999999999999997,-0.8660254037844388
2024-01-08 15:15:00+05:30,788.25,790.9000244140625,787.9500122070312,789.8499755859375,789.8499755859375,784517,15,Monday,-0.7071067811865471,-0.7071067811865479
2024-01-09 09:15:00+05:30,799.8499755859375,801.9500122070312,793.25,800.25,800.25,0,9,Tuesday,0.7071067811865476,-0.7071067811865475
2024-01-09 10:15:00+05:30,800.0999755859375,809.2000122070312,799.5,803.5,803.5,5102644,10,Tuesday,0.49999999999999994,-0.8660254037844387
2024-01-09 11:15:00+05:30,803.5,804.2000122070312,798.5,799.7000122070312,799.7000122070312,1321744,11,Tuesday,0.258819045102521,-0.9659258262890682
2024-01-09 12:15:00+05:30,799.8499755859375,805.4500122070312,799.7000122070312,803.7999877929688,803.7999877929688,1000987,12,Tuesday,1.2246467991473532e-16,-1.0
2024-01-09 13:15:00+05:30,803.7999877929688,803.8499755859375,800.2000122070312,801.9500122070312,801.9500122070312,637412,13,Tuesday,-0.2588190451025208,-0.9659258262890683
2024-01-09 14:15:00+05:30,801.9500122070312,802.25,797.4000244140625,799.2000122070312,799.2000122070312,1288755,14,Tuesday,-0.4999999999999997,-0.8660254037844388
2024-01-09 15:15:00+05:30,799.3499755859375,801.2000122070312,798.2000122070312,799.7999877929688,799.7999877929688,560737,15,Tuesday,-0.7071067811865471,-0.7071067811865479
2024-01-10 09:15:00+05:30,800.0,804.4500122070312,792.75,796.6500244140625,796.6500244140625,0,9,Wednesday,0.7071067811865476,-0.7071067811865475
2024-01-10 10:15:00+05:30,796.9500122070312,799.4500122070312,795.5999755859375,797.5999755859375,797.5999755859375,617929,10,Wednesday,0.49999999999999994,-0.8660254037844387
2024-01-10 11:15:00+05:30,797.25,798.0,796.0,797.2000122070312,797.2000122070312,421779,11,Wednesday,0.258819045102521,-0.9659258262890682
2024-01-10 12:15:00+05:30,797.25,803.0,796.8499755859375,802.0499877929688,802.0499877929688,1257975,12,Wednesday,1.2246467991473532e-16,-1.0
2024-01-10 13:15:00+05:30,802.2999877929688,810.9000244140625,800.5,808.5499877929688,808.5499877929688,3051338,13,Wednesday,-0.2588190451025208,-0.9659258262890683
2024-01-10 14:15:00+05:30,808.5499877929688,809.8499755859375,806.2999877929688,808.2000122070312,808.2000122070312,1684265,14,Wednesday,-0.4999999999999997,-0.8660254037844388
2024-01-10 15:15:00+05:30,808.1500244140625,809.25,807.5499877929688,808.8499755859375,808.8499755859375,743458,15,Wednesday,-0.7071067811865471,-0.7071067811865479
2024-01-11 09:15:00+05:30,812.8499755859375,815.0,808.6500244140625,814.4000244140625,814.4000244140625,0,9,Thursday,0.7071067811865476,-0.7071067811865475
2024-01-11 10:15:00+05:30,814.5,816.0,812.2000122070312,813.9000244140625,813.9000244140625,1767036,10,Thursday,0.49999999999999994,-0.8660254037844387
2024-01-11 11:15:00+05:30,813.7000122070312,814.0499877929688,810.9000244140625,812.25,812.25,1023445,11,Thursday,0.258819045102521,-0.9659258262890682
2024-01-11 12:15:00+05:30,812.25,812.5,810.25,812.2000122070312,812.2000122070312,672978,12,Thursday,1.2246467991473532e-16,-1.0
2024-01-11 13:15:00+05:30,812.2000122070312,817.5,811.0,813.5,813.5,2030842,13,Thursday,-0.2588190451025208,-0.9659258262890683
2024-01-11 14:15:00+05:30,813.7999877929688,816.6500244140625,813.5499877929688,815.4000244140625,815.4000244140625,1790481,14,Thursday,-0.4999999999999997,-0.8660254037844388
2024-01-11 15:15:00+05:30,815.4000244140625,816.0,814.9500122070312,815.6500244140625,815.6500244140625,995983,15,Thursday,-0.7071067811865471,-0.7071067811865479
2024-01-12 09:15:00+05:30,818.0999755859375,818.1500244140625,809.2999877929688,815.2000122070312,815.2000122070312,0,9,Friday,0.7071067811865476,-0.7071067811865475
2024-01-12 10:15:00+05:30,815.2999877929688,817.4000244140625,814.0499877929688,815.2000122070312,815.2000122070312,902478,10,Friday,0.49999999999999994,-0.8660254037844387
2024-01-12 11:15:00+05:30,815.0999755859375,815.9000244140625,813.7000122070312,815.4000244140625,815.4000244140625,703352,11,Friday,0.258819045102521,-0.9659258262890682
2024-01-12 12:15:00+05:30,815.4000244140625,817.0,815.0,815.5,815.5,587605,12,Friday,1.2246467991473532e-16,-1.0
2024-01-12 13:15:00+05:30,815.9000244140625,817.75,815.0,815.9000244140625,815.9000244140625,700055,13,Friday,-0.2588190451025208,-0.9659258262890683
2024-01-12 14:15:00+05:30,815.9000244140625,817.2000122070312,815.2999877929688,816.25,816.25,1524675,14,Friday,-0.4999999999999997,-0.8660254037844388
2024-01-12 15:15:00+05:30,816.1500244140625,817.5,816.0,817.4500122070312,817.4500122070312,777156,15,Friday,-0.7071067811865471,-0.7071067811865479
2024-01-15 09:15:00+05:30,820.0,820.4000244140625,811.0,812.7999877929688,812.7999877929688,0,9,Monday,0.7071067811865476,-0.7071067811865475
2024-01-15 10:15:00+05:30,812.7999877929688,814.9000244140625,812.25,813.75,813.75,507524,10,Monday,0.49999999999999994,-0.8660254037844387
2024-01-15 11:15:00+05:30,814.0,814.0,811.4500122070312,814.0,814.0,530080,11,Monday,0.258819045102521,-0.9659258262890682
2024-01-15 12:15:00+05:30,813.9500122070312,814.5499877929688,813.0499877929688,813.4000244140625,813.4000244140625,382730,12,Monday,1.2246467991473532e-16,-1.0
2024-01-15 13:15:00+05:30,813.4500122070312,813.75,811.5,812.9000244140625,812.9000244140625,559354,13,Monday,-0.2588190451025208,-0.9659258262890683
2024-01-15 14:15:00+05:30,813.0,813.7999877929688,812.1500244140625,812.5499877929688,812.5499877929688,611434,14,Monday,-0.4999999999999997,-0.8660254037844388
2024-01-15 15:15:00+05:30,812.5,813.2000122070312,811.2999877929688,813.2000122070312,813.2000122070312,491021,15,Monday,-0.7071067811865471,-0.7071067811865479
2024-01-16 09:15:00+05:30,812.5999755859375,827.0,812.5999755859375,821.75,821.75,0,9,Tuesday,0.7071067811865476,-0.7071067811865475
2024-01-16 10:15:00+05:30,822.0,822.8499755859375,820.2000122070312,822.2000122070312,822.2000122070312,691697,10,Tuesday,0.49999999999999994,-0.8660254037844387
2024-01-16 11:15:00+05:30,822.2000122070312,823.0,820.5499877929688,823.0,823.0,699272,11,Tuesday,0.258819045102521,-0.9659258262890682
2024-01-16 12:15:00+05:30,822.75,824.5,819.75,820.9000244140625,820.9000244140625,1954611,12,Tuesday,1.2246467991473532e-16,-1.0
2024-01-16 13:15:00+05:30,820.8499755859375,821.0,814.4500122070312,819.2000122070312,819.2000122070312,1350685,13,Tuesday,-0.2588190451025208,-0.9659258262890683
2024-01-16 14:15:00+05:30,819.5,821.2000122070312,817.25,818.7999877929688,818.7999877929688,951176,14,Tuesday,-0.4999999999999997,-0.8660254037844388
2024-01-16 15:15:00+05:30,818.6500244140625,819.4000244140625,817.5,818.0,818.0,760329,15,Tuesday,-0.7071067811865471,-0.7071067811865479
2024-01-17 09:15:00+05:30,811.0,813.0,805.25,812.7999877929688,812.7999877929688,0,9,Wednesday,0.7071067811865476,-0.7071067811865475
2024-01-17 10:15:00+05:30,812.6500244140625,812.7000122070312,809.0,810.9500122070312,810.9500122070312,654407,10,Wednesday,0.49999999999999994,-0.8660254037844387
2024-01-17 11:15:00+05:30,810.9500122070312,812.2000122070312,804.4500122070312,807.25,807.25,1373230,11,Wednesday,0.258819045102521,-0.9659258262890682
2024-01-17 12:15:00+05:30,807.1500244140625,809.7999877929688,806.2000122070312,807.7999877929688,807.7999877929688,649986,12,Wednesday,1.2246467991473532e-16,-1.0
2024-01-17 13:15:00+05:30,807.7999877929688,810.5,805.25,809.0,809.0,738188,13,Wednesday,-0.2588190451025208,-0.9659258262890683
2024-01-17 14:15:00+05:30,809.0,809.0,804.0999755859375,805.9500122070312,805.9500122070312,1327651,14,Wednesday,-0.4999999999999997,-0.8660254037844388
2024-01-17 15:15:00+05:30,805.8499755859375,807.5,804.0,807.5,807.5,640246,15,Wednesday,-0.7071067811865471,-0.7071067811865479
2024-01-18 09:15:00+05:30,807.9500122070312,818.5,797.0,807.7000122070312,807.7000122070312,0,9,Thursday,0.7071067811865476,-0.7071067811865475
2024-01-18 10:15:00+05:30,807.7000122070312,813.4500122070312,804.0999755859375,811.9500122070312,811.9500122070312,1520657,10,Thursday,0.49999999999999994,-0.8660254037844387
2024-01-18 11:15:00+05:30,811.9500122070312,814.8499755859375,810.4000244140625,813.5,813.5,1173358,11,Thursday,0.258819045102521,-0.9659258262890682
2024-01-18 12:15:00+05:30,813.5,816.2999877929688,812.5,814.5999755859375,814.5999755859375,1064427,12,Thursday,1.2246467991473532e-16,-1.0
2024-01-18 13:15:00+05:30,814.5499877929688,816.25,813.7999877929688,815.2000122070312,815.2000122070312,612731,13,Thursday,-0.2588190451025208,-0.9659258262890683
2024-01-18 14:15:00+05:30,815.3499755859375,822.7999877929688,813.0999755859375,818.2999877929688,818.2999877929688,1933353,14,Thursday,-0.4999999999999997,-0.8660254037844388
2024-01-18 15:15:00+05:30,818.4500122070312,820.0,818.0499877929688,819.5499877929688,819.5499877929688,842572,15,Thursday,-0.7071067811865471,-0.7071067811865479
2024-01-19 09:15:00+05:30,824.0,825.2999877929688,821.0499877929688,823.7999877929688,823.7999877929688,0,9,Friday,0.7071067811865476,-0.7071067811865475
2024-01-19 10:15:00+05:30,823.5,824.0,820.4500122070312,821.6500244140625,821.6500244140625,666150,10,Friday,0.49999999999999994,-0.8660254037844387
2024-01-19 11:15:00+05:30,821.5999755859375,826.0,821.0999755859375,822.7000122070312,822.7000122070312,964989,11,Friday,0.258819045102521,-0.9659258262890682
2024-01-19 12:15:00+05:30,822.7000122070312,822.75,821.0,822.2999877929688,822.2999877929688,497984,12,Friday,1.2246467991473532e-16,-1.0
2024-01-19 13:15:00+05:30,822.2999877929688,823.2999877929688,819.5,821.5,821.5,594771,13,Friday,-0.2588190451025208,-0.9659258262890683
2024-01-19 14:15:00+05:30,821.5,823.5,820.9500122070312,823.4000244140625,823.4000244140625,875593,14,Friday,-0.4999999999999997,-0.8660254037844388
2024-01-19 15:15:00+05:30,823.4500122070312,825.0,823.0999755859375,823.6500244140625,823.6500244140625,478554,15,Friday,-0.7071067811865471,-0.7071067811865479
2024-01-23 09:15:00+05:30,823.9000244140625,827.5,820.2999877929688,822.0999755859375,822.0999755859375,0,9,Tuesday,0.7071067811865476,-0.7071067811865475
2024-01-23 10:15:00+05:30,821.9000244140625,822.8499755859375,814.0,816.9000244140625,816.9000244140625,1007841,10,Tuesday,0.49999999999999994,-0.8660254037844387
2024-01-23 11:15:00+05:30,816.7999877929688,820.2000122070312,808.5499877929688,809.0999755859375,809.0999755859375,1436470,11,Tuesday,0.258819045102521,-0.9659258262890682
2024-01-23 12:15:00+05:30,809.0499877929688,811.0,802.2000122070312,804.2999877929688,804.2999877929688,1056583,12,Tuesday,1.2246467991473532e-16,-1.0
2024-01-23 13:15:00+05:30,804.5499877929688,805.7999877929688,800.6500244140625,801.7999877929688,801.7999877929688,765646,13,Tuesday,-0.2588190451025208,-0.9659258262890683
2024-01-23 14:15:00+05:30,801.7999877929688,802.25,796.3499755859375,799.7000122070312,799.7000122070312,2116320,14,Tuesday,-0.4999999999999997,-0.8660254037844388
2024-01-23 15:15:00+05:30,799.75,802.5499877929688,799.25,802.5,802.5,992040,15,Tuesday,-0.7071067811865471,-0.7071067811865479
2024-01-24 09:15:00+05:30,802.4000244140625,808.4500122070312,789.2999877929688,804.2000122070312,804.2000122070312,3048235,9,Wednesday,0.7071067811865476,-0.7071067811865475
2024-01-24 10:15:00+05:30,804.5,807.5499877929688,803.5499877929688,805.7999877929688,805.7999877929688,650635,10,Wednesday,0.49999999999999994,-0.8660254037844387
2024-01-24 11:15:00+05:30,805.7999877929688,806.0999755859375,797.7999877929688,798.2000122070312,798.2000122070312,782222,11,Wednesday,0.258819045102521,-0.9659258262890682
2024-01-24 12:15:00+05:30,798.5,805.4000244140625,797.2999877929688,805.1500244140625,805.1500244140625,609975,12,Wednesday,1.2246467991473532e-16,-1.0
2024-01-24 13:15:00+05:30,805.3499755859375,806.8499755859375,803.5,806.1500244140625,806.1500244140625,596548,13,Wednesday,-0.2588190451025208,-0.9659258262890683
2024-01-24 14:15:00+05:30,806.3499755859375,811.5499877929688,805.5999755859375,810.9500122070312,810.9500122070312,1098960,14,Wednesday,-0.4999999999999997,-0.8660254037844388
2024-01-24 15:15:00+05:30,810.8499755859375,812.0,810.6500244140625,812.0,812.0,429368,15,Wednesday,-0.7071067811865471,-0.7071067811865479
2024-01-25 09:15:00+05:30,812.0499877929688,813.0999755859375,808.0,808.6500244140625,808.6500244140625,0,9,Thursday,0.7071067811865476,-0.7071067811865475
2024-01-25 10:15:00+05:30,808.6500244140625,808.75,800.2999877929688,802.75,802.75,1289512,10,Thursday,0.49999999999999994,-0.8660254037844387
2024-01-25 11:15:00+05:30,802.6500244140625,809.6500244140625,802.0999755859375,807.4500122070312,807.4500122070312,996748,11,Thursday,0.258819045102521,-0.9659258262890682
2024-01-25 12:15:00+05:30,807.4500122070312,812.0,806.7999877929688,811.9000244140625,811.9000244140625,735313,12,Thursday,1.2246467991473532e-16,-1.0
2024-01-25 13:15:00+05:30,811.5,813.0,810.5499877929688,812.0999755859375,812.0999755859375,1183960,13,Thursday,-0.2588190451025208,-0.9659258262890683
2024-01-25 14:15:00+05:30,812.0499877929688,813.6500244140625,809.4500122070312,812.5,812.5,2943572,14,Thursday,-0.4999999999999997,-0.8660254037844388
2024-01-25 15:15:00+05:30,812.3499755859375,812.5,809.0,810.5499877929688,810.5499877929688,905229,15,Thursday,-0.7071067811865471,-0.7071067811865479
2024-01-29 09:15:00+05:30,812.0,818.4000244140625,811.2000122070312,815.8499755859375,815.8499755859375,0,9,Monday,0.7071067811865476,-0.7071067811865475
2024-01-29 10:15:00+05:30,815.9000244140625,822.9000244140625,814.7999877929688,822.4500122070312,822.4500122070312,1631459,10,Monday,0.49999999999999994,-0.8660254037844387
2024-01-29 11:15:00+05:30,822.4500122070312,835.8499755859375,822.4000244140625,834.75,834.75,3125576,11,Monday,0.258819045102521,-0.9659258262890682
2024-01-29 12:15:00+05:30,834.75,838.0,833.0499877929688,836.0,836.0,1875013,12,Monday,1.2246467991473532e-16,-1.0
2024-01-29 13:15:00+05:30,836.25,839.3499755859375,832.7999877929688,838.0499877929688,838.0499877929688,1164925,13,Monday,-0.2588190451025208,-0.9659258262890683
2024-01-29 14:15:00+05:30,838.0499877929688,843.5,837.9000244140625,841.3499755859375,841.3499755859375,2648100,14,Monday,-0.4999999999999997,-0.8660254037844388
2024-01-29 15:15:00+05:30,841.2000122070312,841.5,839.5,840.5499877929688,840.5499877929688,836090,15,Monday,-0.7071067811865471,-0.7071067811865479
2024-01-30 09:15:00+05:30,844.5,853.9500122070312,844.5,850.2000122070312,850.2000122070312,0,9,Tuesday,0.7071067811865476,-0.7071067811865475
2024-01-30 10:15:00+05:30,850.2000122070312,853.4000244140625,848.0999755859375,850.75,850.75,1259580,10,Tuesday,0.49999999999999994,-0.8660254037844387
2024-01-30 11:15:00+05:30,850.5999755859375,856.4000244140625,849.5999755859375,855.25,855.25,1318250,11,Tuesday,0.258819045102521,-0.9659258262890682
2024-01-30 12:15:00+05:30,855.2999877929688,865.7000122070312,854.8499755859375,865.2999877929688,865.2999877929688,2718375,12,Tuesday,1.2246467991473532e-16,-1.0
2024-01-30 13:15:00+05:30,865.2999877929688,885.9500122070312,864.8499755859375,874.7999877929688,874.7999877929688,6200415,13,Tuesday,-0.2588190451025208,-0.9659258262890683
2024-01-30 14:15:00+05:30,875.0,875.0,854.5499877929688,859.5999755859375,859.5999755859375,4144679,14,Tuesday,-0.4999999999999997,-0.8660254037844388
2024-01-30 15:15:00+05:30,859.6500244140625,864.9000244140625,859.5,864.9000244140625,864.9000244140625,984369,15,Tuesday,-0.7071067811865471,-0.7071067811865479
2024-01-31 09:15:00+05:30,866.4500122070312,896.4000244140625,866.0,888.4500122070312,888.4500122070312,0,9,Wednesday,0.7071067811865476,-0.7071067811865475
2024-01-31 10:15:00+05:30,888.4500122070312,888.75,876.5,877.75,877.75,3700166,10,Wednesday,0.49999999999999994,-0.8660254037844387
2024-01-31 11:15:00+05:30,877.75,880.9500122070312,874.4500122070312,879.0499877929688,879.0499877929688,2343757,11,Wednesday,0.258819045102521,-0.9659258262890682
2024-01-31 12:15:00+05:30,879.0499877929688,880.0,873.4500122070312,879.9000244140625,879.9000244140625,1769011,12,Wednesday,1.2246467991473532e-16,-1.0
2024-01-31 13:15:00+05:30,879.75,886.0,878.0,881.5499877929688,881.5499877929688,2121642,13,Wednesday,-0.2588190451025208,-0.9659258262890683
2024-01-31 14:15:00+05:30,881.5,884.9500122070312,879.0499877929688,882.8499755859375,882.8499755859375,2670327,14,Wednesday,-0.4999999999999997,-0.8660254037844388
2024-01-31 15:15:00+05:30,883.0,886.0,882.6500244140625,884.7999877929688,884.7999877929688,1517497,15,Wednesday,-0.7071067811865471,-0.7071067811865479
2024-02-01 09:15:00+05:30,893.2000122070312,896.1500244140625,885.25,888.7000122070312,888.7000122070312,0,9,Thursday,0.7071067811865476,-0.7071067811865475
2024-02-01 10:15:00+05:30,888.75,892.0,887.2999877929688,890.9500122070312,890.9500122070312,1362814,10,Thursday,0.49999999999999994,-0.8660254037844387
2024-02-01 11:15:00+05:30,891.0,891.0,879.25,886.5499877929688,886.5499877929688,2296062,11,Thursday,0.258819045102521,-0.9659258262890682
2024-02-01 12:15:00+05:30,886.25,887.9000244140625,881.75,887.0,887.0,1154862,12,Thursday,1.2246467991473532e-16,-1.0
2024-02-01 13:15:00+05:30,887.25,890.2999877929688,882.9000244140625,883.25,883.25,1240804,13,Thursday,-0.2588190451025208,-0.9659258262890683
2024-02-01 14:15:00+05:30,883.3499755859375,884.8499755859375,878.3499755859375,878.5,878.5,1655582,14,Thursday,-0.4999999999999997,-0.8660254037844388
2024-02-01 15:15:00+05:30,878.75,879.7999877929688,876.5,879.0999755859375,879.0999755859375,1544095,15,Thursday,-0.7071067811865471,-0.7071067811865479
2024-02-02 09:15:00+05:30,886.1500244140625,890.5999755859375,882.4000244140625,888.0,888.0,3507678,9,Friday,0.7071067811865476,-0.7071067811865475
2024-02-02 10:15:00+05:30,887.6500244140625,892.7999877929688,887.0,890.0999755859375,890.0999755859375,1851064,10,Friday,0.49999999999999994,-0.8660254037844387
2024-02-02 11:15:00+05:30,890.0999755859375,895.5,889.8499755859375,890.0999755859375,890.0999755859375,1831015,11,Friday,0.258819045102521,-0.9659258262890682
2024-02-02 12:15:00+05:30,890.4500122070312,891.5,881.7999877929688,882.5499877929688,882.5499877929688,1863470,12,Friday,1.2246467991473532e-16,-1.0
2024-02-02 13:15:00+05:30,882.3499755859375,884.9500122070312,881.2000122070312,884.75,884.75,1039751,13,Friday,-0.2588190451025208,-0.9659258262890683
2024-02-02 14:15:00+05:30,884.6500244140625,885.25,877.2000122070312,878.0499877929688,878.0499877929688,1656888,14,Friday,-0.4999999999999997,-0.8660254037844388
2024-02-02 15:15:00+05:30,878.1500244140625,883.2999877929688,876.9000244140625,878.75,878.75,1250165,15,Friday,-0.7071067811865471,-0.7071067811865479
2024-02-05 09:15:00+05:30,927.5999755859376,949.7999877929688,916.25,938.7000122070312,938.7000122070312,7641055,9,Monday,0.7071067811865476,-0.7071067811865475
2024-02-05 10:15:00+05:30,939.0999755859376,943.9500122070312,936.7000122070312,940.0999755859376,940.0999755859376,3352746,10,Monday,0.49999999999999994,-0.8660254037844387
2024-02-05 11:15:00+05:30,940.4000244140624,942.6500244140624,936.4500122070312,937.5999755859376,937.5999755859376,2699718,11,Monday,0.258819045102521,-0.9659258262890682
2024-02-05 12:15:00+05:30,937.5999755859376,938.5,933.7000122070312,935.0499877929688,935.0499877929688,2190361,12,Monday,1.2246467991473532e-16,-1.0
2024-02-05 13:15:00+05:30,935.0,935.4000244140624,929.0,931.2999877929688,931.2999877929688,3192633,13,Monday,-0.2588190451025208,-0.9659258262890683
2024-02-05 14:15:00+05:30,931.5999755859376,931.5999755859376,920.0,926.0,926.0,4811553,14,Monday,-0.4999999999999997,-0.8660254037844388
2024-02-05 15:15:00+05:30,926.0,930.0,924.7999877929688,929.75,929.75,1790932,15,Monday,-0.7071067811865471,-0.7071067811865479
2024-02-06 09:15:00+05:30,936.7000122070312,941.0,928.5999755859376,939.25,939.25,0,9,Tuesday,0.7071067811865476,-0.7071067811865475
2024-02-06 10:15:00+05:30,939.25,940.3499755859376,933.25,938.0,938.0,1857829,10,Tuesday,0.49999999999999994,-0.8660254037844387
2024-02-06 11:15:00+05:30,938.1500244140624,939.0,934.5999755859376,936.2999877929688,936.2999877929688,1092408,11,Tuesday,0.258819045102521,-0.9659258262890682
2024-02-06 12:15:00+05:30,936.25,940.7000122070312,935.8499755859376,939.3499755859376,939.3499755859376,1430047,12,Tuesday,1.2246467991473532e-16,-1.0
2024-02-06 13:15:00+05:30,939.5499877929688,941.0999755859376,937.0,939.5,939.5,1221027,13,Tuesday,-0.2588190451025208,-0.9659258262890683
2024-02-06 14:15:00+05:30,939.5999755859376,940.0,937.5,939.4500122070312,939.4500122070312,1599109,14,Tuesday,-0.4999999999999997,-0.8660254037844388
2024-02-06 15:15:00+05:30,939.5,940.5999755859376,938.0,939.7000122070312,939.7000122070312,1074963,15,Tuesday,-0.7071067811865471,-0.7071067811865479
2024-02-07 09:15:00+05:30,943.4500122070312,943.5999755859376,937.4000244140624,940.4000244140624,940.4000244140624,0,9,Wednesday,0.7071067811865476,-0.7071067811865475
2024-02-07 10:15:00+05:30,940.4000244140624,941.0,931.5,933.2000122070312,933.2000122070312,1562460,10,Wednesday,0.49999999999999994,-0.8660254037844387
2024-02-07 11:15:00+05:30,933.1500244140624,933.9000244140624,928.0999755859376,932.4000244140624,932.4000244140624,1309586,11,Wednesday,0.258819045102521,-0.9659258262890682
2024-02-07 12:15:00+05:30,932.4000244140624,934.0,929.5,931.6500244140624,931.6500244140624,747884,12,Wednesday,1.2246467991473532e-16,-1.0
2024-02-07 13:15:00+05:30,931.5999755859376,937.75,931.3499755859376,936.0,936.0,820458,13,Wednesday,-0.2588190451025208,-0.9659258262890683
2024-02-07 14:15:00+05:30,936.4000244140624,937.0,932.25,933.75,933.75,841429,14,Wednesday,-0.4999999999999997,-0.8660254037844388
2024-02-07 15:15:00+05:30,933.5999755859376,935.0,933.0,934.9500122070312,934.9500122070312,565167,15,Wednesday,-0.7071067811865471,-0.7071067811865479
2024-02-08 09:15:00+05:30,936.9500122070312,939.5999755859376,928.7000122070312,933.7000122070312,933.7000122070312,0,9,Thursday,0.7071067811865476,-0.7071067811865475
2024-02-08 10:15:00+05:30,933.75,933.75,926.0999755859376,926.25,926.25,1579924,10,Thursday,0.49999999999999994,-0.8660254037844387
2024-02-08 11:15:00+05:30,926.1500244140624,926.7000122070312,918.9000244140624,924.25,924.25,2427126,11,Thursday,0.258819045102521,-0.9659258262890682
2024-02-08 12:15:00+05:30,924.25,928.0,923.0,927.5499877929688,927.5499877929688,1035742,12,Thursday,1.2246467991473532e-16,-1.0
2024-02-08 13:15:00+05:30,927.5999755859376,929.5,923.25,923.5999755859376,923.5999755859376,1131557,13,Thursday,-0.2588190451025208,-0.9659258262890683
2024-02-08 14:15:00+05:30,923.5999755859376,926.8499755859376,921.2000122070312,924.7999877929688,924.7999877929688,2197959,14,Thursday,-0.4999999999999997,-0.8660254037844388
2024-02-08 15:15:00+05:30,924.7999877929688,925.8499755859376,924.0999755859376,925.0,925.0,1107219,15,Thursday,-0.7071067811865471,-0.7071067811865479
2024-02-09 09:15:00+05:30,926.0,927.2000122070312,909.0999755859376,920.25,920.25,0,9,Friday,0.7071067811865476,-0.7071067811865475
2024-02-09 10:15:00+05:30,920.25,920.5499877929688,906.0499877929688,910.9500122070312,910.9500122070312,1209262,10,Friday,0.49999999999999994,-0.8660254037844387
2024-02-09 11:15:00+05:30,911.0,915.9500122070312,906.5499877929688,911.3499755859376,911.3499755859376,935128,11,Friday,0.258819045102521,-0.9659258262890682
2024-02-09 12:15:00+05:30,911.3499755859376,916.7000122070312,911.0,913.0999755859376,913.0999755859376,902746,12,Friday,1.2246467991473532e-16,-1.0
2024-02-09 13:15:00+05:30,913.0999755859376,914.5,908.8499755859376,912.4000244140624,912.4000244140624,999863,13,Friday,-0.2588190451025208,-0.9659258262890683
2024-02-09 14:15:00+05:30,912.5,916.2000122070312,911.9500122070312,915.5499877929688,915.5499877929688,1084613,14,Friday,-0.4999999999999997,-0.8660254037844388
2024-02-09 15:15:00+05:30,915.5999755859376,915.9500122070312,914.5,915.7000122070312,915.7000122070312,438673,15,Friday,-0.7071067811865471,-0.7071067811865479
2024-02-12 09:15:00+05:30,917.25,924.75,911.0499877929688,913.2000122070312,913.2000122070312,0,9,Monday,0.7071067811865476,-0.7071067811865475
2024-02-12 10:15:00+05:30,913.2000122070312,915.6500244140624,908.0,912.5,912.5,947493,10,Monday,0.49999999999999994,-0.8660254037844387
2024-02-12 11:15:00+05:30,912.6500244140624,913.7000122070312,908.0499877929688,910.0499877929688,910.0499877929688,530496,11,Monday,0.258819045102521,-0.9659258262890682
2024-02-12 12:15:00+05:30,910.0499877929688,920.5,910.0499877929688,917.5,917.5,961993,12,Monday,1.2246467991473532e-16,-1.0
2024-02-12 13:15:00+05:30,917.5,922.5,917.0499877929688,920.75,920.75,804252,13,Monday,-0.2588190451025208,-0.9659258262890683
2024-02-12 14:15:00+05:30,920.7999877929688,921.7999877929688,909.3499755859376,910.0,910.0,1223080,14,Monday,-0.4999999999999997,-0.8660254037844388
2024-02-12 15:15:00+05:30,910.0,912.75,908.7000122070312,912.0,912.0,810449,15,Monday,-0.7071067811865471,-0.7071067811865479
2024-02-13 09:15:00+05:30,911.2999877929688,918.9500122070312,906.2000122070312,914.75,914.75,0,9,Tuesday,0.7071067811865476,-0.7071067811865475
2024-02-13 10:15:00+05:30,914.9500122070312,916.9000244140624,911.6500244140624,914.9500122070312,914.9500122070312,1071263,10,Tuesday,0.49999999999999994,-0.8660254037844387
2024-02-13 11:15:00+05:30,914.9500122070312,915.7000122070312,901.5999755859376,902.7000122070312,902.7000122070312,1272853,11,Tuesday,0.258819045102521,-0.9659258262890682
2024-02-13 12:15:00+05:30,902.7999877929688,905.9000244140624,894.0999755859375,898.9000244140625,898.9000244140625,1750662,12,Tuesday,1.2246467991473532e-16,-1.0
2024-02-13 13:15:00+05:30,898.9000244140625,905.3499755859376,898.5499877929688,903.5999755859376,903.5999755859376,1106285,13,Tuesday,-0.2588190451025208,-0.9659258262890683
2024-02-13 14:15:00+05:30,903.5999755859376,907.9500122070312,902.5,907.6500244140624,907.6500244140624,821659,14,Tuesday,-0.4999999999999997,-0.8660254037844388
2024-02-13 15:15:00+05:30,907.75,908.75,906.5,906.9000244140624,906.9000244140624,383675,15,Tuesday,-0.7071067811865471,-0.7071067811865479
2024-02-14 09:15:00+05:30,899.9000244140625,908.75,895.0999755859375,908.2000122070312,908.2000122070312,0,9,Wednesday,0.7071067811865476,-0.7071067811865475
2024-02-14 10:15:00+05:30,908.4500122070312,909.0,904.25,906.5,906.5,767396,10,Wednesday,0.49999999999999994,-0.8660254037844387
2024-02-14 11:15:00+05:30,906.6500244140624,910.0,906.0,907.5999755859376,907.5999755859376,517896,11,Wednesday,0.258819045102521,-0.9659258262890682
2024-02-14 12:15:00+05:30,907.7999877929688,912.6500244140624,907.75,909.8499755859376,909.8499755859376,766371,12,Wednesday,1.2246467991473532e-16,-1.0
2024-02-14 13:15:00+05:30,909.5499877929688,914.0,907.0,913.5999755859376,913.5999755859376,1172597,13,Wednesday,-0.2588190451025208,-0.9659258262890683
2024-02-14 14:15:00+05:30,913.75,919.75,912.5,917.3499755859376,917.3499755859376,1049495,14,Wednesday,-0.4999999999999997,-0.8660254037844388
2024-02-14 15:15:00+05:30,917.3499755859376,919.9500122070312,917.25,918.5,918.5,483396,15,Wednesday,-0.7071067811865471,-0.7071067811865479
2024-02-15 09:15:00+05:30,922.0999755859376,927.0,917.2000122070312,919.5,919.5,0,9,Thursday,0.7071067811865476,-0.7071067811865475
2024-02-15 10:15:00+05:30,919.5,921.5999755859376,918.0,920.5999755859376,920.5999755859376,828532,10,Thursday,0.49999999999999994,-0.8660254037844387
2024-02-15 11:15:00+05:30,920.8499755859376,921.9500122070312,919.2000122070312,920.5499877929688,920.5499877929688,446929,11,Thursday,0.258819045102521,-0.9659258262890682
2024-02-15 12:15:00+05:30,920.5499877929688,920.75,916.5499877929688,920.0499877929688,920.0499877929688,717354,12,Thursday,1.2246467991473532e-16,-1.0
2024-02-15 13:15:00+05:30,920.25,925.4500122070312,919.5,922.5,922.5,966913,13,Thursday,-0.2588190451025208,-0.9659258262890683
2024-02-15 14:15:00+05:30,922.3499755859376,922.9000244140624,919.0499877929688,920.75,920.75,816878,14,Thursday,-0.4999999999999997,-0.8660254037844388
2024-02-15 15:15:00+05:30,920.75,921.0,919.5999755859376,920.1500244140624,920.1500244140624,596595,15,Thursday,-0.7071067811865471,-0.7071067811865479
2024-02-16 09:15:00+05:30,925.0999755859376,947.3499755859376,925.0999755859376,941.7999877929688,941.7999877929688,0,9,Friday,0.7071067811865476,-0.7071067811865475
2024-02-16 10:15:00+05:30,941.7000122070312,948.7000122070312,941.2000122070312,943.2999877929688,943.2999877929688,2511042,10,Friday,0.49999999999999994,-0.8660254037844387
2024-02-16 11:15:00+05:30,943.0,943.6500244140624,937.5,940.4000244140624,940.4000244140624,1489125,11,Friday,0.258819045102521,-0.9659258262890682
2024-02-16 12:15:00+05:30,940.2000122070312,943.0,939.5,942.5499877929688,942.5499877929688,833749,12,Friday,1.2246467991473532e-16,-1.0
2024-02-16 13:15:00+05:30,942.5499877929688,942.7000122070312,938.3499755859376,939.7999877929688,939.7999877929688,772274,13,Friday,-0.2588190451025208,-0.9659258262890683
2024-02-16 14:15:00+05:30,939.6500244140624,941.1500244140624,937.5,938.4000244140624,938.4000244140624,1100819,14,Friday,-0.4999999999999997,-0.8660254037844388
2024-02-16 15:15:00+05:30,938.4000244140624,939.1500244140624,937.25,938.0,938.0,727030,15,Friday,-0.7071067811865471,-0.7071067811865479
2024-02-19 09:15:00+05:30,941.8499755859376,942.6500244140624,931.5,933.9000244140624,933.9000244140624,0,9,Monday,0.7071067811865476,-0.7071067811865475
2024-02-19 10:15:00+05:30,934.0499877929688,935.5,932.5,933.7999877929688,933.7999877929688,539430,10,Monday,0.49999999999999994,-0.8660254037844387
2024-02-19 11:15:00+05:30,933.6500244140624,934.5499877929688,932.0,933.2000122070312,933.2000122070312,443865,11,Monday,0.258819045102521,-0.9659258262890682
2024-02-19 12:15:00+05:30,933.0,934.0,932.0,932.9500122070312,932.9500122070312,506477,12,Monday,1.2246467991473532e-16,-1.0
2024-02-19 13:15:00+05:30,933.2999877929688,933.7999877929688,931.2000122070312,933.5,933.5,501439,13,Monday,-0.2588190451025208,-0.9659258262890683
2024-02-19 14:15:00+05:30,933.4500122070312,933.5999755859376,931.0499877929688,932.7999877929688,932.7999877929688,640447,14,Monday,-0.4999999999999997,-0.8660254037844388
2024-02-19 15:15:00+05:30,932.7999877929688,934.0,932.0,932.5999755859376,932.5999755859376,396239,15,Monday,-0.7071067811865471,-0.7071067811865479
2024-02-20 09:15:00+05:30,933.8499755859376,933.8499755859376,923.0499877929688,927.7000122070312,927.7000122070312,0,9,Tuesday,0.7071067811865476,-0.7071067811865475
2024-02-20 10:15:00+05:30,927.7000122070312,928.9500122070312,925.5999755859376,926.7000122070312,926.7000122070312,542697,10,Tuesday,0.49999999999999994,-0.8660254037844387
2024-02-20 11:15:00+05:30,926.7000122070312,929.6500244140624,925.5999755859376,927.9500122070312,927.9500122070312,460009,11,Tuesday,0.258819045102521,-0.9659258262890682
2024-02-20 12:15:00+05:30,927.9500122070312,930.0,927.7000122070312,928.25,928.25,424413,12,Tuesday,1.2246467991473532e-16,-1.0
2024-02-20 13:15:00+05:30,928.0999755859376,928.5,920.5499877929688,924.7000122070312,924.7000122070312,647629,13,Tuesday,-0.2588190451025208,-0.9659258262890683
2024-02-20 14:15:00+05:30,924.9000244140624,926.9000244140624,924.0499877929688,925.75,925.75,808214,14,Tuesday,-0.4999999999999997,-0.8660254037844388
2024-02-20 15:15:00+05:30,925.75,928.4500122070312,925.0,926.3499755859376,926.3499755859376,494767,15,Tuesday,-0.7071067811865471,-0.7071067811865479
2024-02-21 09:15:00+05:30,926.0,937.1500244140624,926.0,934.0,934.0,0,9,Wednesday,0.7071067811865476,-0.7071067811865475
2024-02-21 10:15:00+05:30,934.0,935.25,927.3499755859376,927.9500122070312,927.9500122070312,840185,10,Wednesday,0.49999999999999994,-0.8660254037844387
2024-02-21 11:15:00+05:30,927.9500122070312,929.25,925.5999755859376,928.0,928.0,564507,11,Wednesday,0.258819045102521,-0.9659258262890682
2024-02-21 12:15:00+05:30,927.9000244140624,930.8499755859376,927.5,928.0499877929688,928.0499877929688,479592,12,Wednesday,1.2246467991473532e-16,-1.0
2024-02-21 13:15:00+05:30,928.0499877929688,928.0499877929688,923.2000122070312,924.25,924.25,666007,13,Wednesday,-0.2588190451025208,-0.9659258262890683
2024-02-21 14:15:00+05:30,924.0499877929688,925.8499755859376,916.5,923.3499755859376,923.3499755859376,1464606,14,Wednesday,-0.4999999999999997,-0.8660254037844388
2024-02-21 15:15:00+05:30,923.4000244140624,923.75,920.0,921.5,921.5,436272,15,Wednesday,-0.7071067811865471,-0.7071067811865479
2024-02-22 09:15:00+05:30,924.0499877929688,926.9500122070312,914.75,921.0999755859376,921.0999755859376,0,9,Thursday,0.7071067811865476,-0.7071067811865475
2024-02-22 10:15:00+05:30,921.2000122070312,922.2999877929688,918.6500244140624,921.0499877929688,921.0499877929688,705673,10,Thursday,0.49999999999999994,-0.8660254037844387
2024-02-22 11:15:00+05:30,920.8499755859376,923.5,919.75,922.7999877929688,922.7999877929688,486928,11,Thursday,0.258819045102521,-0.9659258262890682
2024-02-22 12:15:00+05:30,922.75,922.9500122070312,919.5999755859376,921.5,921.5,395708,12,Thursday,1.2246467991473532e-16,-1.0
2024-02-22 13:15:00+05:30,921.2000122070312,927.5999755859376,920.9000244140624,924.7000122070312,924.7000122070312,773208,13,Thursday,-0.2588190451025208,-0.9659258262890683
2024-02-22 14:15:00+05:30,924.7000122070312,933.0,923.75,932.0499877929688,932.0499877929688,1664290,14,Thursday,-0.4999999999999997,-0.8660254037844388
2024-02-22 15:15:00+05:30,931.9000244140624,933.7999877929688,931.0,932.0,932.0,640248,15,Thursday,-0.7071067811865471,-0.7071067811865479
2024-02-23 09:15:00+05:30,935.0,937.4500122070312,932.5499877929688,933.3499755859376,933.3499755859376,1832075,9,Friday,0.7071067811865476,-0.7071067811865475
2024-02-23 10:15:00+05:30,933.5499877929688,933.7999877929688,929.4500122070312,933.5,933.5,857047,10,Friday,0.49999999999999994,-0.8660254037844387
2024-02-23 11:15:00+05:30,933.2000122070312,936.0,932.2999877929688,935.75,935.75,697227,11,Friday,0.258819045102521,-0.9659258262890682
2024-02-23 12:15:00+05:30,935.7000122070312,939.75,935.5,936.3499755859376,936.3499755859376,982051,12,Friday,1.2246467991473532e-16,-1.0
2024-02-23 13:15:00+05:30,936.3499755859376,938.0999755859376,933.9000244140624,935.7999877929688,935.7999877929688,822133,13,Friday,-0.2588190451025208,-0.9659258262890683
2024-02-23 14:15:00+05:30,936.0,939.25,935.7000122070312,937.1500244140624,937.1500244140624,1226936,14,Friday,-0.4999999999999997,-0.8660254037844388
2024-02-23 15:15:00+05:30,937.1500244140624,938.8499755859376,935.0,935.0499877929688,935.0499877929688,626387,15,Friday,-0.7071067811865471,-0.7071067811865479
2024-02-26 09:15:00+05:30,936.1500244140624,944.5999755859376,933.2999877929688,941.2000122070312,941.2000122070312,0,9,Monday,0.7071067811865476,-0.7071067811865475
2024-02-26 10:15:00+05:30,941.2000122070312,942.3499755859376,937.0499877929688,937.0999755859376,937.0999755859376,670937,10,Monday,0.49999999999999994,-0.8660254037844387
2024-02-26 11:15:00+05:30,937.3499755859376,938.4000244140624,934.2999877929688,938.0,938.0,680086,11,Monday,0.258819045102521,-0.9659258262890682
2024-02-26 12:15:00+05:30,938.0,940.0999755859376,936.6500244140624,939.9000244140624,939.9000244140624,525544,12,Monday,1.2246467991473532e-16,-1.0
2024-02-26 13:15:00+05:30,939.75,941.9000244140624,939.7000122070312,940.1500244140624,940.1500244140624,676631,13,Monday,-0.2588190451025208,-0.9659258262890683
2024-02-26 14:15:00+05:30,940.0,940.75,936.4000244140624,937.4500122070312,937.4500122070312,709661,14,Monday,-0.4999999999999997,-0.8660254037844388
2024-02-26 15:15:00+05:30,937.3499755859376,937.4500122070312,935.6500244140624,936.9500122070312,936.9500122070312,393643,15,Monday,-0.7071067811865471,-0.7071067811865479
2024-02-27 09:15:00+05:30,936.75,943.7999877929688,935.5,939.7000122070312,939.7000122070312,0,9,Tuesday,0.7071067811865476,-0.7071067811865475
2024-02-27 10:15:00+05:30,939.7000122070312,947.6500244140624,938.5499877929688,946.0,946.0,1192540,10,Tuesday,0.49999999999999994,-0.8660254037844387
2024-02-27 11:15:00+05:30,946.0,948.0,943.5,944.5,944.5,1049135,11,Tuesday,0.258819045102521,-0.9659258262890682
2024-02-27 12:15:00+05:30,944.5,953.9500122070312,943.75,952.0,952.0,2237987,12,Tuesday,1.2246467991473532e-16,-1.0
2024-02-27 13:15:00+05:30,952.0,956.7000122070312,950.25,952.9500122070312,952.9500122070312,1673853,13,Tuesday,-0.2588190451025208,-0.9659258262890683
2024-02-27 14:15:00+05:30,953.0499877929688,965.0,952.6500244140624,962.0,962.0,4149035,14,Tuesday,-0.4999999999999997,-0.8660254037844388
2024-02-27 15:15:00+05:30,962.1500244140624,963.5999755859376,960.9000244140624,963.5499877929688,963.5499877929688,1203111,15,Tuesday,-0.7071067811865471,-0.7071067811865479
2024-02-28 09:15:00+05:30,966.5499877929688,976.0,966.0499877929688,971.2999877929688,971.2999877929688,0,9,Wednesday,0.7071067811865476,-0.7071067811865475
2024-02-28 10:15:00+05:30,971.5,973.0,960.2999877929688,965.6500244140624,965.6500244140624,2291520,10,Wednesday,0.49999999999999994,-0.8660254037844387
2024-02-28 11:15:00+05:30,965.8499755859376,967.7000122070312,955.6500244140624,958.4000244140624,958.4000244140624,1540248,11,Wednesday,0.258819045102521,-0.9659258262890682
2024-02-28 12:15:00+05:30,958.7000122070312,960.9500122070312,950.4000244140624,950.9500122070312,950.9500122070312,1013653,12,Wednesday,1.2246467991473532e-16,-1.0
2024-02-28 13:15:00+05:30,950.7999877929688,960.0,950.7999877929688,959.5999755859376,959.5999755859376,1643644,13,Wednesday,-0.2588190451025208,-0.9659258262890683
2024-02-28 14:15:00+05:30,959.4500122070312,960.2000122070312,955.0,958.9000244140624,958.9000244140624,1574474,14,Wednesday,-0.4999999999999997,-0.8660254037844388
2024-02-28 15:15:00+05:30,958.9500122070312,958.9500122070312,955.5499877929688,958.0499877929688,958.0499877929688,879651,15,Wednesday,-0.7071067811865471,-0.7071067811865479
2024-02-29 09:15:00+05:30,958.5,958.5,948.4000244140624,950.1500244140624,950.1500244140624,0,9,Thursday,0.7071067811865476,-0.7071067811865475
2024-02-29 10:15:00+05:30,950.1500244140624,953.0,943.0999755859376,949.7999877929688,949.7999877929688,1441869,10,Thursday,0.49999999999999994,-0.8660254037844387
2024-02-29 11:15:00+05:30,949.9500122070312,955.0,949.8499755859376,952.9500122070312,952.9500122070312,773817,11,Thursday,0.258819045102521,-0.9659258262890682
2024-02-29 12:15:00+05:30,952.9500122070312,955.5,950.8499755859376,952.3499755859376,952.3499755859376,649249,12,Thursday,1.2246467991473532e-16,-1.0
2024-02-29 13:15:00+05:30,952.4000244140624,953.5,947.7999877929688,950.3499755859376,950.3499755859376,820635,13,Thursday,-0.2588190451025208,-0.9659258262890683
2024-02-29 14:15:00+05:30,950.3499755859376,954.0,947.3499755859376,950.1500244140624,950.1500244140624,2869824,14,Thursday,-0.4999999999999997,-0.8660254037844388
2024-02-29 15:15:00+05:30,950.0999755859376,954.7999877929688,949.7000122070312,954.0,954.0,1741439,15,Thursday,-0.7071067811865471,-0.7071067811865479
2024-03-01 09:15:00+05:30,960.0,973.7000122070312,959.1500244140624,970.9500122070312,970.9500122070312,0,9,Friday,0.7071067811865476,-0.7071067811865475
2024-03-01 10:15:00+05:30,970.7000122070312,971.0,967.5,968.7999877929688,968.7999877929688,893184,10,Friday,0.49999999999999994,-0.8660254037844387
2024-03-01 11:15:00+05:30,968.75,978.2999877929688,968.6500244140624,975.0999755859376,975.0999755859376,1955039,11,Friday,0.258819045102521,-0.9659258262890682
2024-03-01 12:15:00+05:30,975.3499755859376,978.0,973.9500122070312,976.0,976.0,859710,12,Friday,1.2246467991473532e-16,-1.0
2024-03-01 13:15:00+05:30,975.8499755859376,977.9000244140624,972.5,975.5499877929688,975.5499877929688,1134587,13,Friday,-0.2588190451025208,-0.9659258262890683
2024-03-01 14:15:00+05:30,975.4500122070312,980.2000122070312,975.0999755859376,976.0499877929688,976.0499877929688,2161602,14,Friday,-0.4999999999999997,-0.8660254037844388
2024-03-01 15:15:00+05:30,976.0499877929688,979.0,975.25,978.0,978.0,840023,15,Friday,-0.7071067811865471,-0.7071067811865479
2024-03-04 09:15:00+05:30,994.6500244140624,994.6500244140624,980.1500244140624,983.5,983.5,831715,9,Monday,0.7071067811865476,-0.7071067811865475
2024-03-04 10:15:00+05:30,983.2999877929688,989.0,983.0,985.9000244140624,985.9000244140624,852021,10,Monday,0.49999999999999994,-0.8660254037844387
2024-03-04 11:15:00+05:30,985.9000244140624,988.4000244140624,984.2000122070312,987.8499755859376,987.8499755859376,478050,11,Monday,0.258819045102521,-0.9659258262890682
2024-03-04 12:15:00+05:30,987.9500122070312,990.8499755859376,985.1500244140624,986.5999755859376,986.5999755859376,750524,12,Monday,1.2246467991473532e-16,-1.0
2024-03-04 13:15:00+05:30,986.5999755859376,988.4000244140624,985.0999755859376,988.0999755859376,988.0999755859376,370748,13,Monday,-0.2588190451025208,-0.9659258262890683
2024-03-04 14:15:00+05:30,988.0499877929688,989.5,985.75,987.25,987.25,620736,14,Monday,-0.4999999999999997,-0.8660254037844388
2024-03-04 15:15:00+05:30,987.0,988.9500122070312,986.0999755859376,988.9000244140624,988.9000244140624,396023,15,Monday,-0.7071067811865471,-0.7071067811865479
2024-03-05 09:15:00+05:30,1017.5,1065.0,1005.5999755859376,1053.5,1053.5,25370596,9,Tuesday,0.7071067811865476,-0.7071067811865475
2024-03-05 10:15:00+05:30,1053.3499755859375,1055.6500244140625,1025.5,1026.050048828125,1026.050048828125,9700550,10,Tuesday,0.49999999999999994,-0.8660254037844387
2024-03-05 11:15:00+05:30,1025.5999755859375,1036.949951171875,1022.4500122070312,1032.0,1032.0,5396619,11,Tuesday,0.258819045102521,-0.9659258262890682
2024-03-05 12:15:00+05:30,1032.050048828125,1032.5,1023.5,1025.3499755859375,1025.3499755859375,2171890,12,Tuesday,1.2246467991473532e-16,-1.0
2024-03-05 13:15:00+05:30,1025.199951171875,1025.449951171875,1010.0,1019.9500122070312,1019.9500122070312,5266689,13,Tuesday,-0.2588190451025208,-0.9659258262890683
2024-03-05 14:15:00+05:30,1020.0,1026.949951171875,1018.0,1022.4500122070312,1022.4500122070312,3834468,14,Tuesday,-0.4999999999999997,-0.8660254037844388
2024-03-05 15:15:00+05:30,1022.4500122070312,1023.9500122070312,1019.5499877929688,1022.5999755859376,1022.5999755859376,1977669,15,Tuesday,-0.7071067811865471,-0.7071067811865479
2024-03-06 09:15:00+05:30,1025.5,1030.300048828125,1011.5,1016.75,1016.75,0,9,Wednesday,0.7071067811865476,-0.7071067811865475
2024-03-06 10:15:00+05:30,1016.5,1022.9000244140624,1009.0,1013.5,1013.5,2216580,10,Wednesday,0.49999999999999994,-0.8660254037844387
2024-03-06 11:15:00+05:30,1013.5,1017.2999877929688,1010.2000122070312,1012.7999877929688,1012.7999877929688,1094478,11,Wednesday,0.258819045102521,-0.9659258262890682
2024-03-06 12:15:00+05:30,1012.7999877929688,1014.5,1009.5,1014.1500244140624,1014.1500244140624,1030600,12,Wednesday,1.2246467991473532e-16,-1.0
2024-03-06 13:15:00+05:30,1014.1500244140624,1019.7999877929688,1009.5999755859376,1018.2999877929688,1018.2999877929688,1480259,13,Wednesday,-0.2588190451025208,-0.9659258262890683
2024-03-06 14:15:00+05:30,1018.2000122070312,1019.0,1015.0,1018.4500122070312,1018.4500122070312,1669105,14,Wednesday,-0.4999999999999997,-0.8660254037844388
2024-03-06 15:15:00+05:30,1018.4500122070312,1018.9000244140624,1016.8499755859376,1018.0999755859376,1018.0999755859376,865599,15,Wednesday,-0.7071067811865471,-0.7071067811865479
2024-03-07 09:15:00+05:30,1026.4000244140625,1033.0,1014.4500122070312,1029.5999755859375,1029.5999755859375,0,9,Thursday,0.7071067811865476,-0.7071067811865475
2024-03-07 10:15:00+05:30,1029.5999755859375,1030.550048828125,1024.25,1029.3499755859375,1029.3499755859375,1555394,10,Thursday,0.49999999999999994,-0.8660254037844387
2024-03-07 11:15:00+05:30,1029.199951171875,1043.8499755859375,1028.3499755859375,1038.75,1038.75,2517353,11,Thursday,0.258819045102521,-0.9659258262890682
2024-03-07 12:15:00+05:30,1038.4000244140625,1045.8499755859375,1035.25,1040.800048828125,1040.800048828125,2341581,12,Thursday,1.2246467991473532e-16,-1.0
2024-03-07 13:15:00+05:30,1040.800048828125,1047.0,1031.3499755859375,1036.8499755859375,1036.8499755859375,2858621,13,Thursday,-0.2588190451025208,-0.9659258262890683
2024-03-07 14:15:00+05:30,1037.0,1042.0,1036.75,1039.050048828125,1039.050048828125,1878810,14,Thursday,-0.4999999999999997,-0.8660254037844388
2024-03-07 15:15:00+05:30,1039.0999755859375,1040.5,1037.3499755859375,1037.5,1037.5,1067375,15,Thursday,-0.7071067811865471,-0.7071067811865479
2024-03-11 09:15:00+05:30,1031.6500244140625,1033.949951171875,1025.0999755859375,1027.300048828125,1027.300048828125,0,9,Monday,0.7071067811865476,-0.7071067811865475
2024-03-11 10:15:00+05:30,1027.449951171875,1030.75,1026.449951171875,1028.300048828125,1028.300048828125,860120,10,Monday,0.49999999999999994,-0.8660254037844387
2024-03-11 11:15:00+05:30,1028.0999755859375,1028.5,1021.0,1023.7000122070312,1023.7000122070312,1032762,11,Monday,0.258819045102521,-0.9659258262890682
2024-03-11 12:15:00+05:30,1023.7000122070312,1029.25,1023.0,1027.300048828125,1027.300048828125,537690,12,Monday,1.2246467991473532e-16,-1.0
2024-03-11 13:15:00+05:30,1027.199951171875,1031.0,1026.949951171875,1027.5999755859375,1027.5999755859375,617347,13,Monday,-0.2588190451025208,-0.9659258262890683
2024-03-11 14:15:00+05:30,1027.449951171875,1031.0,1025.25,1027.8499755859375,1027.8499755859375,1142829,14,Monday,-0.4999999999999997,-0.8660254037844388
2024-03-11 15:15:00+05:30,1027.800048828125,1029.0,1026.0999755859375,1028.0,1028.0,595465,15,Monday,-0.7071067811865471,-0.7071067811865479
2024-03-12 09:15:00+05:30,1025.9000244140625,1037.0,1025.9000244140625,1032.0999755859375,1032.0999755859375,0,9,Tuesday,0.7071067811865476,-0.7071067811865475
2024-03-12 10:15:00+05:30,1032.4000244140625,1032.949951171875,1014.75,1020.0,1020.0,1481334,10,Tuesday,0.49999999999999994,-0.8660254037844387
2024-03-12 11:15:00+05:30,1020.0,1021.7999877929688,1011.3499755859376,1014.25,1014.25,1129224,11,Tuesday,0.258819045102521,-0.9659258262890682
2024-03-12 12:15:00+05:30,1013.9500122070312,1021.0,1013.9500122070312,1017.2000122070312,1017.2000122070312,733259,12,Tuesday,1.2246467991473532e-16,-1.0
2024-03-12 13:15:00+05:30,1017.2000122070312,1020.8499755859376,1016.5,1017.0,1017.0,683914,13,Tuesday,-0.2588190451025208,-0.9659258262890683
2024-03-12 14:15:00+05:30,1017.0499877929688,1019.6500244140624,1014.0,1016.1500244140624,1016.1500244140624,1432021,14,Tuesday,-0.4999999999999997,-0.8660254037844388
2024-03-12 15:15:00+05:30,1015.75,1019.5,1015.5999755859376,1019.0499877929688,1019.0499877929688,612637,15,Tuesday,-0.7071067811865471,-0.7071067811865479
2024-03-13 09:15:00+05:30,1021.0,1021.0,991.0,1004.0999755859376,1004.0999755859376,0,9,Wednesday,0.7071067811865476,-0.7071067811865475
2024-03-13 10:15:00+05:30,1004.25,1007.7999877929688,997.0,999.7000122070312,999.7000122070312,1405301,10,Wednesday,0.49999999999999994,-0.8660254037844387
2024-03-13 11:15:00+05:30,1000.0499877929688,1001.7000122070312,987.0499877929688,987.5999755859376,987.5999755859376,1702173,11,Wednesday,0.258819045102521,-0.9659258262890682
2024-03-13 12:15:00+05:30,987.5999755859376,997.2000122070312,985.0999755859376,996.0,996.0,1715102,12,Wednesday,1.2246467991473532e-16,-1.0
2024-03-13 13:15:00+05:30,996.5499877929688,996.5499877929688,982.9000244140624,982.9000244140624,982.9000244140624,1467723,13,Wednesday,-0.2588190451025208,-0.9659258262890683
2024-03-13 14:15:00+05:30,982.9000244140624,982.9000244140624,963.75,972.0,972.0,5103553,14,Wednesday,-0.4999999999999997,-0.8660254037844388
2024-03-13 15:15:00+05:30,972.0,973.7999877929688,967.8499755859376,973.5499877929688,973.5499877929688,1282230,15,Wednesday,-0.7071067811865471,-0.7071067811865479
2024-03-14 09:15:00+05:30,963.9500122070312,982.0,955.7000122070312,959.7000122070312,959.7000122070312,0,9,Thursday,0.7071067811865476,-0.7071067811865475
2024-03-14 10:15:00+05:30,960.0,972.0,956.6500244140624,970.0499877929688,970.0499877929688,3698180,10,Thursday,0.49999999999999994,-0.8660254037844387
2024-03-14 11:15:00+05:30,970.0499877929688,978.2999877929688,964.0,974.7000122070312,974.7000122070312,3500928,11,Thursday,0.258819045102521,-0.9659258262890682
2024-03-14 12:15:00+05:30,974.0999755859376,977.5,964.6500244140624,968.4000244140624,968.4000244140624,2356484,12,Thursday,1.2246467991473532e-16,-1.0
2024-03-14 13:15:00+05:30,968.25,969.9500122070312,962.5499877929688,964.5,964.5,1200918,13,Thursday,-0.2588190451025208,-0.9659258262890683
2024-03-14 14:15:00+05:30,964.5,968.5,963.6500244140624,968.3499755859376,968.3499755859376,2107268,14,Thursday,-0.4999999999999997,-0.8660254037844388
2024-03-14 15:15:00+05:30,968.3499755859376,968.9000244140624,966.5999755859376,968.5,968.5,1141018,15,Thursday,-0.7071067811865471,-0.7071067811865479
2024-03-15 09:15:00+05:30,967.5999755859376,979.7000122070312,952.0,953.6500244140624,953.6500244140624,0,9,Friday,0.7071067811865476,-0.7071067811865475
2024-03-15 10:15:00+05:30,953.6500244140624,957.4000244140624,940.0,944.6500244140624,944.6500244140624,2804660,10,Friday,0.49999999999999994,-0.8660254037844387
2024-03-15 11:15:00+05:30,944.6500244140624,948.7000122070312,940.1500244140624,945.25,945.25,1315719,11,Friday,0.258819045102521,-0.9659258262890682
2024-03-15 12:15:00+05:30,945.25,952.75,943.0499877929688,951.5,951.5,1345583,12,Friday,1.2246467991473532e-16,-1.0
2024-03-15 13:15:00+05:30,951.7000122070312,959.9000244140624,950.0499877929688,955.0999755859376,955.0999755859376,1771649,13,Friday,-0.2588190451025208,-0.9659258262890683
2024-03-15 14:15:00+05:30,955.0999755859376,960.1500244140624,942.2999877929688,943.75,943.75,7829104,14,Friday,-0.4999999999999997,-0.8660254037844388
2024-03-15 15:15:00+05:30,943.7999877929688,945.4500122070312,940.2000122070312,942.0,942.0,4412786,15,Friday,-0.7071067811865471,-0.7071067811865479
2024-03-18 09:15:00+05:30,943.7999877929688,958.4500122070312,939.0,953.75,953.75,0,9,Monday,0.7071067811865476,-0.7071067811865475
2024-03-18 10:15:00+05:30,953.75,963.4500122070312,953.7000122070312,955.4000244140624,955.4000244140624,1724228,10,Monday,0.49999999999999994,-0.8660254037844387
2024-03-18 11:15:00+05:30,955.25,965.9500122070312,954.4000244140624,963.2999877929688,963.2999877929688,1349166,11,Monday,0.258819045102521,-0.9659258262890682
2024-03-18 12:15:00+05:30,963.2000122070312,964.3499755859376,959.0,961.9000244140624,961.9000244140624,1044508,12,Monday,1.2246467991473532e-16,-1.0
2024-03-18 13:15:00+05:30,961.9000244140624,965.5999755859376,960.0,964.0499877929688,964.0499877929688,894874,13,Monday,-0.2588190451025208,-0.9659258262890683
2024-03-18 14:15:00+05:30,964.4000244140624,974.5499877929688,961.3499755859376,972.7999877929688,972.7999877929688,3055895,14,Monday,-0.4999999999999997,-0.8660254037844388
2024-03-18 15:15:00+05:30,972.7999877929688,973.3499755859376,970.5499877929688,971.7999877929688,971.7999877929688,1026957,15,Monday,-0.7071067811865471,-0.7071067811865479
2024-03-19 09:15:00+05:30,968.4500122070312,970.5499877929688,961.0999755859376,966.4000244140624,966.4000244140624,0,9,Tuesday,0.7071067811865476,-0.7071067811865475
2024-03-19 10:15:00+05:30,966.75,966.8499755859376,956.2999877929688,962.7000122070312,962.7000122070312,1781760,10,Tuesday,0.49999999999999994,-0.8660254037844387
2024-03-19 11:15:00+05:30,962.4000244140624,962.7000122070312,951.8499755859376,954.8499755859376,954.8499755859376,1311431,11,Tuesday,0.258819045102521,-0.9659258262890682
2024-03-19 12:15:00+05:30,954.8499755859376,961.2999877929688,954.5999755859376,960.3499755859376,960.3499755859376,861537,12,Tuesday,1.2246467991473532e-16,-1.0
2024-03-19 13:15:00+05:30,960.3499755859376,960.9000244140624,955.25,958.5,958.5,797771,13,Tuesday,-0.2588190451025208,-0.9659258262890683
2024-03-19 14:15:00+05:30,958.5,960.4500122070312,956.0499877929688,957.8499755859376,957.8499755859376,1227037,14,Tuesday,-0.4999999999999997,-0.8660254037844388
2024-03-19 15:15:00+05:30,957.7999877929688,958.7000122070312,955.5499877929688,957.75,957.75,677503,15,Tuesday,-0.7071067811865471,-0.7071067811865479
2024-03-20 09:15:00+05:30,960.25,965.0,936.4000244140624,938.2999877929688,938.2999877929688,0,9,Wednesday,0.7071067811865476,-0.7071067811865475
2024-03-20 10:15:00+05:30,938.2000122070312,942.5499877929688,921.7000122070312,935.1500244140624,935.1500244140624,3713884,10,Wednesday,0.49999999999999994,-0.8660254037844387
2024-03-20 11:15:00+05:30,934.6500244140624,939.4000244140624,930.0999755859376,933.7999877929688,933.7999877929688,1538685,11,Wednesday,0.258819045102521,-0.9659258262890682
2024-03-20 12:15:00+05:30,933.7999877929688,949.2999877929688,933.4500122070312,948.6500244140624,948.6500244140624,2006610,12,Wednesday,1.2246467991473532e-16,-1.0
2024-03-20 13:15:00+05:30,948.6500244140624,950.5999755859376,941.9500122070312,944.25,944.25,1426251,13,Wednesday,-0.2588190451025208,-0.9659258262890683
2024-03-20 14:15:00+05:30,944.2999877929688,946.0,938.0499877929688,939.5,939.5,1487613,14,Wednesday,-0.4999999999999997,-0.8660254037844388
2024-03-20 15:15:00+05:30,939.5,945.0,939.0999755859376,944.2999877929688,944.2999877929688,620910,15,Wednesday,-0.7071067811865471,-0.7071067811865479
2024-03-21 09:15:00+05:30,953.8499755859376,958.5,946.0499877929688,955.0499877929688,955.0499877929688,0,9,Thursday,0.7071067811865476,-0.7071067811865475
2024-03-21 10:15:00+05:30,955.0,963.75,954.2999877929688,962.7999877929688,962.7999877929688,1989240,10,Thursday,0.49999999999999994,-0.8660254037844387
2024-03-21 11:15:00+05:30,962.7999877929688,965.0,956.75,957.2000122070312,957.2000122070312,1447706,11,Thursday,0.258819045102521,-0.9659258262890682
2024-03-21 12:15:00+05:30,956.8499755859376,963.0,956.6500244140624,961.5999755859376,961.5999755859376,925653,12,Thursday,1.2246467991473532e-16,-1.0
2024-03-21 13:15:00+05:30,961.5999755859376,963.0,960.4000244140624,962.0,962.0,628164,13,Thursday,-0.2588190451025208,-0.9659258262890683
2024-03-21 14:15:00+05:30,961.6500244140624,969.1500244140624,961.2000122070312,966.7999877929688,966.7999877929688,2247108,14,Thursday,-0.4999999999999997,-0.8660254037844388
2024-03-21 15:15:00+05:30,966.7999877929688,967.2999877929688,962.4500122070312,965.5499877929688,965.5499877929688,901231,15,Thursday,-0.7071067811865471,-0.7071067811865479
2024-03-22 09:15:00+05:30,963.0,966.0,950.5499877929688,963.3499755859376,963.3499755859376,0,9,Friday,0.7071067811865476,-0.7071067811865475
2024-03-22 10:15:00+05:30,963.4000244140624,973.5,962.25,970.0999755859376,970.0999755859376,2278167,10,Friday,0.49999999999999994,-0.8660254037844387
2024-03-22 11:15:00+05:30,970.0999755859376,986.1500244140624,969.1500244140624,981.4000244140624,981.4000244140624,3033286,11,Friday,0.258819045102521,-0.9659258262890682
2024-03-22 12:15:00+05:30,981.3499755859376,985.0,979.5499877929688,981.25,981.25,1273371,12,Friday,1.2246467991473532e-16,-1.0
2024-03-22 13:15:00+05:30,981.25,985.3499755859376,980.3499755859376,980.5499877929688,980.5499877929688,1003898,13,Friday,-0.2588190451025208,-0.9659258262890683
2024-03-22 14:15:00+05:30,980.5,982.9500122070312,977.7000122070312,977.9000244140624,977.9000244140624,1918590,14,Friday,-0.4999999999999997,-0.8660254037844388
2024-03-22 15:15:00+05:30,977.9000244140624,981.7999877929688,977.9000244140624,979.2999877929688,979.2999877929688,1040355,15,Friday,-0.7071067811865471,-0.7071067811865479
2024-03-26 09:15:00+05:30,978.2000122070312,994.9000244140624,978.2000122070312,991.5,991.5,0,9,Tuesday,0.7071067811865476,-0.7071067811865475
2024-03-26 10:15:00+05:30,991.5999755859376,991.6500244140624,985.0,985.2000122070312,985.2000122070312,1279167,10,Tuesday,0.49999999999999994,-0.8660254037844387
2024-03-26 11:15:00+05:30,985.2000122070312,990.0,985.2000122070312,988.4500122070312,988.4500122070312,991932,11,Tuesday,0.258819045102521,-0.9659258262890682
2024-03-26 12:15:00+05:30,988.5,989.5,986.5999755859376,987.7999877929688,987.7999877929688,882493,12,Tuesday,1.2246467991473532e-16,-1.0
2024-03-26 13:15:00+05:30,987.5499877929688,989.5499877929688,987.25,989.0,989.0,504748,13,Tuesday,-0.2588190451025208,-0.9659258262890683
2024-03-26 14:15:00+05:30,989.0,989.0499877929688,985.0,986.0,986.0,1183711,14,Tuesday,-0.4999999999999997,-0.8660254037844388
2024-03-26 15:15:00+05:30,985.8499755859376,987.9000244140624,985.5,986.2000122070312,986.2000122070312,770050,15,Tuesday,-0.7071067811865471,-0.7071067811865479
2024-03-27 09:15:00+05:30,991.5,994.9500122070312,986.0,987.2999877929688,987.2999877929688,0,9,Wednesday,0.7071067811865476,-0.7071067811865475
2024-03-27 10:15:00+05:30,987.2000122070312,990.6500244140624,986.5,988.0,988.0,590901,10,Wednesday,0.49999999999999994,-0.8660254037844387
2024-03-27 11:15:00+05:30,988.3499755859376,991.7000122070312,987.75,990.0,990.0,472159,11,Wednesday,0.258819045102521,-0.9659258262890682
2024-03-27 12:15:00+05:30,990.2999877929688,991.7999877929688,988.0,988.7999877929688,988.7999877929688,575317,12,Wednesday,1.2246467991473532e-16,-1.0
2024-03-27 13:15:00+05:30,988.7999877929688,989.5999755859376,986.5999755859376,989.0,989.0,593602,13,Wednesday,-0.2588190451025208,-0.9659258262890683
2024-03-27 14:15:00+05:30,989.0,989.0,977.5499877929688,979.5999755859376,979.5999755859376,1442546,14,Wednesday,-0.4999999999999997,-0.8660254037844388
2024-03-27 15:15:00+05:30,979.0999755859376,986.9000244140624,976.7999877929688,980.0,980.0,1069345,15,Wednesday,-0.7071067811865471,-0.7071067811865479
2024-03-28 09:15:00+05:30,981.0499877929688,986.9000244140624,979.0,980.75,980.75,0,9,Thursday,0.7071067811865476,-0.7071067811865475
2024-03-28 10:15:00+05:30,980.9000244140624,988.1500244140624,980.1500244140624,986.5,986.5,1083449,10,Thursday,0.49999999999999994,-0.8660254037844387
2024-03-28 11:15:00+05:30,986.75,987.9000244140624,983.4500122070312,986.2000122070312,986.2000122070312,821883,11,Thursday,0.258819045102521,-0.9659258262890682
2024-03-28 12:15:00+05:30,986.2000122070312,988.3499755859376,985.3499755859376,986.9000244140624,986.9000244140624,609194,12,Thursday,1.2246467991473532e-16,-1.0
2024-03-28 13:15:00+05:30,986.9000244140624,995.9000244140624,986.9000244140624,995.5999755859376,995.5999755859376,1404676,13,Thursday,-0.2588190451025208,-0.9659258262890683
2024-03-28 14:15:00+05:30,995.75,999.8499755859376,988.75,989.9000244140624,989.9000244140624,2959367,14,Thursday,-0.4999999999999997,-0.8660254037844388
2024-03-28 15:15:00+05:30,990.2000122070312,995.9000244140624,989.9000244140624,993.0,993.0,780689,15,Thursday,-0.7071067811865471,-0.7071067811865479
2024-04-01 09:15:00+05:30,1002.2999877929688,1008.5999755859376,1001.0,1004.7999877929688,1004.7999877929688,0,9,Monday,0.7071067811865476,-0.7071067811865475
2024-04-01 10:15:00+05:30,1004.7000122070312,1006.5999755859376,1002.5999755859376,1004.9500122070312,1004.9500122070312,873806,10,Monday,0.49999999999999994,-0.8660254037844387
2024-04-01 11:15:00+05:30,1004.75,1009.7999877929688,1004.6500244140624,1008.0,1008.0,716532,11,Monday,0.258819045102521,-0.9659258262890682
2024-04-01 12:15:00+05:30,1008.0,1009.2000122070312,1004.4500122070312,1005.25,1005.25,496340,12,Monday,1.2246467991473532e-16,-1.0
2024-04-01 13:15:00+05:30,1005.3499755859376,1007.9000244140624,998.5999755859376,998.9500122070312,998.9500122070312,838159,13,Monday,-0.2588190451025208,-0.9659258262890683
2024-04-01 14:15:00+05:30,999.1500244140624,999.5,987.5499877929688,991.9500122070312,991.9500122070312,2998676,14,Monday,-0.4999999999999997,-0.8660254037844388
2024-04-01 15:15:00+05:30,992.0,994.9000244140624,991.4000244140624,993.6500244140624,993.6500244140624,659435,15,Monday,-0.7071067811865471,-0.7071067811865479
2024-04-02 09:15:00+05:30,995.1500244140624,1000.7999877929688,993.4500122070312,999.25,999.25,0,9,Tuesday,0.7071067811865476,-0.7071067811865475
2024-04-02 10:15:00+05:30,999.25,1003.3499755859376,996.3499755859376,1001.9000244140624,1001.9000244140624,1309408,10,Tuesday,0.49999999999999994,-0.8660254037844387
2024-04-02 11:15:00+05:30,1001.7999877929688,1008.0,1001.25,1005.0,1005.0,1558799,11,Tuesday,0.258819045102521,-0.9659258262890682
2024-04-02 12:15:00+05:30,1004.7999877929688,1007.0,1004.0499877929688,1006.5499877929688,1006.5499877929688,537135,12,Tuesday,1.2246467991473532e-16,-1.0
2024-04-02 13:15:00+05:30,1006.4000244140624,1006.5499877929688,1000.5999755859376,1002.7999877929688,1002.7999877929688,752158,13,Tuesday,-0.2588190451025208,-0.9659258262890683
2024-04-02 14:15:00+05:30,1002.7999877929688,1004.9500122070312,1002.0999755859376,1004.5,1004.5,971210,14,Tuesday,-0.4999999999999997,-0.8660254037844388
2024-04-02 15:15:00+05:30,1004.5,1006.9000244140624,1003.75,1006.0999755859376,1006.0999755859376,630256,15,Tuesday,-0.7071067811865471,-0.7071067811865479
2024-04-03 09:15:00+05:30,1000.4000244140624,1005.7999877929688,994.5999755859376,1000.0999755859376,1000.0999755859376,0,9,Wednesday,0.7071067811865476,-0.7071067811865475
2024-04-03 10:15:00+05:30,1000.4500122070312,1002.5499877929688,998.3499755859376,1001.25,1001.25,811249,10,Wednesday,0.49999999999999994,-0.8660254037844387
2024-04-03 11:15:00+05:30,1001.4500122070312,1003.0,999.3499755859376,1002.8499755859376,1002.8499755859376,604679,11,Wednesday,0.258819045102521,-0.9659258262890682
2024-04-03 12:15:00+05:30,1002.9500122070312,1005.7999877929688,1002.0499877929688,1002.2000122070312,1002.2000122070312,758659,12,Wednesday,1.2246467991473532e-16,-1.0
2024-04-03 13:15:00+05:30,1002.2999877929688,1014.2999877929688,1002.0499877929688,1011.4500122070312,1011.4500122070312,1985596,13,Wednesday,-0.2588190451025208,-0.9659258262890683
2024-04-03 14:15:00+05:30,1011.4500122070312,1013.5,1007.25,1009.3499755859376,1009.3499755859376,1286532,14,Wednesday,-0.4999999999999997,-0.8660254037844388
2024-04-03 15:15:00+05:30,1009.0,1010.2000122070312,1008.0999755859376,1010.0,1010.0,620293,15,Wednesday,-0.7071067811865471,-0.7071067811865479
2024-04-04 09:15:00+05:30,1016.0,1016.0,1007.3499755859376,1009.1500244140624,1009.1500244140624,0,9,Thursday,0.7071067811865476,-0.7071067811865475
2024-04-04 10:15:00+05:30,1009.3499755859376,1012.9000244140624,1003.0499877929688,1007.0,1007.0,1298653,10,Thursday,0.49999999999999994,-0.8660254037844387
2024-04-04 11:15:00+05:30,1007.0,1007.4500122070312,999.5,1000.5999755859376,1000.5999755859376,963609,11,Thursday,0.258819045102521,-0.9659258262890682
2024-04-04 12:15:00+05:30,1000.5,1007.6500244140624,998.25,1007.4000244140624,1007.4000244140624,1189706,12,Thursday,1.2246467991473532e-16,-1.0
2024-04-04 13:15:00+05:30,1007.2999877929688,1013.7999877929688,1006.0999755859376,1011.4000244140624,1011.4000244140624,1394677,13,Thursday,-0.2588190451025208,-0.9659258262890683
2024-04-04 14:15:00+05:30,1011.3499755859376,1012.75,1008.0999755859376,1011.5499877929688,1011.5499877929688,1317914,14,Thursday,-0.4999999999999997,-0.8660254037844388
2024-04-04 15:15:00+05:30,1011.75,1014.0,1011.1500244140624,1011.5999755859376,1011.5999755859376,692566,15,Thursday,-0.7071067811865471,-0.7071067811865479
2024-04-05 09:15:00+05:30,1011.9000244140624,1011.9000244140624,1004.5,1008.0999755859376,1008.0999755859376,0,9,Friday,0.7071067811865476,-0.7071067811865475
2024-04-05 10:15:00+05:30,1008.1500244140624,1011.0,1007.0999755859376,1010.0,1010.0,530346,10,Friday,0.49999999999999994,-0.8660254037844387
2024-04-05 11:15:00+05:30,1010.0,1010.3499755859376,1006.1500244140624,1006.2999877929688,1006.2999877929688,564614,11,Friday,0.258819045102521,-0.9659258262890682
2024-04-05 12:15:00+05:30,1006.25,1009.4000244140624,1005.5,1007.25,1007.25,468648,12,Friday,1.2246467991473532e-16,-1.0
2024-04-05 13:15:00+05:30,1007.0499877929688,1008.7000122070312,1006.25,1007.5999755859376,1007.5999755859376,318881,13,Friday,-0.2588190451025208,-0.9659258262890683
2024-04-05 14:15:00+05:30,1007.7000122070312,1008.5499877929688,1005.5499877929688,1007.25,1007.25,817286,14,Friday,-0.4999999999999997,-0.8660254037844388
2024-04-05 15:15:00+05:30,1007.25,1008.2000122070312,1006.5999755859376,1007.0999755859376,1007.0999755859376,447336,15,Friday,-0.7071067811865471,-0.7071067811865479
2024-04-08 09:15:00+05:30,1010.0999755859376,1011.9000244140624,1004.0,1010.9000244140624,1010.9000244140624,0,9,Monday,0.7071067811865476,-0.7071067811865475
2024-04-08 10:15:00+05:30,1010.7000122070312,1014.5,1007.8499755859376,1013.2999877929688,1013.2999877929688,1077877,10,Monday,0.49999999999999994,-0.8660254037844387
2024-04-08 11:15:00+05:30,1013.25,1014.7000122070312,1010.5999755859376,1012.9500122070312,1012.9500122070312,600229,11,Monday,0.258819045102521,-0.9659258262890682
2024-04-08 12:15:00+05:30,1012.5499877929688,1016.3499755859376,1012.5,1014.3499755859376,1014.3499755859376,579176,12,Monday,1.2246467991473532e-16,-1.0
2024-04-08 13:15:00+05:30,1014.5,1014.7999877929688,1010.0499877929688,1012.4000244140624,1012.4000244140624,481104,13,Monday,-0.2588190451025208,-0.9659258262890683
2024-04-08 14:15:00+05:30,1012.0499877929688,1014.5,1011.8499755859376,1013.0999755859376,1013.0999755859376,758985,14,Monday,-0.4999999999999997,-0.8660254037844388
2024-04-08 15:15:00+05:30,1013.0999755859376,1013.8499755859376,1012.5499877929688,1012.7000122070312,1012.7000122070312,432308,15,Monday,-0.7071067811865471,-0.7071067811865479
2024-04-09 09:15:00+05:30,1022.5499877929688,1029.300048828125,1016.3499755859376,1018.25,1018.25,0,9,Tuesday,0.7071067811865476,-0.7071067811865475
2024-04-09 10:15:00+05:30,1018.25,1020.3499755859376,1014.2000122070312,1015.9500122070312,1015.9500122070312,1001536,10,Tuesday,0.49999999999999994,-0.8660254037844387
2024-04-09 11:15:00+05:30,1015.9500122070312,1018.0,1015.4000244140624,1016.0,1016.0,419643,11,Tuesday,0.258819045102521,-0.9659258262890682
2024-04-09 12:15:00+05:30,1015.9000244140624,1017.8499755859376,1012.75,1015.3499755859376,1015.3499755859376,588294,12,Tuesday,1.2246467991473532e-16,-1.0
2024-04-09 13:15:00+05:30,1015.5999755859376,1015.75,1005.2000122070312,1005.4500122070312,1005.4500122070312,1091052,13,Tuesday,-0.2588190451025208,-0.9659258262890683
2024-04-09 14:15:00+05:30,1005.8499755859376,1011.5,1005.0499877929688,1008.5499877929688,1008.5499877929688,1194045,14,Tuesday,-0.4999999999999997,-0.8660254037844388
2024-04-09 15:15:00+05:30,1008.5999755859376,1009.5,1007.0,1008.0,1008.0,637328,15,Tuesday,-0.7071067811865471,-0.7071067811865479
2024-04-10 09:15:00+05:30,1012.7000122070312,1020.3499755859376,1010.5,1012.5,1012.5,0,9,Wednesday,0.7071067811865476,-0.7071067811865475
2024-04-10 10:15:00+05:30,1012.75,1015.0,1011.5,1014.4500122070312,1014.4500122070312,426459,10,Wednesday,0.49999999999999994,-0.8660254037844387
2024-04-10 11:15:00+05:30,1014.25,1014.7000122070312,1010.5499877929688,1012.5,1012.5,405347,11,Wednesday,0.258819045102521,-0.9659258262890682
2024-04-10 12:15:00+05:30,1012.5,1014.2000122070312,1011.6500244140624,1013.2999877929688,1013.2999877929688,480229,12,Wednesday,1.2246467991473532e-16,-1.0
2024-04-10 13:15:00+05:30,1013.2999877929688,1013.9500122070312,1011.0999755859376,1013.3499755859376,1013.3499755859376,577251,13,Wednesday,-0.2588190451025208,-0.9659258262890683
2024-04-10 14:15:00+05:30,1013.2000122070312,1014.2000122070312,1011.6500244140624,1013.75,1013.75,833154,14,Wednesday,-0.4999999999999997,-0.8660254037844388
2024-04-10 15:15:00+05:30,1013.6500244140624,1014.0499877929688,1012.4500122070312,1014.0,1014.0,481214,15,Wednesday,-0.7071067811865471,-0.7071067811865479
2024-04-12 09:15:00+05:30,1014.8499755859376,1029.0,1014.0,1024.800048828125,1024.800048828125,0,9,Friday,0.7071067811865476,-0.7071067811865475
2024-04-12 10:15:00+05:30,1025.0,1027.3499755859375,1020.9500122070312,1026.8499755859375,1026.8499755859375,1173501,10,Friday,0.49999999999999994,-0.8660254037844387
2024-04-12 11:15:00+05:30,1026.8499755859375,1028.550048828125,1024.800048828125,1026.9000244140625,1026.9000244140625,1043371,11,Friday,0.258819045102521,-0.9659258262890682
2024-04-12 12:15:00+05:30,1027.0,1027.0,1019.1500244140624,1021.4000244140624,1021.4000244140624,1363693,12,Friday,1.2246467991473532e-16,-1.0
2024-04-12 13:15:00+05:30,1021.6500244140624,1023.25,1018.0,1018.7999877929688,1018.7999877929688,1234981,13,Friday,-0.2588190451025208,-0.9659258262890683
2024-04-12 14:15:00+05:30,1018.5499877929688,1022.7999877929688,1017.0,1018.2999877929688,1018.2999877929688,1967359,14,Friday,-0.4999999999999997,-0.8660254037844388
2024-04-12 15:15:00+05:30,1018.25,1020.0,1017.4000244140624,1020.0,1020.0,759456,15,Friday,-0.7071067811865471,-0.7071067811865479
2024-04-15 09:15:00+05:30,998.8499755859376,1003.75,978.9500122070312,995.7999877929688,995.7999877929688,0,9,Monday,0.7071067811865476,-0.7071067811865475
2024-04-15 10:15:00+05:30,995.75,1005.0,992.5,998.2999877929688,998.2999877929688,2065002,10,Monday,0.49999999999999994,-0.8660254037844387
2024-04-15 11:15:00+05:30,998.2999877929688,1003.8499755859376,997.0499877929688,1003.5,1003.5,906190,11,Monday,0.258819045102521,-0.9659258262890682
2024-04-15 12:15:00+05:30,1003.3499755859376,1006.7999877929688,1000.0,1002.6500244140624,1002.6500244140624,937272,12,Monday,1.2246467991473532e-16,-1.0
2024-04-15 13:15:00+05:30,1003.0,1006.7999877929688,1002.0999755859376,1004.8499755859376,1004.8499755859376,816150,13,Monday,-0.2588190451025208,-0.9659258262890683
2024-04-15 14:15:00+05:30,1004.75,1005.0,996.4500122070312,1000.25,1000.25,1390929,14,Monday,-0.4999999999999997,-0.8660254037844388
2024-04-15 15:15:00+05:30,1000.25,1001.5,996.0,997.9500122070312,997.9500122070312,659443,15,Monday,-0.7071067811865471,-0.7071067811865479
2024-04-16 09:15:00+05:30,986.0,1004.6500244140624,986.0,1001.1500244140624,1001.1500244140624,0,9,Tuesday,0.7071067811865476,-0.7071067811865475
2024-04-16 10:15:00+05:30,1001.0,1004.25,995.7000122070312,1000.4000244140624,1000.4000244140624,1226582,10,Tuesday,0.49999999999999994,-0.8660254037844387
2024-04-16 11:15:00+05:30,1000.4500122070312,1000.5499877929688,992.0,993.8499755859376,993.8499755859376,1022563,11,Tuesday,0.258819045102521,-0.9659258262890682
2024-04-16 12:15:00+05:30,994.0,994.75,985.2999877929688,985.2999877929688,985.2999877929688,1290829,12,Tuesday,1.2246467991473532e-16,-1.0
2024-04-16 13:15:00+05:30,985.3499755859376,996.9000244140624,985.0,995.5499877929688,995.5499877929688,1383495,13,Tuesday,-0.2588190451025208,-0.9659258262890683
2024-04-16 14:15:00+05:30,995.5499877929688,996.9000244140624,989.75,993.4000244140624,993.4000244140624,1245867,14,Tuesday,-0.4999999999999997,-0.8660254037844388
2024-04-16 15:15:00+05:30,993.5,993.75,991.6500244140624,992.0,992.0,561936,15,Tuesday,-0.7071067811865471,-0.7071067811865479
2024-04-18 09:15:00+05:30,997.5,1003.0999755859376,993.5,993.9000244140624,993.9000244140624,0,9,Thursday,0.7071067811865476,-0.7071067811865475
2024-04-18 10:15:00+05:30,993.9000244140624,995.6500244140624,989.0,994.4500122070312,994.4500122070312,1548520,10,Thursday,0.49999999999999994,-0.8660254037844387
2024-04-18 11:15:00+05:30,994.5999755859376,995.2000122070312,990.6500244140624,993.3499755859376,993.3499755859376,988031,11,Thursday,0.258819045102521,-0.9659258262890682
2024-04-18 12:15:00+05:30,993.2000122070312,995.4000244140624,989.4000244140624,994.75,994.75,1150048,12,Thursday,1.2246467991473532e-16,-1.0
2024-04-18 13:15:00+05:30,994.7000122070312,994.7999877929688,984.5,986.2999877929688,986.2999877929688,1773913,13,Thursday,-0.2588190451025208,-0.9659258262890683
2024-04-18 14:15:00+05:30,986.2999877929688,988.4000244140624,966.5,971.6500244140624,971.6500244140624,3911793,14,Thursday,-0.4999999999999997,-0.8660254037844388
2024-04-18 15:15:00+05:30,971.6500244140624,978.0,970.0,978.0,978.0,1475293,15,Thursday,-0.7071067811865471,-0.7071067811865479
2024-04-19 09:15:00+05:30,962.0499877929688,967.9000244140624,952.2000122070312,956.7999877929688,956.7999877929688,0,9,Friday,0.7071067811865476,-0.7071067811865475
2024-04-19 10:15:00+05:30,956.8499755859376,957.3499755859376,944.0,946.25,946.25,3029428,10,Friday,0.49999999999999994,-0.8660254037844387
2024-04-19 11:15:00+05:30,946.25,954.75,945.5,954.7000122070312,954.7000122070312,1880779,11,Friday,0.258819045102521,-0.9659258262890682
2024-04-19 12:15:00+05:30,954.75,961.2000122070312,953.0,958.5,958.5,1847292,12,Friday,1.2246467991473532e-16,-1.0
2024-04-19 13:15:00+05:30,958.4000244140624,965.5,955.5,962.8499755859376,962.8499755859376,1609336,13,Friday,-0.2588190451025208,-0.9659258262890683
2024-04-19 14:15:00+05:30,962.8499755859376,964.7000122070312,958.7000122070312,963.5,963.5,1920124,14,Friday,-0.4999999999999997,-0.8660254037844388
2024-04-19 15:15:00+05:30,963.4500122070312,964.9500122070312,962.8499755859376,964.2000122070312,964.2000122070312,599383,15,Friday,-0.7071067811865471,-0.7071067811865479
2024-04-22 09:15:00+05:30,974.5,976.75,969.0499877929688,972.4500122070312,972.4500122070312,0,9,Monday,0.7071067811865476,-0.7071067811865475
2024-04-22 10:15:00+05:30,972.75,973.7999877929688,966.0,971.7000122070312,971.7000122070312,1173515,10,Monday,0.49999999999999994,-0.8660254037844387
2024-04-22 11:15:00+05:30,971.4500122070312,973.1500244140624,970.3499755859376,971.0,971.0,588962,11,Monday,0.258819045102521,-0.9659258262890682
2024-04-22 12:15:00+05:30,970.7999877929688,972.7000122070312,970.0,971.2000122070312,971.2000122070312,460465,12,Monday,1.2246467991473532e-16,-1.0
2024-04-22 13:15:00+05:30,970.75,971.75,969.0499877929688,970.7999877929688,970.7999877929688,499320,13,Monday,-0.2588190451025208,-0.9659258262890683
2024-04-22 14:15:00+05:30,970.7999877929688,973.7999877929688,969.3499755859376,973.75,973.75,1083916,14,Monday,-0.4999999999999997,-0.8660254037844388
2024-04-22 15:15:00+05:30,973.7999877929688,975.5,973.0,974.4000244140624,974.4000244140624,538118,15,Monday,-0.7071067811865471,-0.7071067811865479
2024-04-23 09:15:00+05:30,976.0,986.8499755859376,976.0,984.4000244140624,984.4000244140624,0,9,Tuesday,0.7071067811865476,-0.7071067811865475
2024-04-23 10:15:00+05:30,984.4500122070312,988.4500122070312,981.5999755859376,988.2000122070312,988.2000122070312,961940,10,Tuesday,0.49999999999999994,-0.8660254037844387
2024-04-23 11:15:00+05:30,988.25,988.25,983.7000122070312,986.7999877929688,986.7999877929688,645376,11,Tuesday,0.258819045102521,-0.9659258262890682
2024-04-23 12:15:00+05:30,986.6500244140624,986.9500122070312,984.4000244140624,984.9000244140624,984.9000244140624,486588,12,Tuesday,1.2246467991473532e-16,-1.0
2024-04-23 13:15:00+05:30,984.9000244140624,990.0,983.2000122070312,988.7000122070312,988.7000122070312,816630,13,Tuesday,-0.2588190451025208,-0.9659258262890683
2024-04-23 14:15:00+05:30,988.6500244140624,994.4500122070312,984.3499755859376,986.8499755859376,986.8499755859376,2286959,14,Tuesday,-0.4999999999999997,-0.8660254037844388
2024-04-23 15:15:00+05:30,986.9000244140624,988.0999755859376,985.6500244140624,987.75,987.75,652268,15,Tuesday,-0.7071067811865471,-0.7071067811865479
2024-04-24 09:15:00+05:30,993.2000122070312,995.9000244140624,990.0999755859376,990.2000122070312,990.2000122070312,0,9,Wednesday,0.7071067811865476,-0.7071067811865475
2024-04-24 10:15:00+05:30,990.1500244140624,993.7000122070312,989.4500122070312,990.7000122070312,990.7000122070312,876151,10,Wednesday,0.49999999999999994,-0.8660254037844387
2024-04-24 11:15:00+05:30,990.4000244140624,991.2000122070312,989.4500122070312,990.0999755859376,990.0999755859376,369354,11,Wednesday,0.258819045102521,-0.9659258262890682
2024-04-24 12:15:00+05:30,990.25,990.2999877929688,988.0,988.9500122070312,988.9500122070312,454400,12,Wednesday,1.2246467991473532e-16,-1.0
2024-04-24 13:15:00+05:30,988.9000244140624,991.9000244140624,988.5499877929688,991.8499755859376,991.8499755859376,391561,13,Wednesday,-0.2588190451025208,-0.9659258262890683
2024-04-24 14:15:00+05:30,991.8499755859376,993.0,990.1500244140624,991.7000122070312,991.7000122070312,630109,14,Wednesday,-0.4999999999999997,-0.8660254037844388
2024-04-24 15:15:00+05:30,991.7000122070312,992.0,990.5499877929688,990.7999877929688,990.7999877929688,397241,15,Wednesday,-0.7071067811865471,-0.7071067811865479
2024-04-25 09:15:00+05:30,992.9500122070312,996.0,990.8499755859376,993.8499755859376,993.8499755859376,1684871,9,Thursday,0.7071067811865476,-0.7071067811865475
2024-04-25 10:15:00+05:30,993.7999877929688,994.9500122070312,990.9500122070312,992.9500122070312,992.9500122070312,1062962,10,Thursday,0.49999999999999994,-0.8660254037844387
2024-04-25 11:15:00+05:30,992.9500122070312,994.25,992.0999755859376,993.2999877929688,993.2999877929688,415762,11,Thursday,0.258819045102521,-0.9659258262890682
2024-04-25 12:15:00+05:30,993.5999755859376,994.4000244140624,991.9500122070312,993.7999877929688,993.7999877929688,558826,12,Thursday,1.2246467991473532e-16,-1.0
2024-04-25 13:15:00+05:30,993.8499755859376,1001.4000244140624,993.4000244140624,1001.0999755859376,1001.0999755859376,1462300,13,Thursday,-0.2588190451025208,-0.9659258262890683
2024-04-25 14:15:00+05:30,1000.7999877929688,1002.5,998.1500244140624,1000.2999877929688,1000.2999877929688,2091569,14,Thursday,-0.4999999999999997,-0.8660254037844388
2024-04-25 15:15:00+05:30,1000.3499755859376,1003.2999877929688,999.7000122070312,1002.7999877929688,1002.7999877929688,1076426,15,Thursday,-0.7071067811865471,-0.7071067811865479
2024-04-26 09:15:00+05:30,1007.8499755859376,1007.8499755859376,1001.25,1003.4500122070312,1003.4500122070312,0,9,Friday,0.7071067811865476,-0.7071067811865475
2024-04-26 10:15:00+05:30,1003.5499877929688,1007.4000244140624,1002.2000122070312,1004.5,1004.5,1181937,10,Friday,0.49999999999999994,-0.8660254037844387
2024-04-26 11:15:00+05:30,1004.7999877929688,1006.0499877929688,1002.0,1003.4000244140624,1003.4000244140624,1245281,11,Friday,0.258819045102521,-0.9659258262890682
2024-04-26 12:15:00+05:30,1003.3499755859376,1004.2999877929688,999.1500244140624,1000.9500122070312,1000.9500122070312,882193,12,Friday,1.2246467991473532e-16,-1.0
2024-04-26 13:15:00+05:30,1000.9000244140624,1001.9500122070312,996.5999755859376,1000.5,1000.5,972156,13,Friday,-0.2588190451025208,-0.9659258262890683
2024-04-26 14:15:00+05:30,1000.0999755859376,1000.7000122070312,997.25,999.9500122070312,999.9500122070312,1285826,14,Friday,-0.4999999999999997,-0.8660254037844388
2024-04-26 15:15:00+05:30,999.9500122070312,1001.8499755859376,999.0,999.5,999.5,674591,15,Friday,-0.7071067811865471,-0.7071067811865479
2024-04-29 09:15:00+05:30,1004.4000244140624,1005.5499877929688,999.2999877929688,1000.9000244140624,1000.9000244140624,0,9,Monday,0.7071067811865476,-0.7071067811865475
2024-04-29 10:15:00+05:30,1000.9500122070312,1003.6500244140624,1000.0999755859376,1001.7000122070312,1001.7000122070312,554861,10,Monday,0.49999999999999994,-0.8660254037844387
2024-04-29 11:15:00+05:30,1001.7000122070312,1002.5499877929688,1000.1500244140624,1001.3499755859376,1001.3499755859376,366124,11,Monday,0.258819045102521,-0.9659258262890682
2024-04-29 12:15:00+05:30,1001.3499755859376,1001.4500122070312,999.0499877929688,1000.0499877929688,1000.0499877929688,470352,12,Monday,1.2246467991473532e-16,-1.0
2024-04-29 13:15:00+05:30,1000.0,1001.5999755859376,999.2999877929688,999.5499877929688,999.5499877929688,476110,13,Monday,-0.2588190451025208,-0.9659258262890683
2024-04-29 14:15:00+05:30,999.5,1002.0,999.5,1000.7000122070312,1000.7000122070312,863354,14,Monday,-0.4999999999999997,-0.8660254037844388
2024-04-29 15:15:00+05:30,1000.7000122070312,1001.2000122070312,999.4500122070312,1000.75,1000.75,555471,15,Monday,-0.7071067811865471,-0.7071067811865479
2024-04-30 09:15:00+05:30,1000.8499755859376,1019.4000244140624,1000.8499755859376,1017.6500244140624,1017.6500244140624,0,9,Tuesday,0.7071067811865476,-0.7071067811865475
2024-04-30 10:15:00+05:30,1017.6500244140624,1018.7000122070312,1012.5,1014.2000122070312,1014.2000122070312,940926,10,Tuesday,0.49999999999999994,-0.8660254037844387
2024-04-30 11:15:00+05:30,1014.2000122070312,1017.0,1013.5,1016.0999755859376,1016.0999755859376,574624,11,Tuesday,0.258819045102521,-0.9659258262890682
2024-04-30 12:15:00+05:30,1016.0999755859376,1017.4000244140624,1013.5,1013.9500122070312,1013.9500122070312,544874,12,Tuesday,1.2246467991473532e-16,-1.0
2024-04-30 13:15:00+05:30,1013.9500122070312,1017.5,1013.4000244140624,1014.7000122070312,1014.7000122070312,789080,13,Tuesday,-0.2588190451025208,-0.9659258262890683
2024-04-30 14:15:00+05:30,1014.8499755859376,1016.5,1007.0499877929688,1007.5,1007.5,1703415,14,Tuesday,-0.4999999999999997,-0.8660254037844388
2024-04-30 15:15:00+05:30,1007.2999877929688,1009.0,1006.1500244140624,1008.9500122070312,1008.9500122070312,1004387,15,Tuesday,-0.7071067811865471,-0.7071067811865479
2024-05-02 09:15:00+05:30,1017.75,1021.0,1012.1500244140624,1019.0999755859376,1019.0999755859376,0,9,Thursday,0.7071067811865476,-0.7071067811865475
2024-05-02 10:15:00+05:30,1019.2000122070312,1028.5999755859375,1017.9000244140624,1025.75,1025.75,2508999,10,Thursday,0.49999999999999994,-0.8660254037844387
2024-05-02 11:15:00+05:30,1025.800048828125,1030.0,1024.550048828125,1027.550048828125,1027.550048828125,1894412,11,Thursday,0.258819045102521,-0.9659258262890682
2024-05-02 12:15:00+05:30,1027.449951171875,1028.0,1022.3499755859376,1025.550048828125,1025.550048828125,1091200,12,Thursday,1.2246467991473532e-16,-1.0
2024-05-02 13:15:00+05:30,1025.550048828125,1028.5,1025.050048828125,1027.0,1027.0,810621,13,Thursday,-0.2588190451025208,-0.9659258262890683
2024-05-02 14:15:00+05:30,1027.0,1029.5,1023.0,1029.1500244140625,1029.1500244140625,2026528,14,Thursday,-0.4999999999999997,-0.8660254037844388
2024-05-02 15:15:00+05:30,1028.8499755859375,1029.8499755859375,1027.4000244140625,1029.8499755859375,1029.8499755859375,1252294,15,Thursday,-0.7071067811865471,-0.7071067811865479
2024-05-03 09:15:00+05:30,1037.3499755859375,1040.1500244140625,1030.0,1031.0999755859375,1031.0999755859375,0,9,Friday,0.7071067811865476,-0.7071067811865475
2024-05-03 10:15:00+05:30,1031.449951171875,1031.5,1023.2000122070312,1024.8499755859375,1024.8499755859375,1405561,10,Friday,0.49999999999999994,-0.8660254037844387
2024-05-03 11:15:00+05:30,1024.6500244140625,1024.8499755859375,1012.5,1014.5,1014.5,1432375,11,Friday,0.258819045102521,-0.9659258262890682
2024-05-03 12:15:00+05:30,1014.2000122070312,1019.0999755859376,1008.4500122070312,1010.5999755859376,1010.5999755859376,1426368,12,Friday,1.2246467991473532e-16,-1.0
2024-05-03 13:15:00+05:30,1010.9000244140624,1013.0,996.1500244140624,1009.5499877929688,1009.5499877929688,2406181,13,Friday,-0.2588190451025208,-0.9659258262890683
2024-05-03 14:15:00+05:30,1009.5,1014.0999755859376,1007.5,1014.0499877929688,1014.0499877929688,1782429,14,Friday,-0.4999999999999997,-0.8660254037844388
2024-05-03 15:15:00+05:30,1014.0999755859376,1016.7000122070312,1012.3499755859376,1014.3499755859376,1014.3499755859376,906453,15,Friday,-0.7071067811865471,-0.7071067811865479
2024-05-06 09:15:00+05:30,1019.4000244140624,1019.4000244140624,1005.0,1008.75,1008.75,0,9,Monday,0.7071067811865476,-0.7071067811865475
2024-05-06 10:15:00+05:30,1008.8499755859376,1017.1500244140624,1005.5,1014.1500244140624,1014.1500244140624,781191,10,Monday,0.49999999999999994,-0.8660254037844387
2024-05-06 11:15:00+05:30,1014.1500244140624,1015.75,1010.2999877929688,1015.1500244140624,1015.1500244140624,426751,11,Monday,0.258819045102521,-0.9659258262890682
2024-05-06 12:15:00+05:30,1014.9500122070312,1015.5499877929688,1007.6500244140624,1007.9000244140624,1007.9000244140624,371884,12,Monday,1.2246467991473532e-16,-1.0
2024-05-06 13:15:00+05:30,1007.7999877929688,1012.3499755859376,1005.9500122070312,1008.9500122070312,1008.9500122070312,465092,13,Monday,-0.2588190451025208,-0.9659258262890683
2024-05-06 14:15:00+05:30,1008.75,1016.7000122070312,1008.25,1016.1500244140624,1016.1500244140624,1216314,14,Monday,-0.4999999999999997,-0.8660254037844388
2024-05-06 15:15:00+05:30,1016.2000122070312,1017.4500122070312,1015.3499755859376,1016.4000244140624,1016.4000244140624,660957,15,Monday,-0.7071067811865471,-0.7071067811865479
2024-05-07 09:15:00+05:30,1016.5,1017.5999755859376,1008.0999755859376,1014.7999877929688,1014.7999877929688,1063025,9,Tuesday,0.7071067811865476,-0.7071067811865475
2024-05-07 10:15:00+05:30,1014.5999755859376,1014.9500122070312,999.0499877929688,999.4500122070312,999.4500122070312,1383303,10,Tuesday,0.49999999999999994,-0.8660254037844387
2024-05-07 11:15:00+05:30,999.4500122070312,1000.25,992.0,994.75,994.75,1250526,11,Tuesday,0.258819045102521,-0.9659258262890682
2024-05-07 12:15:00+05:30,994.75,996.9500122070312,989.2999877929688,990.4000244140624,990.4000244140624,868537,12,Tuesday,1.2246467991473532e-16,-1.0
2024-05-07 13:15:00+05:30,990.25,995.5499877929688,989.5,992.75,992.75,1208949,13,Tuesday,-0.2588190451025208,-0.9659258262890683
2024-05-07 14:15:00+05:30,993.0,993.1500244140624,982.0499877929688,989.2999877929688,989.2999877929688,2396493,14,Tuesday,-0.4999999999999997,-0.8660254037844388
2024-05-07 15:15:00+05:30,989.2999877929688,989.3499755859376,986.0,988.7000122070312,988.7000122070312,701529,15,Tuesday,-0.7071067811865471,-0.7071067811865479
2024-05-08 09:15:00+05:30,987.0,998.5,977.7000122070312,997.9000244140624,997.9000244140624,0,9,Wednesday,0.7071067811865476,-0.7071067811865475
2024-05-08 10:15:00+05:30,997.9000244140624,998.0499877929688,991.1500244140624,995.3499755859376,995.3499755859376,757760,10,Wednesday,0.49999999999999994,-0.8660254037844387
2024-05-08 11:15:00+05:30,995.5499877929688,1007.9500122070312,995.2000122070312,1006.3499755859376,1006.3499755859376,1015677,11,Wednesday,0.258819045102521,-0.9659258262890682
2024-05-08 12:15:00+05:30,1006.8499755859376,1015.0,1005.8499755859376,1009.7999877929688,1009.7999877929688,1239516,12,Wednesday,1.2246467991473532e-16,-1.0
2024-05-08 13:15:00+05:30,1009.7999877929688,1013.6500244140624,1006.0999755859376,1008.0,1008.0,809238,13,Wednesday,-0.2588190451025208,-0.9659258262890683
2024-05-08 14:15:00+05:30,1008.0499877929688,1013.5999755859376,1005.0,1012.2000122070312,1012.2000122070312,986851,14,Wednesday,-0.4999999999999997,-0.8660254037844388
2024-05-08 15:15:00+05:30,1012.2000122070312,1014.0,1011.1500244140624,1012.4000244140624,1012.4000244140624,562447,15,Wednesday,-0.7071067811865471,-0.7071067811865479
2024-05-09 09:15:00+05:30,1009.8499755859376,1029.5999755859375,1008.0,1024.8499755859375,1024.8499755859375,0,9,Thursday,0.7071067811865476,-0.7071067811865475
2024-05-09 10:15:00+05:30,1024.800048828125,1037.050048828125,1018.25,1033.0,1033.0,3232729,10,Thursday,0.49999999999999994,-0.8660254037844387
2024-05-09 11:15:00+05:30,1033.050048828125,1041.8499755859375,1032.5999755859375,1037.0,1037.0,4039481,11,Thursday,0.258819045102521,-0.9659258262890682
2024-05-09 12:15:00+05:30,1037.0,1042.949951171875,1030.5,1033.4000244140625,1033.4000244140625,2621273,12,Thursday,1.2246467991473532e-16,-1.0
2024-05-09 13:15:00+05:30,1033.1500244140625,1037.699951171875,1030.0999755859375,1036.25,1036.25,1485507,13,Thursday,-0.2588190451025208,-0.9659258262890683
2024-05-09 14:15:00+05:30,1036.5,1036.6500244140625,1024.1500244140625,1029.5,1029.5,2941553,14,Thursday,-0.4999999999999997,-0.8660254037844388
2024-05-09 15:15:00+05:30,1029.5,1032.5,1028.699951171875,1030.0,1030.0,973974,15,Thursday,-0.7071067811865471,-0.7071067811865479
2024-05-10 09:15:00+05:30,1036.949951171875,1047.699951171875,1030.4000244140625,1035.9000244140625,1035.9000244140625,0,9,Friday,0.7071067811865476,-0.7071067811865475
2024-05-10 10:15:00+05:30,1036.0,1042.25,1034.5,1037.0,1037.0,1748690,10,Friday,0.49999999999999994,-0.8660254037844387
2024-05-10 11:15:00+05:30,1037.0,1039.949951171875,1035.0,1036.4000244140625,1036.4000244140625,911465,11,Friday,0.258819045102521,-0.9659258262890682
2024-05-10 12:15:00+05:30,1036.5,1036.949951171875,1032.1500244140625,1034.449951171875,1034.449951171875,721584,12,Friday,1.2246467991473532e-16,-1.0
2024-05-10 13:15:00+05:30,1034.25,1049.550048828125,1034.0,1048.300048828125,1048.300048828125,2033071,13,Friday,-0.2588190451025208,-0.9659258262890683
2024-05-10 14:15:00+05:30,1049.050048828125,1050.25,1043.300048828125,1045.300048828125,1045.300048828125,2916959,14,Friday,-0.4999999999999997,-0.8660254037844388
2024-05-10 15:15:00+05:30,1045.199951171875,1048.75,1044.8499755859375,1047.0,1047.0,1027852,15,Friday,-0.7071067811865471,-0.7071067811865479
2024-05-13 09:15:00+05:30,995.25,1007.0999755859376,950.4000244140624,954.6500244140624,954.6500244140624,14310184,9,Monday,0.7071067811865476,-0.7071067811865475
2024-05-13 10:15:00+05:30,954.4500122070312,961.1500244140624,947.9500122070312,958.5,958.5,10119717,10,Monday,0.49999999999999994,-0.8660254037844387
2024-05-13 11:15:00+05:30,958.5,964.0,956.5999755859376,962.9000244140624,962.9000244140624,4556727,11,Monday,0.258819045102521,-0.9659258262890682
2024-05-13 12:15:00+05:30,962.8499755859376,963.0,958.0,960.5,960.5,3683171,12,Monday,1.2246467991473532e-16,-1.0
2024-05-13 13:15:00+05:30,960.1500244140624,962.0,953.0499877929688,961.3499755859376,961.3499755859376,3417789,13,Monday,-0.2588190451025208,-0.9659258262890683
2024-05-13 14:15:00+05:30,961.4500122070312,966.2999877929688,956.0499877929688,960.5,960.5,7201965,14,Monday,-0.4999999999999997,-0.8660254037844388
2024-05-13 15:15:00+05:30,960.5,960.9500122070312,957.0499877929688,959.0,959.0,2282281,15,Monday,-0.7071067811865471,-0.7071067811865479
2024-05-14 09:15:00+05:30,961.2999877929688,964.2999877929688,953.3499755859376,955.2000122070312,955.2000122070312,0,9,Tuesday,0.7071067811865476,-0.7071067811865475
2024-05-14 10:15:00+05:30,955.1500244140624,962.4000244140624,954.0999755859376,962.0,962.0,2292365,10,Tuesday,0.49999999999999994,-0.8660254037844387
2024-05-14 11:15:00+05:30,962.25,963.0,959.1500244140624,959.9500122070312,959.9500122070312,1160194,11,Tuesday,0.258819045102521,-0.9659258262890682
2024-05-14 12:15:00+05:30,959.9500122070312,963.6500244140624,959.2000122070312,962.4000244140624,962.4000244140624,1199635,12,Tuesday,1.2246467991473532e-16,-1.0
2024-05-14 13:15:00+05:30,962.4500122070312,968.0,960.5,965.0499877929688,965.0499877929688,2083491,13,Tuesday,-0.2588190451025208,-0.9659258262890683
2024-05-14 14:15:00+05:30,965.0999755859376,966.0,962.7999877929688,964.75,964.75,1936978,14,Tuesday,-0.4999999999999997,-0.8660254037844388
2024-05-14 15:15:00+05:30,964.7000122070312,965.0499877929688,963.8499755859376,964.6500244140624,964.6500244140624,1338627,15,Tuesday,-0.7071067811865471,-0.7071067811865479
2024-05-15 09:15:00+05:30,967.8499755859376,972.8499755859376,958.0,960.0499877929688,960.0499877929688,0,9,Wednesday,0.7071067811865476,-0.7071067811865475
2024-05-15 10:15:00+05:30,959.75,960.2000122070312,953.3499755859376,956.9000244140624,956.9000244140624,2567315,10,Wednesday,0.49999999999999994,-0.8660254037844387
2024-05-15 11:15:00+05:30,956.9000244140624,958.4500122070312,954.5,954.5499877929688,954.5499877929688,1402143,11,Wednesday,0.258819045102521,-0.9659258262890682
2024-05-15 12:15:00+05:30,954.5499877929688,955.2999877929688,949.5499877929688,950.75,950.75,3168176,12,Wednesday,1.2246467991473532e-16,-1.0
2024-05-15 13:15:00+05:30,950.75,952.25,949.5999755859376,951.5,951.5,1891011,13,Wednesday,-0.2588190451025208,-0.9659258262890683
2024-05-15 14:15:00+05:30,951.4000244140624,951.75,946.5,947.5999755859376,947.5999755859376,3321705,14,Wednesday,-0.4999999999999997,-0.8660254037844388
2024-05-15 15:15:00+05:30,947.5,947.5999755859376,945.1500244140624,946.0,946.0,1997319,15,Wednesday,-0.7071067811865471,-0.7071067811865479
2024-05-16 09:15:00+05:30,953.2000122070312,953.2000122070312,934.0,939.2999877929688,939.2999877929688,6990289,9,Thursday,0.7071067811865476,-0.7071067811865475
2024-05-16 10:15:00+05:30,939.4500122070312,941.5,930.5499877929688,931.0,931.0,3659588,10,Thursday,0.49999999999999994,-0.8660254037844387
2024-05-16 11:15:00+05:30,930.9500122070312,934.1500244140624,927.0,933.9000244140624,933.9000244140624,3717540,11,Thursday,0.258819045102521,-0.9659258262890682
2024-05-16 12:15:00+05:30,933.9000244140624,934.3499755859376,923.3499755859376,924.9500122070312,924.9500122070312,3985348,12,Thursday,1.2246467991473532e-16,-1.0
2024-05-16 13:15:00+05:30,924.9500122070312,925.5999755859376,919.0,921.6500244140624,921.6500244140624,4644361,13,Thursday,-0.2588190451025208,-0.9659258262890683
2024-05-16 14:15:00+05:30,921.5999755859376,937.4500122070312,921.5999755859376,937.2000122070312,937.2000122070312,6122351,14,Thursday,-0.4999999999999997,-0.8660254037844388
2024-05-16 15:15:00+05:30,937.0999755859376,940.0,936.5,939.0,939.0,2116404,15,Thursday,-0.7071067811865471,-0.7071067811865479
2024-05-17 09:15:00+05:30,943.7999877929688,953.2999877929688,941.9500122070312,942.6500244140624,942.6500244140624,0,9,Friday,0.7071067811865476,-0.7071067811865475
2024-05-17 10:15:00+05:30,942.5999755859376,948.5,941.0499877929688,947.8499755859376,947.8499755859376,1873754,10,Friday,0.49999999999999994,-0.8660254037844387
2024-05-17 11:15:00+05:30,947.5999755859376,947.8499755859376,944.5999755859376,944.8499755859376,944.8499755859376,953267,11,Friday,0.258819045102521,-0.9659258262890682
2024-05-17 12:15:00+05:30,944.5999755859376,947.0499877929688,944.0,945.3499755859376,945.3499755859376,987629,12,Friday,1.2246467991473532e-16,-1.0
2024-05-17 13:15:00+05:30,945.5,947.2999877929688,945.2000122070312,946.0,946.0,790983,13,Friday,-0.2588190451025208,-0.9659258262890683
2024-05-17 14:15:00+05:30,945.9500122070312,949.1500244140624,945.0499877929688,946.75,946.75,1636898,14,Friday,-0.4999999999999997,-0.8660254037844388
2024-05-17 15:15:00+05:30,946.7000122070312,946.8499755859376,944.2999877929688,945.0,945.0,1054451,15,Friday,-0.7071067811865471,-0.7071067811865479
2024-05-21 09:15:00+05:30,955.7999877929688,955.7999877929688,948.7000122070312,951.0499877929688,951.0499877929688,965267,9,Tuesday,0.7071067811865476,-0.7071067811865475
2024-05-21 10:15:00+05:30,951.0499877929688,955.0,950.5999755859376,954.6500244140624,954.6500244140624,1679134,10,Tuesday,0.49999999999999994,-0.8660254037844387
2024-05-21 11:15:00+05:30,954.6500244140624,954.7000122070312,952.0499877929688,952.0499877929688,952.0499877929688,913211,11,Tuesday,0.258819045102521,-0.9659258262890682
2024-05-21 12:15:00+05:30,952.0999755859376,956.5499877929688,951.7000122070312,954.0,954.0,1162386,12,Tuesday,1.2246467991473532e-16,-1.0
2024-05-21 13:15:00+05:30,953.9500122070312,954.7000122070312,951.0999755859376,951.6500244140624,951.6500244140624,822886,13,Tuesday,-0.2588190451025208,-0.9659258262890683
2024-05-21 14:15:00+05:30,951.7999877929688,952.5999755859376,950.0,950.9500122070312,950.9500122070312,1676757,14,Tuesday,-0.4999999999999997,-0.8660254037844388
2024-05-21 15:15:00+05:30,950.9500122070312,951.5,950.5,951.2999877929688,951.2999877929688,899121,15,Tuesday,-0.7071067811865471,-0.7071067811865479
2024-05-22 09:15:00+05:30,953.7999877929688,954.7999877929688,942.5999755859376,949.0,949.0,0,9,Wednesday,0.7071067811865476,-0.7071067811865475
2024-05-22 10:15:00+05:30,949.0,952.7999877929688,947.0499877929688,951.8499755859376,951.8499755859376,1379437,10,Wednesday,0.49999999999999994,-0.8660254037844387
2024-05-22 11:15:00+05:30,951.8499755859376,953.0,949.75,951.7000122070312,951.7000122070312,953499,11,Wednesday,0.258819045102521,-0.9659258262890682
2024-05-22 12:15:00+05:30,951.7000122070312,952.25,949.0,949.7000122070312,949.7000122070312,834428,12,Wednesday,1.2246467991473532e-16,-1.0
2024-05-22 13:15:00+05:30,949.7000122070312,950.7000122070312,947.8499755859376,948.5,948.5,920248,13,Wednesday,-0.2588190451025208,-0.9659258262890683
2024-05-22 14:15:00+05:30,948.4000244140624,949.2999877929688,945.0999755859376,947.0499877929688,947.0499877929688,1609598,14,Wednesday,-0.4999999999999997,-0.8660254037844388
2024-05-22 15:15:00+05:30,946.9000244140624,948.2000122070312,946.8499755859376,948.0,948.0,565962,15,Wednesday,-0.7071067811865471,-0.7071067811865479
2024-05-23 09:15:00+05:30,951.4000244140624,951.4000244140624,945.0999755859376,948.7999877929688,948.7999877929688,0,9,Thursday,0.7071067811865476,-0.7071067811865475
2024-05-23 10:15:00+05:30,948.7999877929688,949.4500122070312,946.6500244140624,947.6500244140624,947.6500244140624,938937,10,Thursday,0.49999999999999994,-0.8660254037844387
2024-05-23 11:15:00+05:30,947.5999755859376,952.4500122070312,947.2999877929688,950.9500122070312,950.9500122070312,1223617,11,Thursday,0.258819045102521,-0.9659258262890682
2024-05-23 12:15:00+05:30,951.0,954.9500122070312,950.7000122070312,951.75,951.75,1420425,12,Thursday,1.2246467991473532e-16,-1.0
2024-05-23 13:15:00+05:30,951.9500122070312,961.8499755859376,951.0,961.5999755859376,961.5999755859376,2392615,13,Thursday,-0.2588190451025208,-0.9659258262890683
2024-05-23 14:15:00+05:30,961.4000244140624,963.2999877929688,958.7000122070312,962.9500122070312,962.9500122070312,2811579,14,Thursday,-0.4999999999999997,-0.8660254037844388
2024-05-23 15:15:00+05:30,962.7999877929688,962.9500122070312,961.0499877929688,962.0,962.0,829494,15,Thursday,-0.7071067811865471,-0.7071067811865479
2024-05-24 09:15:00+05:30,961.9500122070312,969.7000122070312,959.3499755859376,964.7999877929688,964.7999877929688,0,9,Friday,0.7071067811865476,-0.7071067811865475
2024-05-24 10:15:00+05:30,964.7999877929688,970.5,964.5499877929688,969.2000122070312,969.2000122070312,1821491,10,Friday,0.49999999999999994,-0.8660254037844387
2024-05-24 11:15:00+05:30,969.1500244140624,970.5,965.4000244140624,966.0999755859376,966.0999755859376,1021005,11,Friday,0.258819045102521,-0.9659258262890682
2024-05-24 12:15:00+05:30,966.2999877929688,969.0,965.1500244140624,966.5999755859376,966.5999755859376,695945,12,Friday,1.2246467991473532e-16,-1.0
2024-05-24 13:15:00+05:30,966.5,970.8499755859376,966.3499755859376,968.2000122070312,968.2000122070312,1007691,13,Friday,-0.2588190451025208,-0.9659258262890683
2024-05-24 14:15:00+05:30,968.0999755859376,968.4000244140624,960.0499877929688,960.2000122070312,960.2000122070312,1540549,14,Friday,-0.4999999999999997,-0.8660254037844388
2024-05-24 15:15:00+05:30,960.4000244140624,961.0,958.0999755859376,959.5,959.5,834383,15,Friday,-0.7071067811865471,-0.7071067811865479
2024-05-27 09:15:00+05:30,964.75,965.9000244140624,952.2000122070312,957.25,957.25,0,9,Monday,0.7071067811865476,-0.7071067811865475
2024-05-27 10:15:00+05:30,957.0499877929688,962.7000122070312,956.0999755859376,961.7999877929688,961.7999877929688,933663,10,Monday,0.49999999999999994,-0.8660254037844387
2024-05-27 11:15:00+05:30,961.6500244140624,964.5,961.5,963.1500244140624,963.1500244140624,854322,11,Monday,0.258819045102521,-0.9659258262890682
2024-05-27 12:15:00+05:30,963.0,963.9000244140624,961.25,962.0,962.0,528235,12,Monday,1.2246467991473532e-16,-1.0
2024-05-27 13:15:00+05:30,962.0,963.7000122070312,961.3499755859376,962.9000244140624,962.9000244140624,565971,13,Monday,-0.2588190451025208,-0.9659258262890683
2024-05-27 14:15:00+05:30,963.0,963.4000244140624,957.0,958.0,958.0,1070330,14,Monday,-0.4999999999999997,-0.8660254037844388
2024-05-27 15:15:00+05:30,958.0,959.7000122070312,957.7999877929688,958.5,958.5,303102,15,Monday,-0.7071067811865471,-0.7071067811865479
2024-05-28 09:15:00+05:30,957.7000122070312,961.9000244140624,952.5999755859376,954.9000244140624,954.9000244140624,0,9,Tuesday,0.7071067811865476,-0.7071067811865475
2024-05-28 10:15:00+05:30,954.9500122070312,958.0,954.0,957.2000122070312,957.2000122070312,642763,10,Tuesday,0.49999999999999994,-0.8660254037844387
2024-05-28 11:15:00+05:30,957.5,957.8499755859376,948.9500122070312,948.9500122070312,948.9500122070312,1032650,11,Tuesday,0.258819045102521,-0.9659258262890682
2024-05-28 12:15:00+05:30,948.5999755859376,952.0999755859376,946.0,950.5499877929688,950.5499877929688,939638,12,Tuesday,1.2246467991473532e-16,-1.0
2024-05-28 13:15:00+05:30,950.5499877929688,951.7999877929688,948.3499755859376,949.8499755859376,949.8499755859376,603539,13,Tuesday,-0.2588190451025208,-0.9659258262890683
2024-05-28 14:15:00+05:30,950.0499877929688,951.9000244140624,947.0499877929688,947.6500244140624,947.6500244140624,1371162,14,Tuesday,-0.4999999999999997,-0.8660254037844388
2024-05-28 15:15:00+05:30,947.6500244140624,947.9500122070312,946.25,947.5,947.5,669775,15,Tuesday,-0.7071067811865471,-0.7071067811865479
2024-05-29 09:15:00+05:30,945.0,946.2999877929688,938.9000244140624,940.5499877929688,940.5499877929688,0,9,Wednesday,0.7071067811865476,-0.7071067811865475
2024-05-29 10:15:00+05:30,940.5,945.9500122070312,939.7999877929688,943.5499877929688,943.5499877929688,1111597,10,Wednesday,0.49999999999999994,-0.8660254037844387
2024-05-29 11:15:00+05:30,943.5499877929688,946.75,942.2000122070312,946.0,946.0,781731,11,Wednesday,0.258819045102521,-0.9659258262890682
2024-05-29 12:15:00+05:30,946.0,946.75,942.5499877929688,945.9500122070312,945.9500122070312,926978,12,Wednesday,1.2246467991473532e-16,-1.0
2024-05-29 13:15:00+05:30,945.9500122070312,950.3499755859376,945.5,947.8499755859376,947.8499755859376,970037,13,Wednesday,-0.2588190451025208,-0.9659258262890683
2024-05-29 14:15:00+05:30,947.75,948.75,942.4000244140624,942.9000244140624,942.9000244140624,1297426,14,Wednesday,-0.4999999999999997,-0.8660254037844388
2024-05-29 15:15:00+05:30,942.9000244140624,944.0,942.0999755859376,943.5,943.5,881443,15,Wednesday,-0.7071067811865471,-0.7071067811865479
2024-05-30 09:15:00+05:30,944.8499755859376,951.3499755859376,938.0,938.25,938.25,0,9,Thursday,0.7071067811865476,-0.7071067811865475
2024-05-30 10:15:00+05:30,938.25,941.9000244140624,937.4000244140624,937.7999877929688,937.7999877929688,1109174,10,Thursday,0.49999999999999994,-0.8660254037844387
2024-05-30 11:15:00+05:30,937.75,938.25,933.0999755859376,934.6500244140624,934.6500244140624,1099264,11,Thursday,0.258819045102521,-0.9659258262890682
2024-05-30 12:15:00+05:30,934.6500244140624,936.0,933.2000122070312,933.6500244140624,933.6500244140624,736369,12,Thursday,1.2246467991473532e-16,-1.0
2024-05-30 13:15:00+05:30,933.6500244140624,934.2000122070312,930.0,930.2000122070312,930.2000122070312,1452989,13,Thursday,-0.2588190451025208,-0.9659258262890683
2024-05-30 14:15:00+05:30,930.0999755859376,931.5,922.7000122070312,922.9500122070312,922.9500122070312,2523384,14,Thursday,-0.4999999999999997,-0.8660254037844388
2024-05-30 15:15:00+05:30,923.0499877929688,929.4500122070312,921.2000122070312,929.3499755859376,929.3499755859376,1480302,15,Thursday,-0.7071067811865471,-0.7071067811865479
2024-05-31 09:15:00+05:30,933.3499755859376,937.2000122070312,923.9500122070312,930.1500244140624,930.1500244140624,2832063,9,Friday,0.7071067811865476,-0.7071067811865475
2024-05-31 10:15:00+05:30,929.8499755859376,932.0,925.9000244140624,928.7000122070312,928.7000122070312,1225877,10,Friday,0.49999999999999994,-0.8660254037844387
2024-05-31 11:15:00+05:30,928.5499877929688,930.6500244140624,927.0,928.8499755859376,928.8499755859376,1059233,11,Friday,0.258819045102521,-0.9659258262890682
2024-05-31 12:15:00+05:30,928.75,929.7000122070312,927.0,927.7000122070312,927.7000122070312,850828,12,Friday,1.2246467991473532e-16,-1.0
2024-05-31 13:15:00+05:30,927.7000122070312,930.4500122070312,926.3499755859376,927.2999877929688,927.2999877929688,1785232,13,Friday,-0.2588190451025208,-0.9659258262890683
2024-05-31 14:15:00+05:30,927.2999877929688,927.4000244140624,920.2999877929688,922.9000244140624,922.9000244140624,4307022,14,Friday,-0.4999999999999997,-0.8660254037844388
2024-05-31 15:15:00+05:30,922.7000122070312,924.75,922.5999755859376,924.5,924.5,2225762,15,Friday,-0.7071067811865471,-0.7071067811865479
2024-06-03 09:15:00+05:30,962.8499755859376,962.8499755859376,943.5999755859376,946.7999877929688,946.7999877929688,0,9,Monday,0.7071067811865476,-0.7071067811865475
2024-06-03 10:15:00+05:30,946.75,947.25,934.0499877929688,937.0999755859376,937.0999755859376,2249877,10,Monday,0.49999999999999994,-0.8660254037844387
2024-06-03 11:15:00+05:30,936.9000244140624,946.4500122070312,935.7000122070312,945.7999877929688,945.7999877929688,1604075,11,Monday,0.258819045102521,-0.9659258262890682
2024-06-03 12:15:00+05:30,945.9500122070312,948.5,944.9000244140624,948.0,948.0,1212219,12,Monday,1.2246467991473532e-16,-1.0
2024-06-03 13:15:00+05:30,948.2000122070312,952.5,944.0499877929688,951.0,951.0,1612817,13,Monday,-0.2588190451025208,-0.9659258262890683
2024-06-03 14:15:00+05:30,951.0,952.4000244140624,948.4500122070312,950.7999877929688,950.7999877929688,1263184,14,Monday,-0.4999999999999997,-0.8660254037844388
2024-06-03 15:15:00+05:30,950.7999877929688,951.7999877929688,950.0999755859376,951.5,951.5,593613,15,Monday,-0.7071067811865471,-0.7071067811865479
2024-06-04 09:15:00+05:30,936.6500244140624,939.4000244140624,905.2000122070312,930.9500122070312,930.9500122070312,0,9,Tuesday,0.7071067811865476,-0.7071067811865475
2024-06-04 10:15:00+05:30,930.6500244140624,932.9500122070312,900.0,900.25,900.25,3324210,10,Tuesday,0.49999999999999994,-0.8660254037844387
2024-06-04 11:15:00+05:30,900.25,909.7000122070312,860.0,865.4500122070312,865.4500122070312,4824121,11,Tuesday,0.258819045102521,-0.9659258262890682
2024-06-04 12:15:00+05:30,865.5499877929688,902.0,855.4000244140625,901.3499755859376,901.3499755859376,4632865,12,Tuesday,1.2246467991473532e-16,-1.0
2024-06-04 13:15:00+05:30,901.5499877929688,923.5499877929688,896.0499877929688,908.2000122070312,908.2000122070312,3859954,13,Tuesday,-0.2588190451025208,-0.9659258262890683
2024-06-04 14:15:00+05:30,908.2000122070312,909.7000122070312,897.25,907.7000122070312,907.7000122070312,3456177,14,Tuesday,-0.4999999999999997,-0.8660254037844388
2024-06-04 15:15:00+05:30,907.6500244140624,908.9500122070312,902.25,904.9500122070312,904.9500122070312,938651,15,Tuesday,-0.7071067811865471,-0.7071067811865479
2024-06-05 09:15:00+05:30,919.0999755859376,922.0,890.0999755859375,910.75,910.75,0,9,Wednesday,0.7071067811865476,-0.7071067811865475
2024-06-05 10:15:00+05:30,910.75,921.4000244140624,905.5,919.9500122070312,919.9500122070312,1895343,10,Wednesday,0.49999999999999994,-0.8660254037844387
2024-06-05 11:15:00+05:30,920.0,924.5499877929688,912.0999755859376,919.4500122070312,919.4500122070312,1567440,11,Wednesday,0.258819045102521,-0.9659258262890682
2024-06-05 12:15:00+05:30,919.4000244140624,926.6500244140624,914.2999877929688,923.7000122070312,923.7000122070312,1259772,12,Wednesday,1.2246467991473532e-16,-1.0
2024-06-05 13:15:00+05:30,923.6500244140624,933.6500244140624,921.7999877929688,928.0,928.0,1896675,13,Wednesday,-0.2588190451025208,-0.9659258262890683
2024-06-05 14:15:00+05:30,928.0,933.0,924.5,931.8499755859376,931.8499755859376,1642482,14,Wednesday,-0.4999999999999997,-0.8660254037844388
2024-06-05 15:15:00+05:30,931.5,932.25,927.0,927.7999877929688,927.7999877929688,859956,15,Wednesday,-0.7071067811865471,-0.7071067811865479
2024-06-06 09:15:00+05:30,935.0,943.0,931.8499755859376,939.0999755859376,939.0999755859376,0,9,Thursday,0.7071067811865476,-0.7071067811865475
2024-06-06 10:15:00+05:30,939.5,946.0,939.0999755859376,945.0499877929688,945.0499877929688,1938151,10,Thursday,0.49999999999999994,-0.8660254037844387
2024-06-06 11:15:00+05:30,945.0999755859376,945.1500244140624,935.25,939.7000122070312,939.7000122070312,1686628,11,Thursday,0.258819045102521,-0.9659258262890682
2024-06-06 12:15:00+05:30,939.7000122070312,940.6500244140624,934.3499755859376,937.7999877929688,937.7999877929688,1049385,12,Thursday,1.2246467991473532e-16,-1.0
2024-06-06 13:15:00+05:30,937.75,940.75,936.0499877929688,937.7000122070312,937.7000122070312,1029367,13,Thursday,-0.2588190451025208,-0.9659258262890683
2024-06-06 14:15:00+05:30,938.2000122070312,939.0,933.8499755859376,938.25,938.25,1966156,14,Thursday,-0.4999999999999997,-0.8660254037844388
2024-06-06 15:15:00+05:30,938.2000122070312,939.5,937.2999877929688,939.5,939.5,866647,15,Thursday,-0.7071067811865471,-0.7071067811865479
2024-06-07 09:15:00+05:30,940.0999755859376,949.0,935.3499755859376,947.0999755859376,947.0999755859376,0,9,Friday,0.7071067811865476,-0.7071067811865475
2024-06-07 10:15:00+05:30,947.5,950.0,945.7000122070312,949.0,949.0,1157011,10,Friday,0.49999999999999994,-0.8660254037844387
2024-06-07 11:15:00+05:30,949.0,954.9000244140624,947.5,954.5,954.5,1754009,11,Friday,0.258819045102521,-0.9659258262890682
2024-06-07 12:15:00+05:30,954.5,965.0,952.0999755859376,960.75,960.75,3175191,12,Friday,1.2246467991473532e-16,-1.0
2024-06-07 13:15:00+05:30,960.4500122070312,963.7000122070312,957.4000244140624,963.4000244140624,963.4000244140624,1612185,13,Friday,-0.2588190451025208,-0.9659258262890683
2024-06-07 14:15:00+05:30,963.2999877929688,973.0,963.2000122070312,971.0,971.0,4803873,14,Friday,-0.4999999999999997,-0.8660254037844388
2024-06-07 15:15:00+05:30,971.0999755859376,971.9000244140624,969.0999755859376,970.0,970.0,1231578,15,Friday,-0.7071067811865471,-0.7071067811865479
2024-06-10 09:15:00+05:30,976.9500122070312,984.8499755859376,972.2000122070312,976.5,976.5,0,9,Monday,0.7071067811865476,-0.7071067811865475
2024-06-10 10:15:00+05:30,976.4000244140624,978.3499755859376,973.1500244140624,974.2000122070312,974.2000122070312,1113769,10,Monday,0.49999999999999994,-0.8660254037844387
2024-06-10 11:15:00+05:30,974.4000244140624,975.9500122070312,972.5999755859376,972.9000244140624,972.9000244140624,567903,11,Monday,0.258819045102521,-0.9659258262890682
2024-06-10 12:15:00+05:30,973.0,974.5,970.5999755859376,972.4500122070312,972.4500122070312,748331,12,Monday,1.2246467991473532e-16,-1.0
2024-06-10 13:15:00+05:30,972.5,974.0,972.0999755859376,973.7999877929688,973.7999877929688,481954,13,Monday,-0.2588190451025208,-0.9659258262890683
2024-06-10 14:15:00+05:30,973.6500244140624,976.5999755859376,969.0999755859376,974.2000122070312,974.2000122070312,1493795,14,Monday,-0.4999999999999997,-0.8660254037844388
2024-06-10 15:15:00+05:30,974.2000122070312,975.6500244140624,973.25,974.5,974.5,586712,15,Monday,-0.7071067811865471,-0.7071067811865479
2024-06-11 09:15:00+05:30,972.4000244140624,988.4000244140624,966.6500244140624,987.5999755859376,987.5999755859376,0,9,Tuesday,0.7071067811865476,-0.7071067811865475
2024-06-11 10:15:00+05:30,987.6500244140624,991.25,985.1500244140624,988.1500244140624,988.1500244140624,3132935,10,Tuesday,0.49999999999999994,-0.8660254037844387
2024-06-11 11:15:00+05:30,988.2999877929688,989.2000122070312,986.25,987.4000244140624,987.4000244140624,805056,11,Tuesday,0.258819045102521,-0.9659258262890682
2024-06-11 12:15:00+05:30,987.4500122070312,988.5,983.9000244140624,987.5,987.5,1345069,12,Tuesday,1.2246467991473532e-16,-1.0
2024-06-11 13:15:00+05:30,987.7000122070312,989.9000244140624,984.5499877929688,985.2999877929688,985.2999877929688,1269495,13,Tuesday,-0.2588190451025208,-0.9659258262890683
2024-06-11 14:15:00+05:30,985.4000244140624,992.4500122070312,983.5,987.4000244140624,987.4000244140624,2807331,14,Tuesday,-0.4999999999999997,-0.8660254037844388
2024-06-11 15:15:00+05:30,987.4000244140624,987.5,985.0999755859376,986.5,986.5,724550,15,Tuesday,-0.7071067811865471,-0.7071067811865479
2024-06-12 09:15:00+05:30,994.0,1010.0999755859376,990.75,1000.5999755859376,1000.5999755859376,0,9,Wednesday,0.7071067811865476,-0.7071067811865475
2024-06-12 10:15:00+05:30,1000.7000122070312,1002.6500244140624,993.3499755859376,995.5499877929688,995.5499877929688,2186685,10,Wednesday,0.49999999999999994,-0.8660254037844387
2024-06-12 11:15:00+05:30,995.5499877929688,996.4000244140624,991.7999877929688,993.7999877929688,993.7999877929688,1383439,11,Wednesday,0.258819045102521,-0.9659258262890682
2024-06-12 12:15:00+05:30,993.8499755859376,995.0999755859376,990.0499877929688,991.9500122070312,991.9500122070312,1430636,12,Wednesday,1.2246467991473532e-16,-1.0
2024-06-12 13:15:00+05:30,992.0,992.5,987.0,992.25,992.25,1513920,13,Wednesday,-0.2588190451025208,-0.9659258262890683
2024-06-12 14:15:00+05:30,991.75,991.9500122070312,987.5,988.7999877929688,988.7999877929688,2168390,14,Wednesday,-0.4999999999999997,-0.8660254037844388
2024-06-12 15:15:00+05:30,988.9500122070312,989.8499755859376,988.1500244140624,989.2999877929688,989.2999877929688,1204851,15,Wednesday,-0.7071067811865471,-0.7071067811865479
2024-06-13 09:15:00+05:30,999.75,999.75,988.7000122070312,991.2999877929688,991.2999877929688,0,9,Thursday,0.7071067811865476,-0.7071067811865475
2024-06-13 10:15:00+05:30,991.25,993.9000244140624,983.5999755859376,983.5999755859376,983.5999755859376,1382277,10,Thursday,0.49999999999999994,-0.8660254037844387
2024-06-13 11:15:00+05:30,983.9500122070312,988.7000122070312,980.7999877929688,987.9000244140624,987.9000244140624,1555229,11,Thursday,0.258819045102521,-0.9659258262890682
2024-06-13 12:15:00+05:30,987.9000244140624,990.6500244140624,984.0999755859376,987.7999877929688,987.7999877929688,1208891,12,Thursday,1.2246467991473532e-16,-1.0
2024-06-13 13:15:00+05:30,987.7000122070312,988.5,984.7000122070312,985.2000122070312,985.2000122070312,799022,13,Thursday,-0.2588190451025208,-0.9659258262890683
2024-06-13 14:15:00+05:30,985.1500244140624,990.9500122070312,983.3499755859376,985.8499755859376,985.8499755859376,3154283,14,Thursday,-0.4999999999999997,-0.8660254037844388
2024-06-13 15:15:00+05:30,985.8499755859376,986.25,985.1500244140624,985.5,985.5,1064920,15,Thursday,-0.7071067811865471,-0.7071067811865479
2024-06-14 09:15:00+05:30,987.5,991.9500122070312,981.4500122070312,985.0499877929688,985.0499877929688,0,9,Friday,0.7071067811865476,-0.7071067811865475
2024-06-14 10:15:00+05:30,985.0,991.8499755859376,984.5,989.9000244140624,989.9000244140624,1655102,10,Friday,0.49999999999999994,-0.8660254037844387
2024-06-14 11:15:00+05:30,989.7000122070312,990.5,988.25,989.4500122070312,989.4500122070312,596030,11,Friday,0.258819045102521,-0.9659258262890682
2024-06-14 12:15:00+05:30,989.5999755859376,990.9500122070312,988.25,989.5499877929688,989.5499877929688,756479,12,Friday,1.2246467991473532e-16,-1.0
2024-06-14 13:15:00+05:30,989.5999755859376,995.8499755859376,987.1500244140624,993.2999877929688,993.2999877929688,1752447,13,Friday,-0.2588190451025208,-0.9659258262890683
2024-06-14 14:15:00+05:30,993.5,997.25,993.1500244140624,993.2999877929688,993.2999877929688,2741369,14,Friday,-0.4999999999999997,-0.8660254037844388
2024-06-14 15:15:00+05:30,993.0499877929688,993.75,991.5,992.2000122070312,992.2000122070312,772970,15,Friday,-0.7071067811865471,-0.7071067811865479
2024-06-18 09:15:00+05:30,997.7000122070312,1003.5,994.0,994.3499755859376,994.3499755859376,0,9,Tuesday,0.7071067811865476,-0.7071067811865475
2024-06-18 10:15:00+05:30,994.25,996.4500122070312,991.0999755859376,993.4500122070312,993.4500122070312,1427966,10,Tuesday,0.49999999999999994,-0.8660254037844387
2024-06-18 11:15:00+05:30,993.4000244140624,993.9500122070312,985.7000122070312,989.0499877929688,989.0499877929688,1315221,11,Tuesday,0.258819045102521,-0.9659258262890682
2024-06-18 12:15:00+05:30,989.0499877929688,990.7000122070312,987.0,989.0,989.0,885592,12,Tuesday,1.2246467991473532e-16,-1.0
2024-06-18 13:15:00+05:30,988.9000244140624,989.2999877929688,986.0499877929688,986.0999755859376,986.0999755859376,590023,13,Tuesday,-0.2588190451025208,-0.9659258262890683
2024-06-18 14:15:00+05:30,986.0999755859376,987.4500122070312,984.0,985.9000244140624,985.9000244140624,1537950,14,Tuesday,-0.4999999999999997,-0.8660254037844388
2024-06-18 15:15:00+05:30,985.8499755859376,986.7000122070312,985.0499877929688,986.4000244140624,986.4000244140624,776513,15,Tuesday,-0.7071067811865471,-0.7071067811865479
2024-06-19 09:15:00+05:30,991.8499755859376,994.8499755859376,982.0,983.1500244140624,983.1500244140624,0,9,Wednesday,0.7071067811865476,-0.7071067811865475
2024-06-19 10:15:00+05:30,983.2000122070312,985.9500122070312,978.0,984.5999755859376,984.5999755859376,1412208,10,Wednesday,0.49999999999999994,-0.8660254037844387
2024-06-19 11:15:00+05:30,984.6500244140624,987.3499755859376,982.25,982.8499755859376,982.8499755859376,598520,11,Wednesday,0.258819045102521,-0.9659258262890682
2024-06-19 12:15:00+05:30,983.0499877929688,985.75,980.0499877929688,981.8499755859376,981.8499755859376,602351,12,Wednesday,1.2246467991473532e-16,-1.0
2024-06-19 13:15:00+05:30,981.8499755859376,983.0,979.3499755859376,980.5999755859376,980.5999755859376,635370,13,Wednesday,-0.2588190451025208,-0.9659258262890683
2024-06-19 14:15:00+05:30,980.9000244140624,981.5499877929688,976.25,976.2999877929688,976.2999877929688,1134269,14,Wednesday,-0.4999999999999997,-0.8660254037844388
2024-06-19 15:15:00+05:30,976.2999877929688,977.7000122070312,975.25,977.6500244140624,977.6500244140624,576810,15,Wednesday,-0.7071067811865471,-0.7071067811865479
2024-06-20 09:15:00+05:30,980.9000244140624,988.0,978.1500244140624,983.5,983.5,0,9,Thursday,0.7071067811865476,-0.7071067811865475
2024-06-20 10:15:00+05:30,983.3499755859376,985.25,981.5,984.0,984.0,627938,10,Thursday,0.49999999999999994,-0.8660254037844387
2024-06-20 11:15:00+05:30,984.0,984.7000122070312,981.9500122070312,982.6500244140624,982.6500244140624,453007,11,Thursday,0.258819045102521,-0.9659258262890682
2024-06-20 12:15:00+05:30,982.6500244140624,982.9000244140624,976.7999877929688,978.5,978.5,846643,12,Thursday,1.2246467991473532e-16,-1.0
2024-06-20 13:15:00+05:30,978.5,982.0,978.25,979.9000244140624,979.9000244140624,807847,13,Thursday,-0.2588190451025208,-0.9659258262890683
2024-06-20 14:15:00+05:30,980.0,981.0,977.5,978.6500244140624,978.6500244140624,893350,14,Thursday,-0.4999999999999997,-0.8660254037844388
2024-06-20 15:15:00+05:30,978.75,979.9000244140624,977.0,979.0999755859376,979.0999755859376,619805,15,Thursday,-0.7071067811865471,-0.7071067811865479
2024-06-21 09:15:00+05:30,979.0,980.7999877929688,966.7999877929688,972.25,972.25,0,9,Friday,0.7071067811865476,-0.7071067811865475
2024-06-21 10:15:00+05:30,972.2000122070312,975.5,969.0999755859376,972.2000122070312,972.2000122070312,1148521,10,Friday,0.49999999999999994,-0.8660254037844387
2024-06-21 11:15:00+05:30,972.1500244140624,974.2999877929688,970.5499877929688,972.5499877929688,972.5499877929688,668265,11,Friday,0.258819045102521,-0.9659258262890682
2024-06-21 12:15:00+05:30,972.7000122070312,972.75,961.4500122070312,964.4000244140624,964.4000244140624,1471555,12,Friday,1.2246467991473532e-16,-1.0
2024-06-21 13:15:00+05:30,964.75,966.9500122070312,961.4000244140624,966.75,966.75,1442695,13,Friday,-0.2588190451025208,-0.9659258262890683
2024-06-21 14:15:00+05:30,966.75,967.6500244140624,959.0499877929688,959.5999755859376,959.5999755859376,4276652,14,Friday,-0.4999999999999997,-0.8660254037844388
2024-06-21 15:15:00+05:30,959.5499877929688,960.5499877929688,958.25,960.0,960.0,2031176,15,Friday,-0.7071067811865471,-0.7071067811865479
2024-06-24 09:15:00+05:30,959.9500122070312,960.4500122070312,950.2000122070312,957.8499755859376,957.8499755859376,0,9,Monday,0.7071067811865476,-0.7071067811865475
2024-06-24 10:15:00+05:30,958.2000122070312,962.7000122070312,955.25,960.1500244140624,960.1500244140624,814071,10,Monday,0.49999999999999994,-0.8660254037844387
2024-06-24 11:15:00+05:30,960.5,963.5,958.0,961.5,961.5,857085,11,Monday,0.258819045102521,-0.9659258262890682
2024-06-24 12:15:00+05:30,961.25,961.7000122070312,958.5,960.75,960.75,502258,12,Monday,1.2246467991473532e-16,-1.0
2024-06-24 13:15:00+05:30,960.7999877929688,962.8499755859376,957.2000122070312,957.7000122070312,957.7000122070312,610015,13,Monday,-0.2588190451025208,-0.9659258262890683
2024-06-24 14:15:00+05:30,957.8499755859376,959.3499755859376,956.5,958.5499877929688,958.5499877929688,903753,14,Monday,-0.4999999999999997,-0.8660254037844388
2024-06-24 15:15:00+05:30,958.7000122070312,959.0,957.3499755859376,959.0,959.0,540283,15,Monday,-0.7071067811865471,-0.7071067811865479
2024-06-25 09:15:00+05:30,960.4000244140624,962.8499755859376,954.0999755859376,955.0,955.0,0,9,Tuesday,0.7071067811865476,-0.7071067811865475
2024-06-25 10:15:00+05:30,954.9500122070312,956.0,950.0,951.7000122070312,951.7000122070312,1187473,10,Tuesday,0.49999999999999994,-0.8660254037844387
2024-06-25 11:15:00+05:30,951.4000244140624,953.9000244140624,949.5,951.8499755859376,951.8499755859376,1242999,11,Tuesday,0.258819045102521,-0.9659258262890682
2024-06-25 12:15:00+05:30,951.7999877929688,954.1500244140624,951.2999877929688,953.9000244140624,953.9000244140624,693545,12,Tuesday,1.2246467991473532e-16,-1.0
2024-06-25 13:15:00+05:30,953.9000244140624,957.0,953.1500244140624,954.4500122070312,954.4500122070312,1139297,13,Tuesday,-0.2588190451025208,-0.9659258262890683
2024-06-25 14:15:00+05:30,954.5999755859376,955.8499755859376,953.2000122070312,955.5499877929688,955.5499877929688,986173,14,Tuesday,-0.4999999999999997,-0.8660254037844388
2024-06-25 15:15:00+05:30,955.5499877929688,955.6500244140624,954.2000122070312,955.5,955.5,449486,15,Tuesday,-0.7071067811865471,-0.7071067811865479
2024-06-26 09:15:00+05:30,958.3499755859376,962.2999877929688,956.25,958.2999877929688,958.2999877929688,0,9,Wednesday,0.7071067811865476,-0.7071067811865475
2024-06-26 10:15:00+05:30,958.25,960.5,957.2999877929688,959.4500122070312,959.4500122070312,650787,10,Wednesday,0.49999999999999994,-0.8660254037844387
2024-06-26 11:15:00+05:30,959.3499755859376,961.8499755859376,959.0,960.7000122070312,960.7000122070312,757658,11,Wednesday,0.258819045102521,-0.9659258262890682
2024-06-26 12:15:00+05:30,960.3499755859376,960.9000244140624,953.25,954.2000122070312,954.2000122070312,1096324,12,Wednesday,1.2246467991473532e-16,-1.0
2024-06-26 13:15:00+05:30,954.2000122070312,955.2000122070312,952.4500122070312,953.9500122070312,953.9500122070312,589004,13,Wednesday,-0.2588190451025208,-0.9659258262890683
2024-06-26 14:15:00+05:30,954.25,954.9500122070312,950.0999755859376,951.9500122070312,951.9500122070312,1242686,14,Wednesday,-0.4999999999999997,-0.8660254037844388
2024-06-26 15:15:00+05:30,951.9500122070312,952.5,951.0999755859376,952.5,952.5,642541,15,Wednesday,-0.7071067811865471,-0.7071067811865479
2024-06-27 09:15:00+05:30,953.7000122070312,956.75,951.8499755859376,953.7000122070312,953.7000122070312,0,9,Thursday,0.7071067811865476,-0.7071067811865475
2024-06-27 10:15:00+05:30,954.0,954.9000244140624,950.3499755859376,953.0,953.0,2124744,10,Thursday,0.49999999999999994,-0.8660254037844387
2024-06-27 11:15:00+05:30,952.9500122070312,954.75,951.4000244140624,953.8499755859376,953.8499755859376,1277539,11,Thursday,0.258819045102521,-0.9659258262890682
2024-06-27 12:15:00+05:30,953.8499755859376,954.9000244140624,952.3499755859376,953.7999877929688,953.7999877929688,1213267,12,Thursday,1.2246467991473532e-16,-1.0
2024-06-27 13:15:00+05:30,953.7999877929688,955.9500122070312,953.0499877929688,954.4500122070312,954.4500122070312,1732217,13,Thursday,-0.2588190451025208,-0.9659258262890683
2024-06-27 14:15:00+05:30,954.4000244140624,974.7999877929688,948.7000122070312,973.9500122070312,973.9500122070312,8471233,14,Thursday,-0.4999999999999997,-0.8660254037844388
2024-06-27 15:15:00+05:30,974.1500244140624,974.7000122070312,970.2999877929688,972.0999755859376,972.0999755859376,1884185,15,Thursday,-0.7071067811865471,-0.7071067811865479
2024-06-28 09:15:00+05:30,975.0,989.5499877929688,973.4500122070312,985.1500244140624,985.1500244140624,0,9,Friday,0.7071067811865476,-0.7071067811865475
2024-06-28 10:15:00+05:30,985.1500244140624,993.25,985.0,990.9500122070312,990.9500122070312,3212564,10,Friday,0.49999999999999994,-0.8660254037844387
2024-06-28 11:15:00+05:30,991.4000244140624,995.0,989.9500122070312,993.7999877929688,993.7999877929688,2492903,11,Friday,0.258819045102521,-0.9659258262890682
2024-06-28 12:15:00+05:30,994.0,995.4500122070312,990.0,994.7999877929688,994.7999877929688,2530883,12,Friday,1.2246467991473532e-16,-1.0
2024-06-28 13:15:00+05:30,994.7999877929688,998.5,994.0,995.0,995.0,2357644,13,Friday,-0.2588190451025208,-0.9659258262890683
2024-06-28 14:15:00+05:30,995.0,996.75,989.0,990.0999755859376,990.0999755859376,4162535,14,Friday,-0.4999999999999997,-0.8660254037844388
2024-06-28 15:15:00+05:30,990.2000122070312,990.7000122070312,986.1500244140624,989.4500122070312,989.4500122070312,1514921,15,Friday,-0.7071067811865471,-0.7071067811865479
2024-07-01 09:15:00+05:30,989.75,997.4500122070312,989.75,992.0999755859376,992.0999755859376,0,9,Monday,0.7071067811865476,-0.7071067811865475
2024-07-01 10:15:00+05:30,992.0,993.1500244140624,985.7999877929688,986.0,986.0,1531848,10,Monday,0.49999999999999994,-0.8660254037844387
2024-07-01 11:15:00+05:30,985.7999877929688,992.0,985.2000122070312,991.2999877929688,991.2999877929688,1306713,11,Monday,0.258819045102521,-0.9659258262890682
2024-07-01 12:15:00+05:30,991.2999877929688,995.9500122070312,991.2999877929688,993.75,993.75,1267701,12,Monday,1.2246467991473532e-16,-1.0
2024-07-01 13:15:00+05:30,993.5999755859376,1003.3499755859376,993.5999755859376,1003.25,1003.25,2675035,13,Monday,-0.2588190451025208,-0.9659258262890683
2024-07-01 14:15:00+05:30,1003.25,1005.5,999.25,1001.9000244140624,1001.9000244140624,3414364,14,Monday,-0.4999999999999997,-0.8660254037844388
2024-07-01 15:15:00+05:30,1002.0,1002.9000244140624,1000.0,1000.4500122070312,1000.4500122070312,1030642,15,Monday,-0.7071067811865471,-0.7071067811865479
2024-07-02 09:15:00+05:30,992.0999755859376,1005.0,984.0,988.6500244140624,988.6500244140624,0,9,Tuesday,0.7071067811865476,-0.7071067811865475
2024-07-02 10:15:00+05:30,988.5,991.1500244140624,987.5,991.1500244140624,991.1500244140624,873666,10,Tuesday,0.49999999999999994,-0.8660254037844387
2024-07-02 11:15:00+05:30,991.0999755859376,993.0,982.4500122070312,982.9000244140624,982.9000244140624,1400740,11,Tuesday,0.258819045102521,-0.9659258262890682
2024-07-02 12:15:00+05:30,982.8499755859376,985.5,979.5499877929688,982.5999755859376,982.5999755859376,2235398,12,Tuesday,1.2246467991473532e-16,-1.0
2024-07-02 13:15:00+05:30,982.6500244140624,984.0,980.4500122070312,983.9500122070312,983.9500122070312,611255,13,Tuesday,-0.2588190451025208,-0.9659258262890683
2024-07-02 14:15:00+05:30,984.0,985.9000244140624,981.0,981.5999755859376,981.5999755859376,1029824,14,Tuesday,-0.4999999999999997,-0.8660254037844388
2024-07-02 15:15:00+05:30,981.5499877929688,983.7000122070312,980.0,983.2000122070312,983.2000122070312,699390,15,Tuesday,-0.7071067811865471,-0.7071067811865479
2024-07-03 09:15:00+05:30,984.9500122070312,987.25,973.5999755859376,976.75,976.75,0,9,Wednesday,0.7071067811865476,-0.7071067811865475
2024-07-03 10:15:00+05:30,976.75,977.2999877929688,975.1500244140624,975.5,975.5,949312,10,Wednesday,0.49999999999999994,-0.8660254037844387
2024-07-03 11:15:00+05:30,975.4500122070312,979.5999755859376,974.75,979.0,979.0,583403,11,Wednesday,0.258819045102521,-0.9659258262890682
2024-07-03 12:15:00+05:30,979.1500244140624,980.2999877929688,977.0,977.7000122070312,977.7000122070312,464459,12,Wednesday,1.2246467991473532e-16,-1.0
2024-07-03 13:15:00+05:30,977.7000122070312,978.5,974.2000122070312,977.3499755859376,977.3499755859376,734401,13,Wednesday,-0.2588190451025208,-0.9659258262890683
2024-07-03 14:15:00+05:30,977.3499755859376,977.5,974.0,975.4500122070312,975.4500122070312,1133453,14,Wednesday,-0.4999999999999997,-0.8660254037844388
2024-07-03 15:15:00+05:30,975.4000244140624,977.25,974.5999755859376,976.9000244140624,976.9000244140624,688319,15,Wednesday,-0.7071067811865471,-0.7071067811865479
2024-07-04 09:15:00+05:30,980.1500244140624,996.9000244140624,980.0,991.25,991.25,3346233,9,Thursday,0.7071067811865476,-0.7071067811865475
2024-07-04 10:15:00+05:30,991.25,991.5999755859376,985.0999755859376,986.25,986.25,1399125,10,Thursday,0.49999999999999994,-0.8660254037844387
2024-07-04 11:15:00+05:30,986.25,987.7999877929688,985.25,986.2000122070312,986.2000122070312,480470,11,Thursday,0.258819045102521,-0.9659258262890682
2024-07-04 12:15:00+05:30,986.1500244140624,989.7999877929688,984.8499755859376,987.2999877929688,987.2999877929688,620153,12,Thursday,1.2246467991473532e-16,-1.0
2024-07-04 13:15:00+05:30,987.3499755859376,994.0,987.0999755859376,991.25,991.25,1114571,13,Thursday,-0.2588190451025208,-0.9659258262890683
2024-07-04 14:15:00+05:30,991.25,995.6500244140624,988.0,993.8499755859376,993.8499755859376,2335633,14,Thursday,-0.4999999999999997,-0.8660254037844388
2024-07-04 15:15:00+05:30,994.0,1004.0,992.0999755859376,1002.7999877929688,1002.7999877929688,2839817,15,Thursday,-0.7071067811865471,-0.7071067811865479
2024-07-05 09:15:00+05:30,1004.7000122070312,1006.1500244140624,995.5499877929688,1000.3499755859376,1000.3499755859376,0,9,Friday,0.7071067811865476,-0.7071067811865475
2024-07-05 10:15:00+05:30,1000.5,1001.0,995.8499755859376,996.0999755859376,996.0999755859376,909998,10,Friday,0.49999999999999994,-0.8660254037844387
2024-07-05 11:15:00+05:30,996.1500244140624,998.0,992.8499755859376,997.5,997.5,762536,11,Friday,0.258819045102521,-0.9659258262890682
2024-07-05 12:15:00+05:30,997.5999755859376,1000.25,995.6500244140624,998.25,998.25,684879,12,Friday,1.2246467991473532e-16,-1.0
2024-07-05 13:15:00+05:30,998.25,999.4000244140624,994.8499755859376,995.7000122070312,995.7000122070312,576602,13,Friday,-0.2588190451025208,-0.9659258262890683
2024-07-05 14:15:00+05:30,995.7000122070312,995.75,989.9500122070312,994.2999877929688,994.2999877929688,1969516,14,Friday,-0.4999999999999997,-0.8660254037844388
2024-07-05 15:15:00+05:30,994.25,995.25,991.0,992.9500122070312,992.9500122070312,678043,15,Friday,-0.7071067811865471,-0.7071067811865479
2024-07-08 09:15:00+05:30,1005.0,1016.5999755859376,1002.2999877929688,1003.75,1003.75,0,9,Monday,0.7071067811865476,-0.7071067811865475
2024-07-08 10:15:00+05:30,1003.4000244140624,1008.2999877929688,998.0499877929688,999.2000122070312,999.2000122070312,1672315,10,Monday,0.49999999999999994,-0.8660254037844387
2024-07-08 11:15:00+05:30,999.4000244140624,1002.5,998.0499877929688,999.5499877929688,999.5499877929688,813340,11,Monday,0.258819045102521,-0.9659258262890682
2024-07-08 12:15:00+05:30,999.4000244140624,1000.9000244140624,996.2000122070312,999.3499755859376,999.3499755859376,640780,12,Monday,1.2246467991473532e-16,-1.0
2024-07-08 13:15:00+05:30,999.2999877929688,1001.7999877929688,997.0,999.3499755859376,999.3499755859376,926958,13,Monday,-0.2588190451025208,-0.9659258262890683
2024-07-08 14:15:00+05:30,999.4000244140624,1004.4000244140624,999.0999755859376,1002.0,1002.0,1991771,14,Monday,-0.4999999999999997,-0.8660254037844388
2024-07-08 15:15:00+05:30,1001.8499755859376,1005.0,1001.0999755859376,1002.9000244140624,1002.9000244140624,915854,15,Monday,-0.7071067811865471,-0.7071067811865479
2024-07-09 09:15:00+05:30,1001.3499755859376,1011.0499877929688,999.0999755859376,1005.0499877929688,1005.0499877929688,0,9,Tuesday,0.7071067811865476,-0.7071067811865475
2024-07-09 10:15:00+05:30,1004.8499755859376,1008.4500122070312,1003.3499755859376,1006.75,1006.75,801331,10,Tuesday,0.49999999999999994,-0.8660254037844387
2024-07-09 11:15:00+05:30,1007.0,1009.4500122070312,1006.2000122070312,1009.0,1009.0,567385,11,Tuesday,0.258819045102521,-0.9659258262890682
2024-07-09 12:15:00+05:30,1008.9500122070312,1014.6500244140624,1008.3499755859376,1012.5999755859376,1012.5999755859376,1591543,12,Tuesday,1.2246467991473532e-16,-1.0
2024-07-09 13:15:00+05:30,1012.2999877929688,1015.0,1011.2000122070312,1012.75,1012.75,1306671,13,Tuesday,-0.2588190451025208,-0.9659258262890683
2024-07-09 14:15:00+05:30,1013.0,1017.0,1011.4000244140624,1015.1500244140624,1015.1500244140624,2441834,14,Tuesday,-0.4999999999999997,-0.8660254037844388
2024-07-09 15:15:00+05:30,1015.1500244140624,1015.4000244140624,1014.0,1014.7000122070312,1014.7000122070312,854501,15,Tuesday,-0.7071067811865471,-0.7071067811865479
2024-07-10 09:15:00+05:30,1012.9500122070312,1019.8499755859376,1006.5,1008.0999755859376,1008.0999755859376,4652104,9,Wednesday,0.7071067811865476,-0.7071067811865475
2024-07-10 10:15:00+05:30,1007.75,1009.7000122070312,986.3499755859376,999.25,999.25,3038066,10,Wednesday,0.49999999999999994,-0.8660254037844387
2024-07-10 11:15:00+05:30,999.5499877929688,1009.0,997.25,1003.5999755859376,1003.5999755859376,1488150,11,Wednesday,0.258819045102521,-0.9659258262890682
2024-07-10 12:15:00+05:30,1003.5999755859376,1009.0,1003.0,1006.0,1006.0,961096,12,Wednesday,1.2246467991473532e-16,-1.0
2024-07-10 13:15:00+05:30,1006.5,1008.5,998.8499755859376,1002.9500122070312,1002.9500122070312,1047656,13,Wednesday,-0.2588190451025208,-0.9659258262890683
2024-07-10 14:15:00+05:30,1002.9000244140624,1006.2999877929688,999.75,1006.2999877929688,1006.2999877929688,1326577,14,Wednesday,-0.4999999999999997,-0.8660254037844388
2024-07-10 15:15:00+05:30,1006.2999877929688,1006.75,1004.2999877929688,1006.0,1006.0,894736,15,Wednesday,-0.7071067811865471,-0.7071067811865479
2024-07-11 09:15:00+05:30,1008.75,1025.449951171875,1008.3499755859376,1014.0999755859376,1014.0999755859376,0,9,Thursday,0.7071067811865476,-0.7071067811865475
2024-07-11 10:15:00+05:30,1014.0999755859376,1022.4500122070312,1011.7999877929688,1021.0,1021.0,1676992,10,Thursday,0.49999999999999994,-0.8660254037844387
2024-07-11 11:15:00+05:30,1021.0999755859376,1022.0,1015.5999755859376,1020.7000122070312,1020.7000122070312,925044,11,Thursday,0.258819045102521,-0.9659258262890682
2024-07-11 12:15:00+05:30,1020.9000244140624,1023.9500122070312,1020.4500122070312,1022.5499877929688,1022.5499877929688,1028904,12,Thursday,1.2246467991473532e-16,-1.0
2024-07-11 13:15:00+05:30,1022.6500244140624,1024.5999755859375,1020.0999755859376,1021.75,1021.75,936503,13,Thursday,-0.2588190451025208,-0.9659258262890683
2024-07-11 14:15:00+05:30,1021.0999755859376,1023.6500244140624,1018.5499877929688,1020.2999877929688,1020.2999877929688,1739777,14,Thursday,-0.4999999999999997,-0.8660254037844388
2024-07-11 15:15:00+05:30,1020.2999877929688,1022.8499755859376,1020.25,1020.7999877929688,1020.7999877929688,890988,15,Thursday,-0.7071067811865471,-0.7071067811865479
2024-07-12 09:15:00+05:30,1022.4500122070312,1025.8499755859375,1016.1500244140624,1018.5999755859376,1018.5999755859376,0,9,Friday,0.7071067811865476,-0.7071067811865475
2024-07-12 10:15:00+05:30,1018.4500122070312,1024.5999755859375,1017.9500122070312,1022.0999755859376,1022.0999755859376,1065275,10,Friday,0.49999999999999994,-0.8660254037844387
2024-07-12 11:15:00+05:30,1022.0999755859376,1023.5,1020.5999755859376,1023.25,1023.25,702010,11,Friday,0.258819045102521,-0.9659258262890682
2024-07-12 12:15:00+05:30,1023.25,1023.9500122070312,1018.5,1022.9000244140624,1022.9000244140624,814496,12,Friday,1.2246467991473532e-16,-1.0
2024-07-12 13:15:00+05:30,1022.8499755859376,1024.0,1019.5999755859376,1020.8499755859376,1020.8499755859376,645967,13,Friday,-0.2588190451025208,-0.9659258262890683
2024-07-12 14:15:00+05:30,1020.7999877929688,1021.5,1015.0,1016.75,1016.75,1633898,14,Friday,-0.4999999999999997,-0.8660254037844388
2024-07-12 15:15:00+05:30,1016.75,1018.4500122070312,1015.5499877929688,1018.0,1018.0,776194,15,Friday,-0.7071067811865471,-0.7071067811865479
2024-07-15 09:15:00+05:30,1017.6500244140624,1029.6500244140625,1017.6500244140624,1025.5,1025.5,0,9,Monday,0.7071067811865476,-0.7071067811865475
2024-07-15 10:15:00+05:30,1025.800048828125,1027.4000244140625,1023.4500122070312,1025.5999755859375,1025.5999755859375,729114,10,Monday,0.49999999999999994,-0.8660254037844387
2024-07-15 11:15:00+05:30,1025.9000244140625,1027.5,1023.0,1026.75,1026.75,726431,11,Monday,0.258819045102521,-0.9659258262890682
2024-07-15 12:15:00+05:30,1026.699951171875,1027.5,1025.550048828125,1026.449951171875,1026.449951171875,422072,12,Monday,1.2246467991473532e-16,-1.0
2024-07-15 13:15:00+05:30,1026.550048828125,1027.5,1025.699951171875,1026.5,1026.5,531079,13,Monday,-0.2588190451025208,-0.9659258262890683
2024-07-15 14:15:00+05:30,1026.1500244140625,1026.5999755859375,1023.0,1024.0999755859375,1024.0999755859375,867237,14,Monday,-0.4999999999999997,-0.8660254037844388
2024-07-15 15:15:00+05:30,1024.0,1025.0,1023.8499755859376,1024.1500244140625,1024.1500244140625,383186,15,Monday,-0.7071067811865471,-0.7071067811865479
2024-07-16 09:15:00+05:30,1023.0499877929688,1027.5,1019.75,1026.25,1026.25,1495538,9,Tuesday,0.7071067811865476,-0.7071067811865475
2024-07-16 10:15:00+05:30,1026.1500244140625,1029.5999755859375,1023.0,1024.800048828125,1024.800048828125,865800,10,Tuesday,0.49999999999999994,-0.8660254037844387
2024-07-16 11:15:00+05:30,1024.550048828125,1025.8499755859375,1022.5999755859376,1025.5999755859375,1025.5999755859375,599558,11,Tuesday,0.258819045102521,-0.9659258262890682
2024-07-16 12:15:00+05:30,1025.5999755859375,1026.300048828125,1023.5999755859376,1025.4000244140625,1025.4000244140625,399125,12,Tuesday,1.2246467991473532e-16,-1.0
2024-07-16 13:15:00+05:30,1025.4000244140625,1025.5,1020.2999877929688,1021.9000244140624,1021.9000244140624,470468,13,Tuesday,-0.2588190451025208,-0.9659258262890683
2024-07-16 14:15:00+05:30,1022.0999755859376,1023.2999877929688,1020.0999755859376,1020.8499755859376,1020.8499755859376,637014,14,Tuesday,-0.4999999999999997,-0.8660254037844388
2024-07-16 15:15:00+05:30,1020.9000244140624,1021.5999755859376,1019.3499755859376,1019.75,1019.75,356394,15,Tuesday,-0.7071067811865471,-0.7071067811865479
2024-07-18 09:15:00+05:30,1022.9000244140624,1022.9500122070312,1008.0,1019.3499755859376,1019.3499755859376,0,9,Thursday,0.7071067811865476,-0.7071067811865475
2024-07-18 10:15:00+05:30,1019.3499755859376,1019.9000244140624,1010.1500244140624,1010.25,1010.25,893955,10,Thursday,0.49999999999999994,-0.8660254037844387
2024-07-18 11:15:00+05:30,1010.25,1018.0,1009.0,1017.4500122070312,1017.4500122070312,692319,11,Thursday,0.258819045102521,-0.9659258262890682
2024-07-18 12:15:00+05:30,1017.4000244140624,1021.0,1015.4500122070312,1021.0,1021.0,638652,12,Thursday,1.2246467991473532e-16,-1.0
2024-07-18 13:15:00+05:30,1021.0999755859376,1024.949951171875,1017.6500244140624,1023.9500122070312,1023.9500122070312,926489,13,Thursday,-0.2588190451025208,-0.9659258262890683
2024-07-18 14:15:00+05:30,1023.75,1025.300048828125,1021.25,1025.199951171875,1025.199951171875,1422203,14,Thursday,-0.4999999999999997,-0.8660254037844388
2024-07-18 15:15:00+05:30,1025.0999755859375,1026.75,1024.5999755859375,1024.5999755859375,1024.5999755859375,712312,15,Thursday,-0.7071067811865471,-0.7071067811865479
2024-07-19 09:15:00+05:30,1023.3499755859376,1023.3499755859376,1012.0,1012.0,1012.0,1325635,9,Friday,0.7071067811865476,-0.7071067811865475
2024-07-19 10:15:00+05:30,1012.2000122070312,1014.0999755859376,1005.0499877929688,1009.6500244140624,1009.6500244140624,895618,10,Friday,0.49999999999999994,-0.8660254037844387
2024-07-19 11:15:00+05:30,1009.5999755859376,1009.9000244140624,1000.5,1006.0,1006.0,942451,11,Friday,0.258819045102521,-0.9659258262890682
2024-07-19 12:15:00+05:30,1006.1500244140624,1006.25,998.0,999.9500122070312,999.9500122070312,841487,12,Friday,1.2246467991473532e-16,-1.0
2024-07-19 13:15:00+05:30,1000.0,1004.7999877929688,998.5,998.9000244140624,998.9000244140624,753439,13,Friday,-0.2588190451025208,-0.9659258262890683
2024-07-19 14:15:00+05:30,998.9500122070312,1000.0,989.2999877929688,989.7000122070312,989.7000122070312,1833509,14,Friday,-0.4999999999999997,-0.8660254037844388
2024-07-19 15:15:00+05:30,989.7000122070312,990.9500122070312,987.0999755859376,990.6500244140624,990.6500244140624,806103,15,Friday,-0.7071067811865471,-0.7071067811865479
2024-07-22 09:15:00+05:30,988.9500122070312,996.2999877929688,977.0,995.7000122070312,995.7000122070312,0,9,Monday,0.7071067811865476,-0.7071067811865475
2024-07-22 10:15:00+05:30,995.8499755859376,1003.7000122070312,995.0499877929688,999.6500244140624,999.6500244140624,1023718,10,Monday,0.49999999999999994,-0.8660254037844387
2024-07-22 11:15:00+05:30,999.6500244140624,1004.6500244140624,998.4000244140624,1000.5499877929688,1000.5499877929688,623604,11,Monday,0.258819045102521,-0.9659258262890682
2024-07-22 12:15:00+05:30,1000.5,1002.0999755859376,996.0,996.7999877929688,996.7999877929688,666909,12,Monday,1.2246467991473532e-16,-1.0
2024-07-22 13:15:00+05:30,996.7999877929688,999.5999755859376,994.5999755859376,995.5499877929688,995.5499877929688,511688,13,Monday,-0.2588190451025208,-0.9659258262890683
2024-07-22 14:15:00+05:30,995.5,1008.0,994.2000122070312,1004.0499877929688,1004.0499877929688,1433255,14,Monday,-0.4999999999999997,-0.8660254037844388
2024-07-22 15:15:00+05:30,1004.0499877929688,1006.0,1000.5499877929688,1003.9000244140624,1003.9000244140624,794079,15,Monday,-0.7071067811865471,-0.7071067811865479
2024-07-23 09:15:00+05:30,1006.5499877929688,1008.3499755859376,995.9500122070312,996.6500244140624,996.6500244140624,0,9,Tuesday,0.7071067811865476,-0.7071067811865475
2024-07-23 10:15:00+05:30,996.4000244140624,1005.7999877929688,995.0499877929688,1004.7000122070312,1004.7000122070312,819128,10,Tuesday,0.49999999999999994,-0.8660254037844387
2024-07-23 11:15:00+05:30,1004.6500244140624,1005.2000122070312,999.0,1001.7000122070312,1001.7000122070312,858496,11,Tuesday,0.258819045102521,-0.9659258262890682
2024-07-23 12:15:00+05:30,1001.7000122070312,1002.75,967.2000122070312,995.2999877929688,995.2999877929688,3666305,12,Tuesday,1.2246467991473532e-16,-1.0
2024-07-23 13:15:00+05:30,995.2999877929688,1003.2999877929688,992.25,1002.2999877929688,1002.2999877929688,1664125,13,Tuesday,-0.2588190451025208,-0.9659258262890683
2024-07-23 14:15:00+05:30,1002.3499755859376,1006.7000122070312,999.5999755859376,1001.4000244140624,1001.4000244140624,1461089,14,Tuesday,-0.4999999999999997,-0.8660254037844388
2024-07-23 15:15:00+05:30,1001.3499755859376,1002.3499755859376,1000.0999755859376,1001.0,1001.0,428196,15,Tuesday,-0.7071067811865471,-0.7071067811865479
2024-07-24 09:15:00+05:30,997.7999877929688,1029.9000244140625,996.4000244140624,1028.75,1028.75,0,9,Wednesday,0.7071067811865476,-0.7071067811865475
2024-07-24 10:15:00+05:30,1028.699951171875,1034.0999755859375,1024.0,1027.5,1027.5,2379693,10,Wednesday,0.49999999999999994,-0.8660254037844387
2024-07-24 11:15:00+05:30,1027.4000244140625,1028.3499755859375,1023.2000122070312,1023.4000244140624,1023.4000244140624,880331,11,Wednesday,0.258819045102521,-0.9659258262890682
2024-07-24 12:15:00+05:30,1023.4000244140624,1024.75,1020.2000122070312,1022.8499755859376,1022.8499755859376,710309,12,Wednesday,1.2246467991473532e-16,-1.0
2024-07-24 13:15:00+05:30,1022.75,1029.550048828125,1018.7999877929688,1023.5,1023.5,975751,13,Wednesday,-0.2588190451025208,-0.9659258262890683
2024-07-24 14:15:00+05:30,1023.5499877929688,1030.949951171875,1023.0499877929688,1027.699951171875,1027.699951171875,1239614,14,Wednesday,-0.4999999999999997,-0.8660254037844388
2024-07-24 15:15:00+05:30,1027.6500244140625,1028.25,1026.0,1026.0,1026.0,578628,15,Wednesday,-0.7071067811865471,-0.7071067811865479
2024-07-25 09:15:00+05:30,1027.3499755859375,1068.550048828125,1027.3499755859375,1064.0,1064.0,0,9,Thursday,0.7071067811865476,-0.7071067811865475
2024-07-25 10:15:00+05:30,1064.0,1084.5999755859375,1060.0,1080.4000244140625,1080.4000244140625,6325528,10,Thursday,0.49999999999999994,-0.8660254037844387
2024-07-25 11:15:00+05:30,1080.3499755859375,1084.0,1067.449951171875,1080.1500244140625,1080.1500244140625,3423724,11,Thursday,0.258819045102521,-0.9659258262890682
2024-07-25 12:15:00+05:30,1080.449951171875,1083.8499755859375,1075.0999755859375,1080.3499755859375,1080.3499755859375,1974776,12,Thursday,1.2246467991473532e-16,-1.0
2024-07-25 13:15:00+05:30,1080.3499755859375,1089.449951171875,1080.0,1086.5,1086.5,3351841,13,Thursday,-0.2588190451025208,-0.9659258262890683
2024-07-25 14:15:00+05:30,1086.5,1094.0,1084.800048828125,1089.6500244140625,1089.6500244140625,5272355,14,Thursday,-0.4999999999999997,-0.8660254037844388
2024-07-25 15:15:00+05:30,1089.9000244140625,1092.0,1088.0,1089.5,1089.5,2002642,15,Thursday,-0.7071067811865471,-0.7071067811865479
2024-07-26 09:15:00+05:30,1099.5,1103.1500244140625,1083.5999755859375,1086.300048828125,1086.300048828125,0,9,Friday,0.7071067811865476,-0.7071067811865475
2024-07-26 10:15:00+05:30,1086.300048828125,1099.3499755859375,1084.3499755859375,1095.9000244140625,1095.9000244140625,2186288,10,Friday,0.49999999999999994,-0.8660254037844387
2024-07-26 11:15:00+05:30,1096.0,1103.949951171875,1094.300048828125,1100.8499755859375,1100.8499755859375,2398479,11,Friday,0.258819045102521,-0.9659258262890682
2024-07-26 12:15:00+05:30,1100.8499755859375,1108.449951171875,1100.0,1105.0999755859375,1105.0999755859375,2253783,12,Friday,1.2246467991473532e-16,-1.0
2024-07-26 13:15:00+05:30,1105.0999755859375,1110.0,1103.0,1110.0,1110.0,1722269,13,Friday,-0.2588190451025208,-0.9659258262890683
2024-07-26 14:15:00+05:30,1109.699951171875,1120.300048828125,1105.5999755859375,1119.800048828125,1119.800048828125,4371698,14,Friday,-0.4999999999999997,-0.8660254037844388
2024-07-26 15:15:00+05:30,1119.9000244140625,1119.949951171875,1115.5,1116.050048828125,1116.050048828125,1477345,15,Friday,-0.7071067811865471,-0.7071067811865479
2024-07-29 09:15:00+05:30,1121.4000244140625,1139.9000244140625,1118.8499755859375,1128.699951171875,1128.699951171875,0,9,Monday,0.7071067811865476,-0.7071067811865475
2024-07-29 10:15:00+05:30,1129.0,1129.75,1119.3499755859375,1122.9000244140625,1122.9000244140625,1841763,10,Monday,0.49999999999999994,-0.8660254037844387
2024-07-29 11:15:00+05:30,1122.9000244140625,1128.4000244140625,1121.1500244140625,1125.1500244140625,1125.1500244140625,1119628,11,Monday,0.258819045102521,-0.9659258262890682
2024-07-29 12:15:00+05:30,1125.0,1128.050048828125,1122.5999755859375,1122.8499755859375,1122.8499755859375,1044569,12,Monday,1.2246467991473532e-16,-1.0
2024-07-29 13:15:00+05:30,1122.6500244140625,1125.0999755859375,1121.25,1121.5,1121.5,802723,13,Monday,-0.2588190451025208,-0.9659258262890683
2024-07-29 14:15:00+05:30,1121.300048828125,1125.0,1120.5999755859375,1124.9000244140625,1124.9000244140625,1270131,14,Monday,-0.4999999999999997,-0.8660254037844388
2024-07-29 15:15:00+05:30,1124.9000244140625,1125.0,1123.0,1124.0,1124.0,655438,15,Monday,-0.7071067811865471,-0.7071067811865479
2024-07-30 09:15:00+05:30,1121.5,1154.6500244140625,1118.699951171875,1152.300048828125,1152.300048828125,0,9,Tuesday,0.7071067811865476,-0.7071067811865475
2024-07-30 10:15:00+05:30,1152.550048828125,1166.3499755859375,1149.699951171875,1164.9000244140625,1164.9000244140625,3895299,10,Tuesday,0.49999999999999994,-0.8660254037844387
2024-07-30 11:15:00+05:30,1164.949951171875,1178.949951171875,1161.300048828125,1164.550048828125,1164.550048828125,6252744,11,Tuesday,0.258819045102521,-0.9659258262890682
2024-07-30 12:15:00+05:30,1165.0,1174.0,1159.699951171875,1160.949951171875,1160.949951171875,3698050,12,Tuesday,1.2246467991473532e-16,-1.0
2024-07-30 13:15:00+05:30,1160.75,1168.3499755859375,1158.449951171875,1166.0999755859375,1166.0999755859375,2843030,13,Tuesday,-0.2588190451025208,-0.9659258262890683
2024-07-30 14:15:00+05:30,1166.050048828125,1168.199951171875,1159.75,1160.5,1160.5,3012319,14,Tuesday,-0.4999999999999997,-0.8660254037844388
2024-07-30 15:15:00+05:30,1160.5,1164.75,1160.1500244140625,1162.0,1162.0,1262397,15,Tuesday,-0.7071067811865471,-0.7071067811865479
2024-07-31 09:15:00+05:30,1163.9000244140625,1166.3499755859375,1146.0,1154.199951171875,1154.199951171875,3465168,9,Wednesday,0.7071067811865476,-0.7071067811865475
2024-07-31 10:15:00+05:30,1154.199951171875,1165.0,1151.75,1159.050048828125,1159.050048828125,1721034,10,Wednesday,0.49999999999999994,-0.8660254037844387
2024-07-31 11:15:00+05:30,1159.050048828125,1159.4000244140625,1151.300048828125,1155.4000244140625,1155.4000244140625,965213,11,Wednesday,0.258819045102521,-0.9659258262890682
2024-07-31 12:15:00+05:30,1155.4000244140625,1155.6500244140625,1152.699951171875,1155.4000244140625,1155.4000244140625,638717,12,Wednesday,1.2246467991473532e-16,-1.0
2024-07-31 13:15:00+05:30,1155.8499755859375,1156.8499755859375,1150.25,1154.9000244140625,1154.9000244140625,933415,13,Wednesday,-0.2588190451025208,-0.9659258262890683
2024-07-31 14:15:00+05:30,1155.0,1159.4000244140625,1153.75,1155.8499755859375,1155.8499755859375,2124098,14,Wednesday,-0.4999999999999997,-0.8660254037844388
2024-07-31 15:15:00+05:30,1155.8499755859375,1159.449951171875,1155.25,1158.199951171875,1158.199951171875,1009060,15,Wednesday,-0.7071067811865471,-0.7071067811865479
2024-08-01 09:15:00+05:30,1167.0,1176.0,1159.199951171875,1165.0,1165.0,0,9,Thursday,0.7071067811865476,-0.7071067811865475
2024-08-01 10:15:00+05:30,1164.949951171875,1164.949951171875,1138.25,1148.4000244140625,1148.4000244140625,3402517,10,Thursday,0.49999999999999994,-0.8660254037844387
2024-08-01 11:15:00+05:30,1148.4000244140625,1148.5,1143.199951171875,1144.9000244140625,1144.9000244140625,1012076,11,Thursday,0.258819045102521,-0.9659258262890682
2024-08-01 12:15:00+05:30,1145.0,1148.0,1141.0,1144.699951171875,1144.699951171875,1115410,12,Thursday,1.2246467991473532e-16,-1.0
2024-08-01 13:15:00+05:30,1144.5,1145.0,1136.699951171875,1137.25,1137.25,1045589,13,Thursday,-0.2588190451025208,-0.9659258262890683
2024-08-01 14:15:00+05:30,1137.1500244140625,1146.0,1136.699951171875,1144.949951171875,1144.949951171875,2659844,14,Thursday,-0.4999999999999997,-0.8660254037844388
2024-08-01 15:15:00+05:30,1145.1500244140625,1145.949951171875,1142.25,1142.25,1142.25,767704,15,Thursday,-0.7071067811865471,-0.7071067811865479
2024-08-02 09:15:00+05:30,1104.1500244140625,1111.75,1092.050048828125,1104.9000244140625,1104.9000244140625,0,9,Friday,0.7071067811865476,-0.7071067811865475
2024-08-02 10:15:00+05:30,1104.300048828125,1108.550048828125,1096.0,1102.800048828125,1102.800048828125,3764344,10,Friday,0.49999999999999994,-0.8660254037844387
2024-08-02 11:15:00+05:30,1102.9000244140625,1106.5,1100.75,1103.0,1103.0,1583052,11,Friday,0.258819045102521,-0.9659258262890682
2024-08-02 12:15:00+05:30,1103.0,1108.4000244140625,1100.25,1101.300048828125,1101.300048828125,1646681,12,Friday,1.2246467991473532e-16,-1.0
2024-08-02 13:15:00+05:30,1101.4000244140625,1105.300048828125,1097.5,1098.0999755859375,1098.0999755859375,1570668,13,Friday,-0.2588190451025208,-0.9659258262890683
2024-08-02 14:15:00+05:30,1098.5,1100.550048828125,1094.1500244140625,1098.5,1098.5,2495175,14,Friday,-0.4999999999999997,-0.8660254037844388
2024-08-02 15:15:00+05:30,1098.6500244140625,1098.699951171875,1093.5,1095.0,1095.0,1998407,15,Friday,-0.7071067811865471,-0.7071067811865479
2024-08-05 09:15:00+05:30,1053.800048828125,1064.949951171875,1038.550048828125,1051.550048828125,1051.550048828125,0,9,Monday,0.7071067811865476,-0.7071067811865475
2024-08-05 10:15:00+05:30,1051.5999755859375,1051.75,1028.199951171875,1029.300048828125,1029.300048828125,3802034,10,Monday,0.49999999999999994,-0.8660254037844387
2024-08-05 11:15:00+05:30,1028.8499755859375,1037.300048828125,1020.5,1037.300048828125,1037.300048828125,3455500,11,Monday,0.258819045102521,-0.9659258262890682
2024-08-05 12:15:00+05:30,1037.300048828125,1040.449951171875,1020.0,1026.5999755859375,1026.5999755859375,3183508,12,Monday,1.2246467991473532e-16,-1.0
2024-08-05 13:15:00+05:30,1027.0,1036.0999755859375,1022.0,1025.5999755859375,1025.5999755859375,2836411,13,Monday,-0.2588190451025208,-0.9659258262890683
2024-08-05 14:15:00+05:30,1025.5999755859375,1027.0999755859375,1014.2999877929688,1015.5,1015.5,3994682,14,Monday,-0.4999999999999997,-0.8660254037844388
2024-08-05 15:15:00+05:30,1015.5,1017.6500244140624,1014.4000244140624,1015.4500122070312,1015.4500122070312,1594378,15,Monday,-0.7071067811865471,-0.7071067811865479
2024-08-06 09:15:00+05:30,1030.0,1060.4000244140625,1030.0,1040.9000244140625,1040.9000244140625,0,9,Tuesday,0.7071067811865476,-0.7071067811865475
2024-08-06 10:15:00+05:30,1040.9000244140625,1042.5,1026.1500244140625,1029.199951171875,1029.199951171875,2303574,10,Tuesday,0.49999999999999994,-0.8660254037844387
2024-08-06 11:15:00+05:30,1029.449951171875,1031.449951171875,1024.4000244140625,1028.449951171875,1028.449951171875,1245719,11,Tuesday,0.258819045102521,-0.9659258262890682
2024-08-06 12:15:00+05:30,1028.800048828125,1028.800048828125,1019.0499877929688,1019.7999877929688,1019.7999877929688,1235811,12,Tuesday,1.2246467991473532e-16,-1.0
2024-08-06 13:15:00+05:30,1019.5,1021.9500122070312,1010.2000122070312,1011.0499877929688,1011.0499877929688,2058335,13,Tuesday,-0.2588190451025208,-0.9659258262890683
2024-08-06 14:15:00+05:30,1011.25,1016.5999755859376,1008.5999755859376,1011.7999877929688,1011.7999877929688,1975353,14,Tuesday,-0.4999999999999997,-0.8660254037844388
2024-08-06 15:15:00+05:30,1011.7999877929688,1019.5,1011.0499877929688,1018.5,1018.5,941787,15,Tuesday,-0.7071067811865471,-0.7071067811865479
2024-08-07 09:15:00+05:30,1039.0,1039.0,1015.7999877929688,1018.5499877929688,1018.5499877929688,0,9,Wednesday,0.7071067811865476,-0.7071067811865475
2024-08-07 10:15:00+05:30,1018.5,1025.699951171875,1017.5999755859376,1020.25,1020.25,1258868,10,Wednesday,0.49999999999999994,-0.8660254037844387
2024-08-07 11:15:00+05:30,1020.1500244140624,1020.9000244140624,1016.0999755859376,1019.4000244140624,1019.4000244140624,891890,11,Wednesday,0.258819045102521,-0.9659258262890682
2024-08-07 12:15:00+05:30,1019.2000122070312,1022.7000122070312,1015.0499877929688,1017.2999877929688,1017.2999877929688,1068431,12,Wednesday,1.2246467991473532e-16,-1.0
2024-08-07 13:15:00+05:30,1017.2999877929688,1020.4500122070312,1015.25,1019.9000244140624,1019.9000244140624,773408,13,Wednesday,-0.2588190451025208,-0.9659258262890683
2024-08-07 14:15:00+05:30,1019.5999755859376,1026.550048828125,1019.4000244140624,1025.050048828125,1025.050048828125,1885782,14,Wednesday,-0.4999999999999997,-0.8660254037844388
2024-08-07 15:15:00+05:30,1025.050048828125,1027.449951171875,1024.4000244140625,1027.0,1027.0,810381,15,Wednesday,-0.7071067811865471,-0.7071067811865479
2024-08-08 09:15:00+05:30,1033.699951171875,1047.300048828125,1027.050048828125,1044.949951171875,1044.949951171875,6714484,9,Thursday,0.7071067811865476,-0.7071067811865475
2024-08-08 10:15:00+05:30,1044.800048828125,1051.050048828125,1038.75,1041.4000244140625,1041.4000244140625,2706787,10,Thursday,0.49999999999999994,-0.8660254037844387
2024-08-08 11:15:00+05:30,1041.4000244140625,1048.25,1039.5,1048.25,1048.25,1554957,11,Thursday,0.258819045102521,-0.9659258262890682
2024-08-08 12:15:00+05:30,1048.25,1056.3499755859375,1044.5,1045.4000244140625,1045.4000244140625,3039795,12,Thursday,1.2246467991473532e-16,-1.0
2024-08-08 13:15:00+05:30,1045.4000244140625,1050.6500244140625,1043.0,1049.3499755859375,1049.3499755859375,1767546,13,Thursday,-0.2588190451025208,-0.9659258262890683
2024-08-08 14:15:00+05:30,1049.0,1050.5,1040.75,1041.25,1041.25,2764510,14,Thursday,-0.4999999999999997,-0.8660254037844388
2024-08-08 15:15:00+05:30,1041.199951171875,1042.0,1038.449951171875,1042.0,1042.0,977246,15,Thursday,-0.7071067811865471,-0.7071067811865479
2024-08-09 09:15:00+05:30,1056.550048828125,1082.699951171875,1052.1500244140625,1073.0999755859375,1073.0999755859375,0,9,Friday,0.7071067811865476,-0.7071067811865475
2024-08-09 10:15:00+05:30,1072.8499755859375,1078.3499755859375,1071.199951171875,1074.3499755859375,1074.3499755859375,1629981,10,Friday,0.49999999999999994,-0.8660254037844387
2024-08-09 11:15:00+05:30,1074.4000244140625,1075.5,1068.800048828125,1069.6500244140625,1069.6500244140625,996833,11,Friday,0.258819045102521,-0.9659258262890682
2024-08-09 12:15:00+05:30,1069.550048828125,1073.8499755859375,1069.5,1070.9000244140625,1070.9000244140625,965499,12,Friday,1.2246467991473532e-16,-1.0
2024-08-09 13:15:00+05:30,1070.8499755859375,1072.6500244140625,1069.550048828125,1070.300048828125,1070.300048828125,848475,13,Friday,-0.2588190451025208,-0.9659258262890683
2024-08-09 14:15:00+05:30,1070.1500244140625,1070.3499755859375,1066.0999755859375,1066.8499755859375,1066.8499755859375,1556774,14,Friday,-0.4999999999999997,-0.8660254037844388
2024-08-09 15:15:00+05:30,1066.800048828125,1072.0,1065.550048828125,1071.0,1071.0,1482721,15,Friday,-0.7071067811865471,-0.7071067811865479
2024-08-12 09:15:00+05:30,1062.25,1077.5,1056.0,1075.0,1075.0,0,9,Monday,0.7071067811865476,-0.7071067811865475
2024-08-12 10:15:00+05:30,1074.9000244140625,1079.699951171875,1074.9000244140625,1077.800048828125,1077.800048828125,1622875,10,Monday,0.49999999999999994,-0.8660254037844387
2024-08-12 11:15:00+05:30,1078.0,1079.449951171875,1076.0,1076.5,1076.5,1776471,11,Monday,0.258819045102521,-0.9659258262890682
2024-08-12 12:15:00+05:30,1076.4000244140625,1077.699951171875,1073.800048828125,1075.550048828125,1075.550048828125,678295,12,Monday,1.2246467991473532e-16,-1.0
2024-08-12 13:15:00+05:30,1075.550048828125,1079.9000244140625,1075.0,1078.5,1078.5,737074,13,Monday,-0.2588190451025208,-0.9659258262890683
2024-08-12 14:15:00+05:30,1078.5,1079.0999755859375,1072.25,1077.050048828125,1077.050048828125,1682003,14,Monday,-0.4999999999999997,-0.8660254037844388
2024-08-12 15:15:00+05:30,1077.050048828125,1079.300048828125,1074.5,1075.4000244140625,1075.4000244140625,669644,15,Monday,-0.7071067811865471,-0.7071067811865479
2024-08-13 09:15:00+05:30,1072.75,1072.75,1060.300048828125,1062.1500244140625,1062.1500244140625,1969813,9,Tuesday,0.7071067811865476,-0.7071067811865475
2024-08-13 10:15:00+05:30,1062.4000244140625,1065.0,1058.5999755859375,1064.699951171875,1064.699951171875,818285,10,Tuesday,0.49999999999999994,-0.8660254037844387
2024-08-13 11:15:00+05:30,1064.800048828125,1064.9000244140625,1057.550048828125,1060.0999755859375,1060.0999755859375,676936,11,Tuesday,0.258819045102521,-0.9659258262890682
2024-08-13 12:15:00+05:30,1060.0999755859375,1060.25,1054.199951171875,1057.1500244140625,1057.1500244140625,887392,12,Tuesday,1.2246467991473532e-16,-1.0
2024-08-13 13:15:00+05:30,1057.0999755859375,1058.5,1048.300048828125,1051.8499755859375,1051.8499755859375,915861,13,Tuesday,-0.2588190451025208,-0.9659258262890683
2024-08-13 14:15:00+05:30,1051.75,1053.8499755859375,1049.4000244140625,1051.3499755859375,1051.3499755859375,1352102,14,Tuesday,-0.4999999999999997,-0.8660254037844388
2024-08-13 15:15:00+05:30,1051.5999755859375,1059.0,1051.25,1056.3499755859375,1056.3499755859375,886008,15,Tuesday,-0.7071067811865471,-0.7071067811865479
2024-08-14 09:15:00+05:30,1057.699951171875,1066.949951171875,1053.25,1056.5999755859375,1056.5999755859375,2260420,9,Wednesday,0.7071067811865476,-0.7071067811865475
2024-08-14 10:15:00+05:30,1056.5999755859375,1057.25,1047.0,1048.699951171875,1048.699951171875,877603,10,Wednesday,0.49999999999999994,-0.8660254037844387
2024-08-14 11:15:00+05:30,1048.5999755859375,1057.6500244140625,1047.25,1057.4000244140625,1057.4000244140625,721165,11,Wednesday,0.258819045102521,-0.9659258262890682
2024-08-14 12:15:00+05:30,1056.800048828125,1059.5999755859375,1053.199951171875,1058.3499755859375,1058.3499755859375,584211,12,Wednesday,1.2246467991473532e-16,-1.0
2024-08-14 13:15:00+05:30,1058.300048828125,1064.800048828125,1056.25,1062.3499755859375,1062.3499755859375,925585,13,Wednesday,-0.2588190451025208,-0.9659258262890683
2024-08-14 14:15:00+05:30,1062.3499755859375,1066.3499755859375,1057.550048828125,1061.550048828125,1061.550048828125,1850833,14,Wednesday,-0.4999999999999997,-0.8660254037844388
2024-08-14 15:15:00+05:30,1061.550048828125,1066.3499755859375,1061.1500244140625,1063.0,1063.0,986283,15,Wednesday,-0.7071067811865471,-0.7071067811865479
2024-08-16 09:15:00+05:30,1072.300048828125,1090.0,1072.300048828125,1084.8499755859375,1084.8499755859375,0,9,Friday,0.7071067811865476,-0.7071067811865475
2024-08-16 10:15:00+05:30,1084.5999755859375,1087.0,1082.8499755859375,1084.3499755859375,1084.3499755859375,1263821,10,Friday,0.49999999999999994,-0.8660254037844387
2024-08-16 11:15:00+05:30,1084.4000244140625,1089.5,1083.199951171875,1088.3499755859375,1088.3499755859375,1358277,11,Friday,0.258819045102521,-0.9659258262890682
2024-08-16 12:15:00+05:30,1088.3499755859375,1090.0,1087.1500244140625,1088.699951171875,1088.699951171875,836017,12,Friday,1.2246467991473532e-16,-1.0
2024-08-16 13:15:00+05:30,1088.6500244140625,1089.8499755859375,1087.1500244140625,1089.449951171875,1089.449951171875,684553,13,Friday,-0.2588190451025208,-0.9659258262890683
2024-08-16 14:15:00+05:30,1089.199951171875,1099.9000244140625,1088.1500244140625,1097.800048828125,1097.800048828125,2464959,14,Friday,-0.4999999999999997,-0.8660254037844388
2024-08-16 15:15:00+05:30,1097.5999755859375,1099.949951171875,1096.0999755859375,1098.0,1098.0,869017,15,Friday,-0.7071067811865471,-0.7071067811865479
2024-08-19 09:15:00+05:30,1100.4000244140625,1104.25,1088.1500244140625,1091.449951171875,1091.449951171875,0,9,Monday,0.7071067811865476,-0.7071067811865475
2024-08-19 10:15:00+05:30,1091.0999755859375,1091.550048828125,1086.0,1087.949951171875,1087.949951171875,784440,10,Monday,0.49999999999999994,-0.8660254037844387
2024-08-19 11:15:00+05:30,1087.8499755859375,1090.0,1087.050048828125,1088.5,1088.5,503359,11,Monday,0.258819045102521,-0.9659258262890682
2024-08-19 12:15:00+05:30,1088.3499755859375,1095.9000244140625,1087.75,1095.9000244140625,1095.9000244140625,868242,12,Monday,1.2246467991473532e-16,-1.0
2024-08-19 13:15:00+05:30,1095.9000244140625,1096.800048828125,1090.25,1093.5999755859375,1093.5999755859375,578579,13,Monday,-0.2588190451025208,-0.9659258262890683
2024-08-19 14:15:00+05:30,1093.5,1094.0,1085.800048828125,1087.199951171875,1087.199951171875,1212187,14,Monday,-0.4999999999999997,-0.8660254037844388
2024-08-19 15:15:00+05:30,1087.199951171875,1090.0,1086.6500244140625,1089.800048828125,1089.800048828125,619095,15,Monday,-0.7071067811865471,-0.7071067811865479
2024-08-20 09:15:00+05:30,1093.949951171875,1097.800048828125,1082.6500244140625,1084.800048828125,1084.800048828125,1822997,9,Tuesday,0.7071067811865476,-0.7071067811865475
2024-08-20 10:15:00+05:30,1084.8499755859375,1085.9000244140625,1082.050048828125,1085.3499755859375,1085.3499755859375,831787,10,Tuesday,0.49999999999999994,-0.8660254037844387
2024-08-20 11:15:00+05:30,1085.449951171875,1087.0,1083.0,1085.699951171875,1085.699951171875,536859,11,Tuesday,0.258819045102521,-0.9659258262890682
2024-08-20 12:15:00+05:30,1086.1500244140625,1089.6500244140625,1085.449951171875,1086.6500244140625,1086.6500244140625,743370,12,Tuesday,1.2246467991473532e-16,-1.0
2024-08-20 13:15:00+05:30,1086.6500244140625,1087.0,1084.4000244140625,1085.0,1085.0,400658,13,Tuesday,-0.2588190451025208,-0.9659258262890683
2024-08-20 14:15:00+05:30,1085.050048828125,1087.5,1084.300048828125,1086.949951171875,1086.949951171875,849774,14,Tuesday,-0.4999999999999997,-0.8660254037844388
2024-08-20 15:15:00+05:30,1086.949951171875,1088.5,1086.3499755859375,1086.5999755859375,1086.5999755859375,432368,15,Tuesday,-0.7071067811865471,-0.7071067811865479
2024-08-21 09:15:00+05:30,1089.1500244140625,1095.300048828125,1084.6500244140625,1090.0,1090.0,1634527,9,Wednesday,0.7071067811865476,-0.7071067811865475
2024-08-21 10:15:00+05:30,1090.050048828125,1090.199951171875,1085.300048828125,1086.1500244140625,1086.1500244140625,454190,10,Wednesday,0.49999999999999994,-0.8660254037844387
2024-08-21 11:15:00+05:30,1086.449951171875,1087.300048828125,1085.0,1085.949951171875,1085.949951171875,311452,11,Wednesday,0.258819045102521,-0.9659258262890682
2024-08-21 12:15:00+05:30,1085.949951171875,1088.4000244140625,1085.6500244140625,1086.300048828125,1086.300048828125,421338,12,Wednesday,1.2246467991473532e-16,-1.0
2024-08-21 13:15:00+05:30,1086.449951171875,1086.449951171875,1085.0,1085.8499755859375,1085.8499755859375,437137,13,Wednesday,-0.2588190451025208,-0.9659258262890683
2024-08-21 14:15:00+05:30,1085.8499755859375,1086.800048828125,1083.300048828125,1084.699951171875,1084.699951171875,905436,14,Wednesday,-0.4999999999999997,-0.8660254037844388
2024-08-21 15:15:00+05:30,1084.75,1087.0,1084.550048828125,1085.949951171875,1085.949951171875,701961,15,Wednesday,-0.7071067811865471,-0.7071067811865479
2024-08-22 09:15:00+05:30,1087.800048828125,1088.800048828125,1074.0,1077.5999755859375,1077.5999755859375,0,9,Thursday,0.7071067811865476,-0.7071067811865475
2024-08-22 10:15:00+05:30,1077.699951171875,1078.3499755859375,1073.300048828125,1076.5999755859375,1076.5999755859375,871203,10,Thursday,0.49999999999999994,-0.8660254037844387
2024-08-22 11:15:00+05:30,1076.3499755859375,1078.5,1074.550048828125,1076.300048828125,1076.300048828125,589032,11,Thursday,0.258819045102521,-0.9659258262890682
2024-08-22 12:15:00+05:30,1076.25,1076.25,1072.199951171875,1072.449951171875,1072.449951171875,675083,12,Thursday,1.2246467991473532e-16,-1.0
2024-08-22 13:15:00+05:30,1072.4000244140625,1072.449951171875,1067.5999755859375,1069.949951171875,1069.949951171875,1370745,13,Thursday,-0.2588190451025208,-0.9659258262890683
2024-08-22 14:15:00+05:30,1069.949951171875,1070.0999755859375,1065.449951171875,1067.3499755859375,1067.3499755859375,2638370,14,Thursday,-0.4999999999999997,-0.8660254037844388
2024-08-22 15:15:00+05:30,1067.4000244140625,1072.5,1066.5999755859375,1068.449951171875,1068.449951171875,1188063,15,Thursday,-0.7071067811865471,-0.7071067811865479
2024-08-23 09:15:00+05:30,1073.0,1083.0,1071.0999755859375,1080.1500244140625,1080.1500244140625,0,9,Friday,0.7071067811865476,-0.7071067811865475
2024-08-23 10:15:00+05:30,1080.5,1088.75,1078.800048828125,1087.3499755859375,1087.3499755859375,1839612,10,Friday,0.49999999999999994,-0.8660254037844387
2024-08-23 11:15:00+05:30,1087.3499755859375,1092.5999755859375,1086.949951171875,1088.300048828125,1088.300048828125,1204157,11,Friday,0.258819045102521,-0.9659258262890682
2024-08-23 12:15:00+05:30,1088.25,1090.949951171875,1087.199951171875,1088.800048828125,1088.800048828125,840141,12,Friday,1.2246467991473532e-16,-1.0
2024-08-23 13:15:00+05:30,1088.800048828125,1090.699951171875,1085.5,1085.75,1085.75,947052,13,Friday,-0.2588190451025208,-0.9659258262890683
2024-08-23 14:15:00+05:30,1085.6500244140625,1086.300048828125,1082.199951171875,1084.5999755859375,1084.5999755859375,1491417,14,Friday,-0.4999999999999997,-0.8660254037844388
2024-08-23 15:15:00+05:30,1084.449951171875,1086.699951171875,1084.050048828125,1085.3499755859375,1085.3499755859375,798179,15,Friday,-0.7071067811865471,-0.7071067811865479
2024-08-26 09:15:00+05:30,1086.949951171875,1097.0,1083.0,1094.8499755859375,1094.8499755859375,0,9,Monday,0.7071067811865476,-0.7071067811865475
2024-08-26 10:15:00+05:30,1095.050048828125,1102.0,1094.300048828125,1099.3499755859375,1099.3499755859375,1904112,10,Monday,0.49999999999999994,-0.8660254037844387
2024-08-26 11:15:00+05:30,1099.0,1103.25,1097.25,1099.4000244140625,1099.4000244140625,1208237,11,Monday,0.258819045102521,-0.9659258262890682
2024-08-26 12:15:00+05:30,1099.5,1099.75,1093.800048828125,1094.5,1094.5,1071251,12,Monday,1.2246467991473532e-16,-1.0
2024-08-26 13:15:00+05:30,1094.5,1094.5,1089.300048828125,1092.050048828125,1092.050048828125,854749,13,Monday,-0.2588190451025208,-0.9659258262890683
2024-08-26 14:15:00+05:30,1092.1500244140625,1095.1500244140625,1090.5,1092.8499755859375,1092.8499755859375,1123003,14,Monday,-0.4999999999999997,-0.8660254037844388
2024-08-26 15:15:00+05:30,1093.050048828125,1096.0,1090.699951171875,1092.4000244140625,1092.4000244140625,0,15,Monday,-0.7071067811865471,-0.7071067811865479
2024-08-27 09:15:00+05:30,1093.0,1096.550048828125,1083.699951171875,1083.949951171875,1083.949951171875,2746749,9,Tuesday,0.7071067811865476,-0.7071067811865475
2024-08-27 10:15:00+05:30,1083.8499755859375,1088.9000244140625,1082.0,1083.199951171875,1083.199951171875,1486366,10,Tuesday,0.49999999999999994,-0.8660254037844387
2024-08-27 11:15:00+05:30,1083.449951171875,1085.4000244140625,1076.0999755859375,1078.199951171875,1078.199951171875,1370749,11,Tuesday,0.258819045102521,-0.9659258262890682
2024-08-27 12:15:00+05:30,1078.199951171875,1081.1500244140625,1078.0,1079.9000244140625,1079.9000244140625,782764,12,Tuesday,1.2246467991473532e-16,-1.0
2024-08-27 13:15:00+05:30,1079.800048828125,1080.199951171875,1077.5,1077.800048828125,1077.800048828125,736283,13,Tuesday,-0.2588190451025208,-0.9659258262890683
2024-08-27 14:15:00+05:30,1077.5,1078.0,1075.0,1076.949951171875,1076.949951171875,1157226,14,Tuesday,-0.4999999999999997,-0.8660254037844388
2024-08-27 15:15:00+05:30,1076.949951171875,1080.0,1076.6500244140625,1079.9000244140625,1079.9000244140625,530331,15,Tuesday,-0.7071067811865471,-0.7071067811865479
2024-08-28 09:15:00+05:30,1081.1500244140625,1088.699951171875,1075.75,1077.8499755859375,1077.8499755859375,0,9,Wednesday,0.7071067811865476,-0.7071067811865475
2024-08-28 10:15:00+05:30,1077.8499755859375,1078.5,1070.0999755859375,1075.199951171875,1075.199951171875,1254252,10,Wednesday,0.49999999999999994,-0.8660254037844387
2024-08-28 11:15:00+05:30,1075.199951171875,1081.0,1074.949951171875,1080.25,1080.25,951552,11,Wednesday,0.258819045102521,-0.9659258262890682
2024-08-28 12:15:00+05:30,1080.0999755859375,1080.6500244140625,1077.3499755859375,1077.699951171875,1077.699951171875,734523,12,Wednesday,1.2246467991473532e-16,-1.0
2024-08-28 13:15:00+05:30,1077.75,1078.9000244140625,1075.5,1077.800048828125,1077.800048828125,619554,13,Wednesday,-0.2588190451025208,-0.9659258262890683
2024-08-28 14:15:00+05:30,1077.9000244140625,1078.949951171875,1074.0,1074.6500244140625,1074.6500244140625,1466296,14,Wednesday,-0.4999999999999997,-0.8660254037844388
2024-08-28 15:15:00+05:30,1074.6500244140625,1075.0,1072.0,1073.800048828125,1073.800048828125,596437,15,Wednesday,-0.7071067811865471,-0.7071067811865479
2024-08-29 09:15:00+05:30,1075.75,1085.5,1074.5999755859375,1081.3499755859375,1081.3499755859375,0,9,Thursday,0.7071067811865476,-0.7071067811865475
2024-08-29 10:15:00+05:30,1081.3499755859375,1081.75,1072.25,1074.8499755859375,1074.8499755859375,1403839,10,Thursday,0.49999999999999994,-0.8660254037844387
2024-08-29 11:15:00+05:30,1074.9000244140625,1075.75,1067.25,1067.5,1067.5,1900440,11,Thursday,0.258819045102521,-0.9659258262890682
2024-08-29 12:15:00+05:30,1067.449951171875,1072.0,1066.0,1070.5,1070.5,1291483,12,Thursday,1.2246467991473532e-16,-1.0
2024-08-29 13:15:00+05:30,1070.5,1075.5,1070.5,1074.8499755859375,1074.8499755859375,1098683,13,Thursday,-0.2588190451025208,-0.9659258262890683
2024-08-29 14:15:00+05:30,1074.75,1126.699951171875,1072.800048828125,1121.75,1121.75,17477724,14,Thursday,-0.4999999999999997,-0.8660254037844388
2024-08-29 15:15:00+05:30,1121.9000244140625,1141.6500244140625,1112.0,1112.1500244140625,1112.1500244140625,14519675,15,Thursday,-0.7071067811865471,-0.7071067811865479
2024-08-30 09:15:00+05:30,1109.550048828125,1113.449951171875,1101.9000244140625,1110.0,1110.0,3836081,9,Friday,0.7071067811865476,-0.7071067811865475
2024-08-30 10:15:00+05:30,1110.0,1114.5,1105.25,1107.0999755859375,1107.0999755859375,1469210,10,Friday,0.49999999999999994,-0.8660254037844387
2024-08-30 11:15:00+05:30,1107.25,1112.0,1106.300048828125,1109.800048828125,1109.800048828125,823424,11,Friday,0.258819045102521,-0.9659258262890682
2024-08-30 12:15:00+05:30,1109.5,1109.800048828125,1104.0999755859375,1106.5,1106.5,770432,12,Friday,1.2246467991473532e-16,-1.0
2024-08-30 13:15:00+05:30,1106.4000244140625,1108.9000244140625,1105.699951171875,1107.949951171875,1107.949951171875,681619,13,Friday,-0.2588190451025208,-0.9659258262890683
2024-08-30 14:15:00+05:30,1107.3499755859375,1113.550048828125,1097.449951171875,1112.949951171875,1112.949951171875,6132768,14,Friday,-0.4999999999999997,-0.8660254037844388
2024-08-30 15:15:00+05:30,1112.8499755859375,1115.0,1107.050048828125,1109.5,1109.5,3924692,15,Friday,-0.7071067811865471,-0.7071067811865479
2024-09-02 09:15:00+05:30,1101.949951171875,1101.949951171875,1088.949951171875,1095.0,1095.0,0,9,Monday,0.7071067811865476,-0.7071067811865475
2024-09-02 10:15:00+05:30,1095.0,1097.5,1092.449951171875,1092.5,1092.5,1347222,10,Monday,0.49999999999999994,-0.8660254037844387
2024-09-02 11:15:00+05:30,1092.5,1092.949951171875,1088.800048828125,1089.699951171875,1089.699951171875,763342,11,Monday,0.258819045102521,-0.9659258262890682
2024-09-02 12:15:00+05:30,1089.699951171875,1092.8499755859375,1087.550048828125,1091.5,1091.5,671591,12,Monday,1.2246467991473532e-16,-1.0
2024-09-02 13:15:00+05:30,1091.449951171875,1093.8499755859375,1091.1500244140625,1092.699951171875,1092.699951171875,465333,13,Monday,-0.2588190451025208,-0.9659258262890683
2024-09-02 14:15:00+05:30,1092.699951171875,1096.199951171875,1092.6500244140625,1092.699951171875,1092.699951171875,1164673,14,Monday,-0.4999999999999997,-0.8660254037844388
2024-09-02 15:15:00+05:30,1092.5999755859375,1093.300048828125,1090.1500244140625,1093.0,1093.0,602894,15,Monday,-0.7071067811865471,-0.7071067811865479
2024-09-03 09:15:00+05:30,1095.5,1099.9000244140625,1089.0,1090.699951171875,1090.699951171875,0,9,Tuesday,0.7071067811865476,-0.7071067811865475
2024-09-03 10:15:00+05:30,1090.5,1091.0,1087.5,1089.8499755859375,1089.8499755859375,468231,10,Tuesday,0.49999999999999994,-0.8660254037844387
2024-09-03 11:15:00+05:30,1089.8499755859375,1090.75,1088.050048828125,1090.0,1090.0,382186,11,Tuesday,0.258819045102521,-0.9659258262890682
2024-09-03 12:15:00+05:30,1090.0,1090.1500244140625,1086.0,1088.6500244140625,1088.6500244140625,484710,12,Tuesday,1.2246467991473532e-16,-1.0
2024-09-03 13:15:00+05:30,1088.800048828125,1089.5,1085.8499755859375,1086.5999755859375,1086.5999755859375,385139,13,Tuesday,-0.2588190451025208,-0.9659258262890683
2024-09-03 14:15:00+05:30,1086.5999755859375,1088.800048828125,1082.199951171875,1083.550048828125,1083.550048828125,957584,14,Tuesday,-0.4999999999999997,-0.8660254037844388
2024-09-03 15:15:00+05:30,1083.5999755859375,1089.300048828125,1083.5999755859375,1085.0999755859375,1085.0999755859375,697522,15,Tuesday,-0.7071067811865471,-0.7071067811865479
2024-09-04 09:15:00+05:30,1077.050048828125,1085.0,1075.0,1079.9000244140625,1079.9000244140625,0,9,Wednesday,0.7071067811865476,-0.7071067811865475
2024-09-04 10:15:00+05:30,1079.9000244140625,1079.9000244140625,1072.6500244140625,1075.949951171875,1075.949951171875,643648,10,Wednesday,0.49999999999999994,-0.8660254037844387
2024-09-04 11:15:00+05:30,1076.0,1077.300048828125,1073.0999755859375,1077.300048828125,1077.300048828125,366374,11,Wednesday,0.258819045102521,-0.9659258262890682
2024-09-04 12:15:00+05:30,1077.3499755859375,1078.1500244140625,1074.300048828125,1077.300048828125,1077.300048828125,364573,12,Wednesday,1.2246467991473532e-16,-1.0
2024-09-04 13:15:00+05:30,1077.050048828125,1079.75,1075.0,1075.300048828125,1075.300048828125,428696,13,Wednesday,-0.2588190451025208,-0.9659258262890683
2024-09-04 14:15:00+05:30,1075.550048828125,1080.949951171875,1073.5999755859375,1080.949951171875,1080.949951171875,1047284,14,Wednesday,-0.4999999999999997,-0.8660254037844388
2024-09-04 15:15:00+05:30,1080.8499755859375,1083.0,1080.199951171875,1081.0,1081.0,512728,15,Wednesday,-0.7071067811865471,-0.7071067811865479
2024-09-05 09:15:00+05:30,1084.800048828125,1084.8499755859375,1076.5999755859375,1080.0,1080.0,1216657,9,Thursday,0.7071067811865476,-0.7071067811865475
2024-09-05 10:15:00+05:30,1079.5999755859375,1080.25,1076.0,1076.949951171875,1076.949951171875,796748,10,Thursday,0.49999999999999994,-0.8660254037844387
2024-09-05 11:15:00+05:30,1077.050048828125,1077.4000244140625,1071.6500244140625,1074.199951171875,1074.199951171875,769606,11,Thursday,0.258819045102521,-0.9659258262890682
2024-09-05 12:15:00+05:30,1074.1500244140625,1076.199951171875,1073.0,1075.050048828125,1075.050048828125,597519,12,Thursday,1.2246467991473532e-16,-1.0
2024-09-05 13:15:00+05:30,1075.0,1082.949951171875,1073.3499755859375,1073.6500244140625,1073.6500244140625,1533270,13,Thursday,-0.2588190451025208,-0.9659258262890683
2024-09-05 14:15:00+05:30,1073.699951171875,1074.0,1068.3499755859375,1069.550048828125,1069.550048828125,2019371,14,Thursday,-0.4999999999999997,-0.8660254037844388
2024-09-05 15:15:00+05:30,1069.550048828125,1070.1500244140625,1066.949951171875,1068.699951171875,1068.699951171875,964333,15,Thursday,-0.7071067811865471,-0.7071067811865479
2024-09-06 09:15:00+05:30,1068.800048828125,1072.949951171875,1050.5,1052.8499755859375,1052.8499755859375,2042341,9,Friday,0.7071067811865476,-0.7071067811865475
2024-09-06 10:15:00+05:30,1052.9000244140625,1057.0,1048.5,1050.4000244140625,1050.4000244140625,1232013,10,Friday,0.49999999999999994,-0.8660254037844387
2024-09-06 11:15:00+05:30,1050.25,1054.949951171875,1047.550048828125,1050.75,1050.75,831079,11,Friday,0.258819045102521,-0.9659258262890682
2024-09-06 12:15:00+05:30,1050.699951171875,1053.199951171875,1045.050048828125,1046.6500244140625,1046.6500244140625,821351,12,Friday,1.2246467991473532e-16,-1.0
2024-09-06 13:15:00+05:30,1046.699951171875,1050.5,1045.0,1045.6500244140625,1045.6500244140625,678235,13,Friday,-0.2588190451025208,-0.9659258262890683
2024-09-06 14:15:00+05:30,1045.550048828125,1050.699951171875,1040.699951171875,1050.5,1050.5,2138543,14,Friday,-0.4999999999999997,-0.8660254037844388
2024-09-06 15:15:00+05:30,1050.75,1053.0,1049.0999755859375,1050.6500244140625,1050.6500244140625,972257,15,Friday,-0.7071067811865471,-0.7071067811865479
2024-09-09 09:15:00+05:30,1049.300048828125,1049.300048828125,1032.050048828125,1032.5,1032.5,0,9,Monday,0.7071067811865476,-0.7071067811865475
2024-09-09 10:15:00+05:30,1032.4000244140625,1038.75,1031.3499755859375,1036.050048828125,1036.050048828125,958642,10,Monday,0.49999999999999994,-0.8660254037844387
2024-09-09 11:15:00+05:30,1036.0,1036.0,1026.25,1027.800048828125,1027.800048828125,964054,11,Monday,0.258819045102521,-0.9659258262890682
2024-09-09 12:15:00+05:30,1027.6500244140625,1031.0,1027.0,1030.800048828125,1030.800048828125,644343,12,Monday,1.2246467991473532e-16,-1.0
2024-09-09 13:15:00+05:30,1030.5,1032.6500244140625,1028.0999755859375,1029.0,1029.0,643055,13,Monday,-0.2588190451025208,-0.9659258262890683
2024-09-09 14:15:00+05:30,1029.0999755859375,1040.75,1028.0999755859375,1039.949951171875,1039.949951171875,1398812,14,Monday,-0.4999999999999997,-0.8660254037844388
2024-09-09 15:15:00+05:30,1039.949951171875,1041.5,1038.0,1040.800048828125,1040.800048828125,655581,15,Monday,-0.7071067811865471,-0.7071067811865479
2024-09-10 09:15:00+05:30,1043.75,1046.5,1033.0,1034.6500244140625,1034.6500244140625,0,9,Tuesday,0.7071067811865476,-0.7071067811865475
2024-09-10 10:15:00+05:30,1034.550048828125,1038.5999755859375,1034.0999755859375,1038.4000244140625,1038.4000244140625,600628,10,Tuesday,0.49999999999999994,-0.8660254037844387
2024-09-10 11:15:00+05:30,1038.4000244140625,1044.0,1037.8499755859375,1040.6500244140625,1040.6500244140625,723918,11,Tuesday,0.258819045102521,-0.9659258262890682
2024-09-10 12:15:00+05:30,1040.550048828125,1042.5,1038.0,1041.4000244140625,1041.4000244140625,631300,12,Tuesday,1.2246467991473532e-16,-1.0
2024-09-10 13:15:00+05:30,1041.4000244140625,1043.0,1036.25,1039.1500244140625,1039.1500244140625,881693,13,Tuesday,-0.2588190451025208,-0.9659258262890683
2024-09-10 14:15:00+05:30,1039.3499755859375,1039.449951171875,1032.5,1037.25,1037.25,1153223,14,Tuesday,-0.4999999999999997,-0.8660254037844388
2024-09-10 15:15:00+05:30,1037.25,1037.4000244140625,1034.1500244140625,1035.0,1035.0,604606,15,Tuesday,-0.7071067811865471,-0.7071067811865479
2024-09-11 09:15:00+05:30,1003.5499877929688,1010.4000244140624,979.0999755859376,980.75,980.75,14052796,9,Wednesday,0.7071067811865476,-0.7071067811865475
2024-09-11 10:15:00+05:30,980.75,982.7999877929688,976.5,979.2000122070312,979.2000122070312,4768616,10,Wednesday,0.49999999999999994,-0.8660254037844387
2024-09-11 11:15:00+05:30,979.1500244140624,983.0,975.0499877929688,982.0,982.0,3994014,11,Wednesday,0.258819045102521,-0.9659258262890682
2024-09-11 12:15:00+05:30,981.7999877929688,987.5999755859376,980.0499877929688,980.5,980.5,3028575,12,Wednesday,1.2246467991473532e-16,-1.0
2024-09-11 13:15:00+05:30,980.5999755859376,982.0,973.0,973.2999877929688,973.2999877929688,2937884,13,Wednesday,-0.2588190451025208,-0.9659258262890683
2024-09-11 14:15:00+05:30,973.5,979.4500122070312,972.0,976.8499755859376,976.8499755859376,4689444,14,Wednesday,-0.4999999999999997,-0.8660254037844388
2024-09-11 15:15:00+05:30,976.9000244140624,977.2999877929688,972.1500244140624,976.4000244140624,976.4000244140624,2658120,15,Wednesday,-0.7071067811865471,-0.7071067811865479
2024-09-12 09:15:00+05:30,977.1500244140624,982.5999755859376,958.0,966.6500244140624,966.6500244140624,0,9,Thursday,0.7071067811865476,-0.7071067811865475
2024-09-12 10:15:00+05:30,967.0499877929688,975.3499755859376,966.75,973.8499755859376,973.8499755859376,4057697,10,Thursday,0.49999999999999994,-0.8660254037844387
2024-09-12 11:15:00+05:30,973.8499755859376,977.0,967.5,968.6500244140624,968.6500244140624,2195647,11,Thursday,0.258819045102521,-0.9659258262890682
2024-09-12 12:15:00+05:30,968.6500244140624,969.0,965.0999755859376,968.0999755859376,968.0999755859376,1674989,12,Thursday,1.2246467991473532e-16,-1.0
2024-09-12 13:15:00+05:30,968.0999755859376,976.2999877929688,964.75,975.7999877929688,975.7999877929688,2522468,13,Thursday,-0.2588190451025208,-0.9659258262890683
2024-09-12 14:15:00+05:30,975.7000122070312,988.0,973.1500244140624,985.7000122070312,985.7000122070312,5934367,14,Thursday,-0.4999999999999997,-0.8660254037844388
2024-09-12 15:15:00+05:30,985.5999755859376,987.8499755859376,982.2999877929688,984.0,984.0,1531642,15,Thursday,-0.7071067811865471,-0.7071067811865479
2024-09-13 09:15:00+05:30,992.9000244140624,1005.7000122070312,988.3499755859376,996.6500244140624,996.6500244140624,6158291,9,Friday,0.7071067811865476,-0.7071067811865475
2024-09-13 10:15:00+05:30,996.5,997.9500122070312,993.4000244140624,995.5999755859376,995.5999755859376,1249657,10,Friday,0.49999999999999994,-0.8660254037844387
2024-09-13 11:15:00+05:30,995.9000244140624,998.4000244140624,994.0999755859376,995.2999877929688,995.2999877929688,926204,11,Friday,0.258819045102521,-0.9659258262890682
2024-09-13 12:15:00+05:30,995.2999877929688,996.5,990.0499877929688,991.8499755859376,991.8499755859376,985750,12,Friday,1.2246467991473532e-16,-1.0
2024-09-13 13:15:00+05:30,992.2000122070312,994.0,990.0,992.0,992.0,900595,13,Friday,-0.2588190451025208,-0.9659258262890683
2024-09-13 14:15:00+05:30,991.9000244140624,993.0,988.0,992.2000122070312,992.2000122070312,1932313,14,Friday,-0.4999999999999997,-0.8660254037844388
2024-09-13 15:15:00+05:30,992.2000122070312,994.25,991.0,991.8499755859376,991.8499755859376,1045200,15,Friday,-0.7071067811865471,-0.7071067811865479
2024-09-16 09:15:00+05:30,996.8499755859376,999.9000244140624,989.0,990.5,990.5,0,9,Monday,0.7071067811865476,-0.7071067811865475
2024-09-16 10:15:00+05:30,990.5,992.4500122070312,985.4500122070312,989.25,989.25,898457,10,Monday,0.49999999999999994,-0.8660254037844387
2024-09-16 11:15:00+05:30,989.4500122070312,989.7999877929688,984.5,987.6500244140624,987.6500244140624,551808,11,Monday,0.258819045102521,-0.9659258262890682
2024-09-16 12:15:00+05:30,987.6500244140624,989.9500122070312,986.5499877929688,988.0,988.0,473996,12,Monday,1.2246467991473532e-16,-1.0
2024-09-16 13:15:00+05:30,988.0,990.0,986.4000244140624,988.5,988.5,395135,13,Monday,-0.2588190451025208,-0.9659258262890683
2024-09-16 14:15:00+05:30,988.0499877929688,990.4000244140624,985.3499755859376,988.5,988.5,896917,14,Monday,-0.4999999999999997,-0.8660254037844388
2024-09-16 15:15:00+05:30,988.4000244140624,989.2000122070312,986.5999755859376,988.4500122070312,988.4500122070312,524576,15,Monday,-0.7071067811865471,-0.7071067811865479
2024-09-17 09:15:00+05:30,993.9000244140624,993.9000244140624,963.6500244140624,966.7999877929688,966.7999877929688,23380496,9,Tuesday,0.7071067811865476,-0.7071067811865475
2024-09-17 10:15:00+05:30,966.7999877929688,969.5999755859376,965.5999755859376,968.5,968.5,2069410,10,Tuesday,0.49999999999999994,-0.8660254037844387
2024-09-17 11:15:00+05:30,968.5,969.9000244140624,966.2999877929688,966.4000244140624,966.4000244140624,1794753,11,Tuesday,0.258819045102521,-0.9659258262890682
2024-09-17 12:15:00+05:30,966.4000244140624,967.25,960.0499877929688,965.7000122070312,965.7000122070312,3276550,12,Tuesday,1.2246467991473532e-16,-1.0
2024-09-17 13:15:00+05:30,965.75,968.7000122070312,963.3499755859376,968.4500122070312,968.4500122070312,1774469,13,Tuesday,-0.2588190451025208,-0.9659258262890683
2024-09-17 14:15:00+05:30,968.2999877929688,983.75,968.1500244140624,974.5,974.5,5155960,14,Tuesday,-0.4999999999999997,-0.8660254037844388
2024-09-17 15:15:00+05:30,974.3499755859376,975.5,973.5499877929688,975.0,975.0,1206000,15,Tuesday,-0.7071067811865471,-0.7071067811865479
2024-09-18 09:15:00+05:30,977.9500122070312,983.5999755859376,975.25,976.75,976.75,0,9,Wednesday,0.7071067811865476,-0.7071067811865475
2024-09-18 10:15:00+05:30,976.75,978.2999877929688,973.7000122070312,976.0999755859376,976.0999755859376,945087,10,Wednesday,0.49999999999999994,-0.8660254037844387
2024-09-18 11:15:00+05:30,976.1500244140624,979.0,971.5999755859376,971.9000244140624,971.9000244140624,1033579,11,Wednesday,0.258819045102521,-0.9659258262890682
2024-09-18 12:15:00+05:30,972.0,973.7999877929688,967.0499877929688,967.3499755859376,967.3499755859376,1114244,12,Wednesday,1.2246467991473532e-16,-1.0
2024-09-18 13:15:00+05:30,967.4000244140624,969.9500122070312,963.9500122070312,966.7999877929688,966.7999877929688,1729741,13,Wednesday,-0.2588190451025208,-0.9659258262890683
2024-09-18 14:15:00+05:30,966.9500122070312,968.2999877929688,961.7999877929688,962.0,962.0,2726650,14,Wednesday,-0.4999999999999997,-0.8660254037844388
2024-09-18 15:15:00+05:30,962.0,963.0,958.1500244140624,959.0,959.0,2559159,15,Wednesday,-0.7071067811865471,-0.7071067811865479
2024-09-19 09:15:00+05:30,970.5999755859376,978.7999877929688,965.2000122070312,965.7000122070312,965.7000122070312,0,9,Thursday,0.7071067811865476,-0.7071067811865475
2024-09-19 10:15:00+05:30,965.6500244140624,971.3499755859376,962.5999755859376,965.4500122070312,965.4500122070312,1849166,10,Thursday,0.49999999999999994,-0.8660254037844387
2024-09-19 11:15:00+05:30,965.2999877929688,966.7999877929688,959.1500244140624,964.0999755859376,964.0999755859376,1687083,11,Thursday,0.258819045102521,-0.9659258262890682
2024-09-19 12:15:00+05:30,964.0999755859376,967.4000244140624,961.5,962.0499877929688,962.0499877929688,1120882,12,Thursday,1.2246467991473532e-16,-1.0
2024-09-19 13:15:00+05:30,962.0499877929688,964.5,958.25,959.0999755859376,959.0999755859376,1619904,13,Thursday,-0.2588190451025208,-0.9659258262890683
2024-09-19 14:15:00+05:30,959.2999877929688,969.25,956.3499755859376,969.0,969.0,2647289,14,Thursday,-0.4999999999999997,-0.8660254037844388
2024-09-19 15:15:00+05:30,969.2000122070312,970.2000122070312,967.2000122070312,969.9500122070312,969.9500122070312,923195,15,Thursday,-0.7071067811865471,-0.7071067811865479
2024-09-20 09:15:00+05:30,965.0,965.0,950.5499877929688,962.6500244140624,962.6500244140624,0,9,Friday,0.7071067811865476,-0.7071067811865475
2024-09-20 10:15:00+05:30,962.6500244140624,972.5,962.1500244140624,971.4500122070312,971.4500122070312,1938315,10,Friday,0.49999999999999994,-0.8660254037844387
2024-09-20 11:15:00+05:30,971.5499877929688,975.5,969.7000122070312,970.6500244140624,970.6500244140624,1309779,11,Friday,0.258819045102521,-0.9659258262890682
2024-09-20 12:15:00+05:30,970.9000244140624,977.4000244140624,970.0499877929688,973.6500244140624,973.6500244140624,1177186,12,Friday,1.2246467991473532e-16,-1.0
2024-09-20 13:15:00+05:30,973.6500244140624,975.5499877929688,961.4000244140624,966.2999877929688,966.2999877929688,2159794,13,Friday,-0.2588190451025208,-0.9659258262890683
2024-09-20 14:15:00+05:30,966.2999877929688,974.25,964.3499755859376,970.0,970.0,4579471,14,Friday,-0.4999999999999997,-0.8660254037844388
2024-09-20 15:15:00+05:30,969.9000244140624,973.0,969.9000244140624,971.2999877929688,971.2999877929688,3059658,15,Friday,-0.7071067811865471,-0.7071067811865479
2024-09-23 09:15:00+05:30,975.0,979.1500244140624,972.3499755859376,974.0499877929688,974.0499877929688,0,9,Monday,0.7071067811865476,-0.7071067811865475
2024-09-23 10:15:00+05:30,974.0,975.5999755859376,969.0999755859376,971.3499755859376,971.3499755859376,1977028,10,Monday,0.49999999999999994,-0.8660254037844387
2024-09-23 11:15:00+05:30,971.4000244140624,971.5,966.0999755859376,968.0,968.0,1712418,11,Monday,0.258819045102521,-0.9659258262890682
2024-09-23 12:15:00+05:30,967.75,972.9500122070312,967.2000122070312,971.0,971.0,1012324,12,Monday,1.2246467991473532e-16,-1.0
2024-09-23 13:15:00+05:30,970.9500122070312,972.9500122070312,970.0999755859376,971.0499877929688,971.0499877929688,789737,13,Monday,-0.2588190451025208,-0.9659258262890683
2024-09-23 14:15:00+05:30,971.1500244140624,974.0,970.5,972.0,972.0,1537881,14,Monday,-0.4999999999999997,-0.8660254037844388
2024-09-23 15:15:00+05:30,972.2000122070312,972.6500244140624,971.3499755859376,972.2999877929688,972.2999877929688,781679,15,Monday,-0.7071067811865471,-0.7071067811865479
2024-09-24 09:15:00+05:30,974.0,985.0,973.5,978.0,978.0,5615405,9,Tuesday,0.7071067811865476,-0.7071067811865475
2024-09-24 10:15:00+05:30,978.0,979.5499877929688,974.5,977.7999877929688,977.7999877929688,1364280,10,Tuesday,0.49999999999999994,-0.8660254037844387
2024-09-24 11:15:00+05:30,977.8499755859376,978.8499755859376,975.4500122070312,977.1500244140624,977.1500244140624,791554,11,Tuesday,0.258819045102521,-0.9659258262890682
2024-09-24 12:15:00+05:30,977.0999755859376,977.7000122070312,975.5,976.0999755859376,976.0999755859376,1068411,12,Tuesday,1.2246467991473532e-16,-1.0
2024-09-24 13:15:00+05:30,976.0999755859376,981.5499877929688,975.25,979.4500122070312,979.4500122070312,1543191,13,Tuesday,-0.2588190451025208,-0.9659258262890683
2024-09-24 14:15:00+05:30,979.4500122070312,980.75,976.4000244140624,977.5499877929688,977.5499877929688,1643220,14,Tuesday,-0.4999999999999997,-0.8660254037844388
2024-09-24 15:15:00+05:30,977.5499877929688,977.6500244140624,976.0999755859376,977.0,977.0,725451,15,Tuesday,-0.7071067811865471,-0.7071067811865479
2024-09-25 09:15:00+05:30,982.0,982.0999755859376,961.0999755859376,964.0499877929688,964.0499877929688,0,9,Wednesday,0.7071067811865476,-0.7071067811865475
2024-09-25 10:15:00+05:30,964.5,966.5,961.75,961.7999877929688,961.7999877929688,1904112,10,Wednesday,0.49999999999999994,-0.8660254037844387
2024-09-25 11:15:00+05:30,961.9500122070312,963.75,959.25,959.5999755859376,959.5999755859376,2000352,11,Wednesday,0.258819045102521,-0.9659258262890682
2024-09-25 12:15:00+05:30,959.5,963.0,959.5,960.7000122070312,960.7000122070312,1169878,12,Wednesday,1.2246467991473532e-16,-1.0
2024-09-25 13:15:00+05:30,960.75,963.4500122070312,959.75,962.5,962.5,1011895,13,Wednesday,-0.2588190451025208,-0.9659258262890683
2024-09-25 14:15:00+05:30,962.6500244140624,964.5999755859376,961.2000122070312,964.0499877929688,964.0499877929688,1684792,14,Wednesday,-0.4999999999999997,-0.8660254037844388
2024-09-25 15:15:00+05:30,964.0999755859376,964.2000122070312,963.0,963.8499755859376,963.8499755859376,933098,15,Wednesday,-0.7071067811865471,-0.7071067811865479
2024-09-26 09:15:00+05:30,967.8499755859376,981.5,966.7999877929688,976.75,976.75,0,9,Thursday,0.7071067811865476,-0.7071067811865475
2024-09-26 10:15:00+05:30,976.5999755859376,986.4000244140624,974.7000122070312,981.0,981.0,4102308,10,Thursday,0.49999999999999994,-0.8660254037844387
2024-09-26 11:15:00+05:30,981.0,986.0,980.7000122070312,983.8499755859376,983.8499755859376,2266709,11,Thursday,0.258819045102521,-0.9659258262890682
2024-09-26 12:15:00+05:30,983.8499755859376,987.0999755859376,982.0,986.0,986.0,1881439,12,Thursday,1.2246467991473532e-16,-1.0
2024-09-26 13:15:00+05:30,985.7000122070312,989.0,984.0,986.7999877929688,986.7999877929688,2101992,13,Thursday,-0.2588190451025208,-0.9659258262890683
2024-09-26 14:15:00+05:30,987.1500244140624,994.9500122070312,986.9500122070312,993.4000244140624,993.4000244140624,4621635,14,Thursday,-0.4999999999999997,-0.8660254037844388
2024-09-26 15:15:00+05:30,993.4000244140624,994.9000244140624,990.0,990.0499877929688,990.0499877929688,2036763,15,Thursday,-0.7071067811865471,-0.7071067811865479
2024-09-27 09:15:00+05:30,997.8499755859376,999.8499755859376,989.5499877929688,995.5999755859376,995.5999755859376,0,9,Friday,0.7071067811865476,-0.7071067811865475
2024-09-27 10:15:00+05:30,996.0,998.3499755859376,991.0499877929688,992.8499755859376,992.8499755859376,1350218,10,Friday,0.49999999999999994,-0.8660254037844387
2024-09-27 11:15:00+05:30,992.5999755859376,996.7000122070312,991.0499877929688,994.1500244140624,994.1500244140624,903354,11,Friday,0.258819045102521,-0.9659258262890682
2024-09-27 12:15:00+05:30,994.5,996.2000122070312,990.0,990.7999877929688,990.7999877929688,962191,12,Friday,1.2246467991473532e-16,-1.0
2024-09-27 13:15:00+05:30,990.6500244140624,994.9500122070312,989.3499755859376,991.9000244140624,991.9000244140624,955797,13,Friday,-0.2588190451025208,-0.9659258262890683
2024-09-27 14:15:00+05:30,991.75,995.0,991.7000122070312,993.5999755859376,993.5999755859376,1925228,14,Friday,-0.4999999999999997,-0.8660254037844388
2024-09-27 15:15:00+05:30,993.75,993.9500122070312,989.5999755859376,990.0499877929688,990.0499877929688,969225,15,Friday,-0.7071067811865471,-0.7071067811865479
