Datetime,Open,High,Low,Close,Adj Close,Volume
2023-01-02 09:15:00+05:30,392.04998779296875,395.3500061035156,391.04998779296875,394.3999938964844,394.3999938964844,0
2023-01-02 10:15:00+05:30,394.54998779296875,394.95001220703125,393.5,393.6000061035156,393.6000061035156,1111720
2023-01-02 11:15:00+05:30,393.70001220703125,395.5,393.1499938964844,395.45001220703125,395.45001220703125,1126037
2023-01-02 12:15:00+05:30,395.45001220703125,395.8999938964844,393.8500061035156,394.8999938964844,394.8999938964844,871195
2023-01-02 13:15:00+05:30,394.8500061035156,395.3999938964844,394.3500061035156,395.0,395.0,467207
2023-01-02 14:15:00+05:30,395.0,396.0,393.3999938964844,394.5,394.5,1680086
2023-01-02 15:15:00+05:30,394.3999938964844,395.25,394.29998779296875,394.79998779296875,394.79998779296875,836039
2023-01-03 09:15:00+05:30,395.6000061035156,398.29998779296875,395.1499938964844,397.0,397.0,0
2023-01-03 10:15:00+05:30,397.0,397.0,394.0,394.3500061035156,394.3500061035156,1460703
2023-01-03 11:15:00+05:30,394.3999938964844,395.20001220703125,393.5,394.1499938964844,394.1499938964844,963866
2023-01-03 12:15:00+05:30,394.1499938964844,394.45001220703125,393.0,394.29998779296875,394.29998779296875,963786
2023-01-03 13:15:00+05:30,394.3999938964844,395.3999938964844,394.0,394.6000061035156,394.6000061035156,1032304
2023-01-03 14:15:00+05:30,394.6000061035156,395.75,393.6499938964844,393.75,393.75,1270511
2023-01-03 15:15:00+05:30,393.79998779296875,394.1499938964844,393.5,393.8999938964844,393.8999938964844,815281
2023-01-04 09:15:00+05:30,394.75,394.75,386.3500061035156,386.6499938964844,386.6499938964844,0
2023-01-04 10:15:00+05:30,386.6000061035156,388.5,386.5,386.75,386.75,1543543
2023-01-04 11:15:00+05:30,386.70001220703125,387.45001220703125,385.20001220703125,385.20001220703125,385.20001220703125,1489890
2023-01-04 12:15:00+05:30,385.25,387.3999938964844,385.1000061035156,387.1499938964844,387.1499938964844,1545964
2023-01-04 13:15:00+05:30,387.1499938964844,388.5,386.04998779296875,388.0,388.0,4453809
2023-01-04 14:15:00+05:30,387.8999938964844,388.0,385.0,385.54998779296875,385.54998779296875,2279444
2023-01-04 15:15:00+05:30,385.54998779296875,385.95001220703125,385.1000061035156,385.79998779296875,385.79998779296875,1089883
2023-01-05 09:15:00+05:30,387.8500061035156,388.3999938964844,383.79998779296875,386.1000061035156,386.1000061035156,0
2023-01-05 10:15:00+05:30,386.5,388.5,386.0,387.75,387.75,1269667
2023-01-05 11:15:00+05:30,387.70001220703125,387.8500061035156,385.70001220703125,386.20001220703125,386.20001220703125,665332
2023-01-05 12:15:00+05:30,386.25,386.70001220703125,383.6499938964844,384.8500061035156,384.8500061035156,1056200
2023-01-05 13:15:00+05:30,384.8999938964844,384.95001220703125,382.5,383.79998779296875,383.79998779296875,1251352
2023-01-05 14:15:00+05:30,383.8500061035156,388.6499938964844,383.8500061035156,386.5,386.5,2346254
2023-01-05 15:15:00+05:30,386.54998779296875,387.20001220703125,386.3999938964844,387.0,387.0,648270
2023-01-06 09:15:00+05:30,386.1000061035156,388.3999938964844,385.1000061035156,385.5,385.5,0
2023-01-06 10:15:00+05:30,385.6000061035156,386.1000061035156,384.29998779296875,385.1000061035156,385.1000061035156,947375
2023-01-06 11:15:00+05:30,385.1000061035156,385.6499938964844,384.54998779296875,385.3500061035156,385.3500061035156,521094
2023-01-06 12:15:00+05:30,385.29998779296875,385.3999938964844,381.79998779296875,382.79998779296875,382.79998779296875,1372702
2023-01-06 13:15:00+05:30,382.70001220703125,384.75,382.6000061035156,383.45001220703125,383.45001220703125,805820
2023-01-06 14:15:00+05:30,383.45001220703125,383.70001220703125,382.1000061035156,382.5,382.5,1598757
2023-01-06 15:15:00+05:30,382.54998779296875,382.54998779296875,381.0,382.04998779296875,382.04998779296875,1498066
2023-01-09 09:15:00+05:30,385.8999938964844,391.6499938964844,385.20001220703125,391.04998779296875,391.04998779296875,0
2023-01-09 10:15:00+05:30,391.04998779296875,392.70001220703125,389.79998779296875,391.8999938964844,391.8999938964844,1687062
2023-01-09 11:15:00+05:30,391.8999938964844,392.25,390.70001220703125,391.29998779296875,391.29998779296875,2719534
2023-01-09 12:15:00+05:30,391.3500061035156,391.79998779296875,388.6000061035156,388.8999938964844,388.8999938964844,1459823
2023-01-09 13:15:00+05:30,388.8999938964844,388.95001220703125,386.5,388.45001220703125,388.45001220703125,1772033
2023-01-09 14:15:00+05:30,388.45001220703125,391.1000061035156,388.1499938964844,389.45001220703125,389.45001220703125,2131731
2023-01-09 15:15:00+05:30,389.3500061035156,389.6000061035156,388.1000061035156,388.8999938964844,388.8999938964844,749755
2023-01-10 09:15:00+05:30,401.1000061035156,415.75,401.1000061035156,413.04998779296875,413.04998779296875,11822894
2023-01-10 10:15:00+05:30,413.0,414.95001220703125,412.70001220703125,413.6000061035156,413.6000061035156,5231697
2023-01-10 11:15:00+05:30,413.70001220703125,416.0,413.5,416.0,416.0,4782918
2023-01-10 12:15:00+05:30,416.0,417.70001220703125,413.3500061035156,413.5,413.5,6318451
2023-01-10 13:15:00+05:30,413.54998779296875,414.8999938964844,412.3500061035156,413.6000061035156,413.6000061035156,3460098
2023-01-10 14:15:00+05:30,413.6000061035156,413.6499938964844,410.6499938964844,412.8500061035156,412.8500061035156,5265080
2023-01-10 15:15:00+05:30,412.95001220703125,414.20001220703125,412.3500061035156,412.5,412.5,2413702
2023-01-11 09:15:00+05:30,415.1499938964844,419.8999938964844,413.54998779296875,416.8500061035156,416.8500061035156,0
2023-01-11 10:15:00+05:30,416.70001220703125,416.8500061035156,415.20001220703125,416.6499938964844,416.6499938964844,2071483
2023-01-11 11:15:00+05:30,416.6499938964844,416.8500061035156,415.54998779296875,416.1499938964844,416.1499938964844,1277633
2023-01-11 12:15:00+05:30,416.1499938964844,419.0,416.0,418.25,418.25,2968657
2023-01-11 13:15:00+05:30,418.3999938964844,418.95001220703125,417.29998779296875,418.1000061035156,418.1000061035156,1708987
2023-01-11 14:15:00+05:30,418.1499938964844,420.0,417.70001220703125,417.75,417.75,4524356
2023-01-11 15:15:00+05:30,417.75,418.79998779296875,417.04998779296875,417.1000061035156,417.1000061035156,1578978
2023-01-12 09:15:00+05:30,419.95001220703125,420.45001220703125,415.1000061035156,415.70001220703125,415.70001220703125,0
2023-01-12 10:15:00+05:30,415.6499938964844,416.3500061035156,414.5,415.25,415.25,1449348
2023-01-12 11:15:00+05:30,415.29998779296875,415.95001220703125,413.79998779296875,414.1000061035156,414.1000061035156,1021151
2023-01-12 12:15:00+05:30,414.25,414.25,412.1499938964844,412.8999938964844,412.8999938964844,1358068
2023-01-12 13:15:00+05:30,412.95001220703125,413.70001220703125,410.1000061035156,413.0,413.0,1794538
2023-01-12 14:15:00+05:30,413.04998779296875,413.75,411.95001220703125,412.04998779296875,412.04998779296875,1796039
2023-01-12 15:15:00+05:30,412.04998779296875,412.3999938964844,411.8999938964844,412.20001220703125,412.20001220703125,978266
2023-01-13 09:15:00+05:30,412.75,413.25,408.0,408.54998779296875,408.54998779296875,0
2023-01-13 10:15:00+05:30,408.6000061035156,410.79998779296875,408.1000061035156,409.79998779296875,409.79998779296875,1586784
2023-01-13 11:15:00+05:30,409.79998779296875,410.75,409.1000061035156,410.25,410.25,737407
2023-01-13 12:15:00+05:30,410.29998779296875,412.45001220703125,410.04998779296875,412.1000061035156,412.1000061035156,1134967
2023-01-13 13:15:00+05:30,412.1000061035156,416.3500061035156,411.20001220703125,415.0,415.0,1947731
2023-01-13 14:15:00+05:30,414.95001220703125,415.25,411.1499938964844,411.3999938964844,411.3999938964844,1482075
2023-01-13 15:15:00+05:30,411.3999938964844,411.95001220703125,410.79998779296875,411.70001220703125,411.70001220703125,696877
2023-01-16 09:15:00+05:30,413.5,414.8500061035156,407.70001220703125,410.3999938964844,410.3999938964844,0
2023-01-16 10:15:00+05:30,410.29998779296875,411.6000061035156,410.0,411.25,411.25,1002554
2023-01-16 11:15:00+05:30,411.20001220703125,412.3999938964844,410.3999938964844,411.75,411.75,1462130
2023-01-16 12:15:00+05:30,411.8500061035156,412.8999938964844,411.04998779296875,412.79998779296875,412.79998779296875,976940
2023-01-16 13:15:00+05:30,412.79998779296875,413.1499938964844,410.0,411.3999938964844,411.3999938964844,1582652
2023-01-16 14:15:00+05:30,411.45001220703125,413.6499938964844,411.3500061035156,412.6000061035156,412.6000061035156,1789454
2023-01-16 15:15:00+05:30,412.6499938964844,413.20001220703125,412.5,413.1499938964844,413.1499938964844,830773
2023-01-17 09:15:00+05:30,413.0,418.25,412.5,417.70001220703125,417.70001220703125,0
2023-01-17 10:15:00+05:30,417.8999938964844,419.3999938964844,417.1000061035156,417.75,417.75,2120460
2023-01-17 11:15:00+05:30,417.79998779296875,418.70001220703125,417.25,418.1000061035156,418.1000061035156,897570
2023-01-17 12:15:00+05:30,418.29998779296875,418.3999938964844,415.5,415.79998779296875,415.79998779296875,1505945
2023-01-17 13:15:00+05:30,415.79998779296875,417.0,415.04998779296875,416.3500061035156,416.3500061035156,1082377
2023-01-17 14:15:00+05:30,416.29998779296875,416.8999938964844,415.3500061035156,415.75,415.75,2068227
2023-01-17 15:15:00+05:30,415.6499938964844,415.75,414.29998779296875,414.79998779296875,414.79998779296875,1096462
2023-01-18 09:15:00+05:30,415.54998779296875,415.8500061035156,409.29998779296875,409.6499938964844,409.6499938964844,0
2023-01-18 10:15:00+05:30,409.70001220703125,410.5,408.8500061035156,410.25,410.25,1777649
2023-01-18 11:15:00+05:30,410.20001220703125,411.3999938964844,409.79998779296875,411.20001220703125,411.20001220703125,1071456
2023-01-18 12:15:00+05:30,411.1499938964844,411.20001220703125,410.1000061035156,410.3500061035156,410.3500061035156,812044
2023-01-18 13:15:00+05:30,410.3999938964844,411.20001220703125,409.3500061035156,409.54998779296875,409.54998779296875,1300301
2023-01-18 14:15:00+05:30,409.5,409.95001220703125,407.75,407.8500061035156,407.8500061035156,3520425
2023-01-18 15:15:00+05:30,407.75,409.29998779296875,407.54998779296875,408.8500061035156,408.8500061035156,2005272
2023-01-19 09:15:00+05:30,406.45001220703125,407.75,402.3999938964844,403.70001220703125,403.70001220703125,0
2023-01-19 10:15:00+05:30,403.70001220703125,405.25,403.1000061035156,405.1499938964844,405.1499938964844,1650272
2023-01-19 11:15:00+05:30,405.0,406.75,404.95001220703125,406.0,406.0,1418378
2023-01-19 12:15:00+05:30,406.0,406.45001220703125,404.5,404.95001220703125,404.95001220703125,1322963
2023-01-19 13:15:00+05:30,404.8500061035156,406.6499938964844,404.45001220703125,405.20001220703125,405.20001220703125,929838
2023-01-19 14:15:00+05:30,405.25,405.5,400.1000061035156,400.25,400.25,3143675
2023-01-19 15:15:00+05:30,400.29998779296875,400.8999938964844,400.1499938964844,400.6499938964844,400.6499938964844,1431620
2023-01-20 09:15:00+05:30,404.95001220703125,405.45001220703125,402.70001220703125,403.45001220703125,403.45001220703125,0
2023-01-20 10:15:00+05:30,403.45001220703125,412.5,403.3999938964844,411.1000061035156,411.1000061035156,4915350
2023-01-20 11:15:00+05:30,411.04998779296875,412.04998779296875,408.5,409.0,409.0,2421564
2023-01-20 12:15:00+05:30,409.20001220703125,409.8500061035156,408.1499938964844,408.6499938964844,408.6499938964844,1598521
2023-01-20 13:15:00+05:30,408.70001220703125,409.3999938964844,406.5,406.8500061035156,406.8500061035156,2828361
2023-01-20 14:15:00+05:30,407.0,407.20001220703125,402.5,403.3500061035156,403.3500061035156,6394665
2023-01-20 15:15:00+05:30,403.5,403.8500061035156,401.29998779296875,403.1499938964844,403.1499938964844,2469744
2023-01-23 09:15:00+05:30,406.45001220703125,410.95001220703125,405.1499938964844,408.6000061035156,408.6000061035156,0
2023-01-23 10:15:00+05:30,408.54998779296875,410.20001220703125,408.3999938964844,408.6000061035156,408.6000061035156,1509335
2023-01-23 11:15:00+05:30,408.6000061035156,409.70001220703125,408.3500061035156,408.75,408.75,1113663
2023-01-23 12:15:00+05:30,408.8500061035156,409.75,408.54998779296875,408.79998779296875,408.79998779296875,976781
2023-01-23 13:15:00+05:30,408.8500061035156,410.3999938964844,408.6000061035156,410.1499938964844,410.1499938964844,1338828
2023-01-23 14:15:00+05:30,410.1000061035156,410.29998779296875,407.54998779296875,408.75,408.75,2568235
2023-01-23 15:15:00+05:30,408.8999938964844,409.79998779296875,407.5,408.0,408.0,1286124
2023-01-24 09:15:00+05:30,410.45001220703125,417.25,410.45001220703125,417.1499938964844,417.1499938964844,0
2023-01-24 10:15:00+05:30,417.1499938964844,420.54998779296875,416.95001220703125,420.20001220703125,420.20001220703125,5296361
2023-01-24 11:15:00+05:30,420.25,423.70001220703125,419.79998779296875,421.29998779296875,421.29998779296875,7729252
2023-01-24 12:15:00+05:30,421.29998779296875,423.20001220703125,420.79998779296875,421.95001220703125,421.95001220703125,2323521
2023-01-24 13:15:00+05:30,421.79998779296875,422.20001220703125,420.3500061035156,422.20001220703125,422.20001220703125,2146758
2023-01-24 14:15:00+05:30,422.04998779296875,423.0,421.25,422.1000061035156,422.1000061035156,3239810
2023-01-24 15:15:00+05:30,422.0,423.0,421.8999938964844,422.1499938964844,422.1499938964844,2083591
2023-01-25 09:15:00+05:30,423.75,427.0,419.1499938964844,419.25,419.25,0
2023-01-25 10:15:00+05:30,419.3500061035156,420.79998779296875,417.8999938964844,420.1499938964844,420.1499938964844,2989686
2023-01-25 11:15:00+05:30,420.20001220703125,420.5,417.75,419.70001220703125,419.70001220703125,2659956
2023-01-25 12:15:00+05:30,419.75,422.1000061035156,419.1499938964844,421.0,421.0,2436447
2023-01-25 13:15:00+05:30,420.8500061035156,423.0,420.20001220703125,422.3999938964844,422.3999938964844,2113903
2023-01-25 14:15:00+05:30,422.5,422.70001220703125,418.1499938964844,419.45001220703125,419.45001220703125,3553474
2023-01-25 15:15:00+05:30,419.45001220703125,419.6499938964844,418.3999938964844,418.54998779296875,418.54998779296875,1553257
2023-01-27 09:15:00+05:30,437.95001220703125,453.20001220703125,437.5,444.1000061035156,444.1000061035156,4568872
2023-01-27 10:15:00+05:30,444.0,451.0,443.3500061035156,445.20001220703125,445.20001220703125,10219123
2023-01-27 11:15:00+05:30,445.1000061035156,446.3500061035156,442.04998779296875,443.0,443.0,5155826
2023-01-27 12:15:00+05:30,443.04998779296875,443.75,438.6499938964844,440.6499938964844,440.6499938964844,5843275
2023-01-27 13:15:00+05:30,440.79998779296875,441.95001220703125,436.6499938964844,436.79998779296875,436.79998779296875,4679666
2023-01-27 14:15:00+05:30,437.0,447.5,436.79998779296875,444.95001220703125,444.95001220703125,7469647
2023-01-27 15:15:00+05:30,445.0,446.75,444.20001220703125,445.25,445.25,2451174
2023-01-30 09:15:00+05:30,445.25,450.0,442.8999938964844,444.1000061035156,444.1000061035156,0
2023-01-30 10:15:00+05:30,444.1000061035156,445.0,441.0,442.3500061035156,442.3500061035156,2300666
2023-01-30 11:15:00+05:30,442.29998779296875,445.0,440.5,443.6000061035156,443.6000061035156,1721775
2023-01-30 12:15:00+05:30,443.70001220703125,444.45001220703125,438.3999938964844,439.5,439.5,1835423
2023-01-30 13:15:00+05:30,439.3500061035156,443.3500061035156,437.75,443.20001220703125,443.20001220703125,2318540
2023-01-30 14:15:00+05:30,442.95001220703125,444.3500061035156,441.5,443.70001220703125,443.70001220703125,2638497
2023-01-30 15:15:00+05:30,443.75,444.0,443.0,443.6499938964844,443.6499938964844,1257280
2023-01-31 09:15:00+05:30,443.70001220703125,447.95001220703125,441.0,446.20001220703125,446.20001220703125,0
2023-01-31 10:15:00+05:30,446.25,448.79998779296875,445.6499938964844,448.29998779296875,448.29998779296875,2148474
2023-01-31 11:15:00+05:30,448.29998779296875,451.79998779296875,447.54998779296875,450.20001220703125,450.20001220703125,3525464
2023-01-31 12:15:00+05:30,450.20001220703125,452.95001220703125,449.45001220703125,452.45001220703125,452.45001220703125,3006720
2023-01-31 13:15:00+05:30,452.45001220703125,452.70001220703125,450.20001220703125,450.3500061035156,450.3500061035156,6057754
2023-01-31 14:15:00+05:30,450.45001220703125,454.79998779296875,450.04998779296875,452.45001220703125,452.45001220703125,4949727
2023-01-31 15:15:00+05:30,452.45001220703125,452.54998779296875,451.0,451.29998779296875,451.29998779296875,1585534
2023-02-01 09:15:00+05:30,455.95001220703125,456.45001220703125,450.3999938964844,452.5,452.5,0
2023-02-01 10:15:00+05:30,452.5,456.5,452.0,454.95001220703125,454.95001220703125,2240658
2023-02-01 11:15:00+05:30,455.0,456.70001220703125,452.20001220703125,455.79998779296875,455.79998779296875,3240816
2023-02-01 12:15:00+05:30,455.79998779296875,461.3500061035156,453.1000061035156,454.95001220703125,454.95001220703125,5455138
2023-02-01 13:15:00+05:30,455.8999938964844,456.25,448.25,450.70001220703125,450.70001220703125,3393475
2023-02-01 14:15:00+05:30,450.79998779296875,451.0,437.70001220703125,446.6000061035156,446.6000061035156,4924570
2023-02-01 15:15:00+05:30,446.8500061035156,447.3999938964844,444.95001220703125,446.3500061035156,446.3500061035156,1177605
2023-02-02 09:15:00+05:30,446.79998779296875,449.0,440.79998779296875,443.0,443.0,0
2023-02-02 10:15:00+05:30,443.0,445.95001220703125,441.0,444.1000061035156,444.1000061035156,1452770
2023-02-02 11:15:00+05:30,444.1000061035156,446.79998779296875,443.04998779296875,445.79998779296875,445.79998779296875,1167154
2023-02-02 12:15:00+05:30,445.79998779296875,445.79998779296875,443.0,443.8500061035156,443.8500061035156,1251756
2023-02-02 13:15:00+05:30,443.95001220703125,444.5,441.1499938964844,443.79998779296875,443.79998779296875,1501390
2023-02-02 14:15:00+05:30,444.0,446.3500061035156,443.5,444.6000061035156,444.6000061035156,1368341
2023-02-02 15:15:00+05:30,444.75,444.95001220703125,444.1000061035156,444.45001220703125,444.45001220703125,654757
2023-02-03 09:15:00+05:30,446.6499938964844,450.75,444.0,444.8500061035156,444.8500061035156,0
2023-02-03 10:15:00+05:30,444.79998779296875,445.6000061035156,442.3500061035156,444.3999938964844,444.3999938964844,2302989
2023-02-03 11:15:00+05:30,444.45001220703125,445.70001220703125,443.1000061035156,445.6499938964844,445.6499938964844,1119141
2023-02-03 12:15:00+05:30,445.6499938964844,445.79998779296875,443.75,445.1499938964844,445.1499938964844,939007
2023-02-03 13:15:00+05:30,445.04998779296875,448.20001220703125,443.70001220703125,445.5,445.5,1783723
2023-02-03 14:15:00+05:30,445.5,448.1499938964844,444.45001220703125,444.54998779296875,444.54998779296875,2242000
2023-02-03 15:15:00+05:30,444.54998779296875,445.54998779296875,444.45001220703125,444.75,444.75,693713
2023-02-06 09:15:00+05:30,444.3500061035156,447.0,442.1000061035156,444.79998779296875,444.79998779296875,0
2023-02-06 10:15:00+05:30,444.70001220703125,445.0,440.3999938964844,440.5,440.5,1092372
2023-02-06 11:15:00+05:30,440.45001220703125,442.75,440.3999938964844,441.54998779296875,441.54998779296875,582693
2023-02-06 12:15:00+05:30,441.3999938964844,442.3999938964844,440.75,441.54998779296875,441.54998779296875,472212
2023-02-06 13:15:00+05:30,441.5,444.0,441.20001220703125,441.79998779296875,441.79998779296875,848674
2023-02-06 14:15:00+05:30,441.6000061035156,443.3999938964844,439.6000061035156,441.8500061035156,441.8500061035156,1349972
2023-02-06 15:15:00+05:30,441.8500061035156,442.3500061035156,441.1000061035156,441.70001220703125,441.70001220703125,499549
2023-02-07 09:15:00+05:30,441.8500061035156,443.3500061035156,436.1000061035156,436.70001220703125,436.70001220703125,0
2023-02-07 10:15:00+05:30,436.5,437.3999938964844,435.0,436.45001220703125,436.45001220703125,1243292
2023-02-07 11:15:00+05:30,436.54998779296875,437.25,435.54998779296875,436.1499938964844,436.1499938964844,591498
2023-02-07 12:15:00+05:30,436.04998779296875,436.5,433.1000061035156,433.25,433.25,997886
2023-02-07 13:15:00+05:30,433.29998779296875,436.3999938964844,433.29998779296875,435.95001220703125,435.95001220703125,1100027
2023-02-07 14:15:00+05:30,435.8999938964844,438.5,435.1499938964844,435.29998779296875,435.29998779296875,1920908
2023-02-07 15:15:00+05:30,435.29998779296875,435.70001220703125,434.5,435.45001220703125,435.45001220703125,960051
2023-02-08 09:15:00+05:30,435.3999938964844,438.54998779296875,431.6000061035156,437.6000061035156,437.6000061035156,0
2023-02-08 10:15:00+05:30,437.54998779296875,439.5,436.6000061035156,438.0,438.0,1300243
2023-02-08 11:15:00+05:30,438.04998779296875,439.0,437.25,437.75,437.75,642171
2023-02-08 12:15:00+05:30,437.70001220703125,437.79998779296875,436.04998779296875,436.20001220703125,436.20001220703125,570111
2023-02-08 13:15:00+05:30,436.1499938964844,438.04998779296875,435.5,436.1000061035156,436.1000061035156,969310
2023-02-08 14:15:00+05:30,436.1000061035156,441.0,435.29998779296875,439.6000061035156,439.6000061035156,1839680
2023-02-08 15:15:00+05:30,439.6000061035156,440.79998779296875,439.6000061035156,440.1000061035156,440.1000061035156,622193
2023-02-09 09:15:00+05:30,439.95001220703125,440.5,433.6000061035156,436.1000061035156,436.1000061035156,0
2023-02-09 10:15:00+05:30,436.20001220703125,437.20001220703125,435.20001220703125,436.0,436.0,768266
2023-02-09 11:15:00+05:30,436.0,437.70001220703125,435.04998779296875,435.20001220703125,435.20001220703125,849717
2023-02-09 12:15:00+05:30,435.1000061035156,436.20001220703125,435.04998779296875,435.3500061035156,435.3500061035156,504577
2023-02-09 13:15:00+05:30,435.3999938964844,437.95001220703125,435.0,437.04998779296875,437.04998779296875,1819090
2023-02-09 14:15:00+05:30,437.25,437.8999938964844,436.29998779296875,437.0,437.0,679925
2023-02-09 15:15:00+05:30,436.95001220703125,437.0,436.20001220703125,436.75,436.75,475060
2023-02-10 09:15:00+05:30,436.75,438.20001220703125,431.25,433.20001220703125,433.20001220703125,0
2023-02-10 10:15:00+05:30,433.20001220703125,435.3500061035156,432.75,435.1499938964844,435.1499938964844,1067981
2023-02-10 11:15:00+05:30,435.20001220703125,436.3500061035156,434.75,435.6499938964844,435.6499938964844,861314
2023-02-10 12:15:00+05:30,435.6000061035156,437.45001220703125,435.54998779296875,437.1000061035156,437.1000061035156,799455
2023-02-10 13:15:00+05:30,437.1000061035156,446.3500061035156,437.0,445.1000061035156,445.1000061035156,3220735
2023-02-10 14:15:00+05:30,445.1499938964844,447.5,444.0,445.8500061035156,445.8500061035156,4473024
2023-02-10 15:15:00+05:30,445.75,446.3999938964844,444.3500061035156,444.5,444.5,1287143
2023-02-13 09:15:00+05:30,445.0,446.8500061035156,440.1499938964844,441.1000061035156,441.1000061035156,0
2023-02-13 10:15:00+05:30,441.04998779296875,443.29998779296875,440.0,443.1499938964844,443.1499938964844,876790
2023-02-13 11:15:00+05:30,443.25,443.29998779296875,440.29998779296875,442.45001220703125,442.45001220703125,842141
2023-02-13 12:15:00+05:30,442.45001220703125,443.20001220703125,440.45001220703125,441.45001220703125,441.45001220703125,949122
2023-02-13 13:15:00+05:30,441.3999938964844,442.20001220703125,439.1000061035156,441.8999938964844,441.8999938964844,1163833
2023-02-13 14:15:00+05:30,441.8999938964844,442.79998779296875,440.6499938964844,440.70001220703125,440.70001220703125,1351458
2023-02-13 15:15:00+05:30,440.70001220703125,441.5,440.29998779296875,441.04998779296875,441.04998779296875,916420
2023-02-14 09:15:00+05:30,441.79998779296875,442.6499938964844,434.45001220703125,437.3500061035156,437.3500061035156,0
2023-02-14 10:15:00+05:30,437.3999938964844,439.3500061035156,436.6499938964844,438.5,438.5,1129419
2023-02-14 11:15:00+05:30,438.5,440.95001220703125,438.1499938964844,440.04998779296875,440.04998779296875,1018214
2023-02-14 12:15:00+05:30,440.1499938964844,444.25,439.75,443.0,443.0,1461573
2023-02-14 13:15:00+05:30,442.95001220703125,443.29998779296875,441.54998779296875,442.3500061035156,442.3500061035156,1006912
2023-02-14 14:15:00+05:30,442.3500061035156,442.79998779296875,440.04998779296875,440.6499938964844,440.6499938964844,1190152
2023-02-14 15:15:00+05:30,440.8500061035156,440.8999938964844,440.04998779296875,440.54998779296875,440.54998779296875,471704
2023-02-15 09:15:00+05:30,438.3999938964844,443.0,438.1499938964844,441.04998779296875,441.04998779296875,0
2023-02-15 10:15:00+05:30,441.04998779296875,442.75,440.1499938964844,440.20001220703125,440.20001220703125,1094769
2023-02-15 11:15:00+05:30,440.29998779296875,440.8999938964844,438.95001220703125,439.1000061035156,439.1000061035156,868819
2023-02-15 12:15:00+05:30,439.1000061035156,440.0,438.1499938964844,438.5,438.5,900546
2023-02-15 13:15:00+05:30,438.5,440.75,438.29998779296875,440.45001220703125,440.45001220703125,955640
2023-02-15 14:15:00+05:30,440.45001220703125,444.8500061035156,440.1499938964844,444.1499938964844,444.1499938964844,2744139
2023-02-15 15:15:00+05:30,444.1000061035156,444.5,443.70001220703125,444.0,444.0,927783
2023-02-16 09:15:00+05:30,444.8999938964844,448.1499938964844,444.70001220703125,445.3999938964844,445.3999938964844,0
2023-02-16 10:15:00+05:30,445.3999938964844,445.8999938964844,443.04998779296875,443.25,443.25,842181
2023-02-16 11:15:00+05:30,443.20001220703125,443.75,440.75,442.0,442.0,953143
2023-02-16 12:15:00+05:30,442.04998779296875,443.5,440.75,442.25,442.25,942985
2023-02-16 13:15:00+05:30,442.45001220703125,443.5,441.8999938964844,442.8500061035156,442.8500061035156,927437
2023-02-16 14:15:00+05:30,443.0,443.1499938964844,441.6000061035156,441.75,441.75,1285052
2023-02-16 15:15:00+05:30,441.70001220703125,441.70001220703125,440.5,440.79998779296875,440.79998779296875,854901
2023-02-17 09:15:00+05:30,437.6000061035156,442.29998779296875,436.8999938964844,439.79998779296875,439.79998779296875,0
2023-02-17 10:15:00+05:30,439.79998779296875,442.3500061035156,439.6499938964844,440.70001220703125,440.70001220703125,997345
2023-02-17 11:15:00+05:30,440.6499938964844,441.20001220703125,439.3500061035156,439.8999938964844,439.8999938964844,564282
2023-02-17 12:15:00+05:30,439.95001220703125,440.25,438.70001220703125,439.5,439.5,794073
2023-02-17 13:15:00+05:30,439.5,440.3500061035156,438.25,438.70001220703125,438.70001220703125,695256
2023-02-17 14:15:00+05:30,438.6499938964844,440.8999938964844,438.6000061035156,439.95001220703125,439.95001220703125,1065978
2023-02-17 15:15:00+05:30,439.95001220703125,440.1000061035156,439.25,439.3999938964844,439.3999938964844,574975
2023-02-20 09:15:00+05:30,441.25,441.5,436.25,438.6000061035156,438.6000061035156,0
2023-02-20 10:15:00+05:30,438.54998779296875,441.0,437.20001220703125,440.79998779296875,440.79998779296875,1030037
2023-02-20 11:15:00+05:30,440.95001220703125,440.95001220703125,439.0,440.54998779296875,440.54998779296875,845874
2023-02-20 12:15:00+05:30,440.5,443.0,440.3500061035156,442.95001220703125,442.95001220703125,1270765
2023-02-20 13:15:00+05:30,442.95001220703125,444.29998779296875,440.45001220703125,444.0,444.0,1905274
2023-02-20 14:15:00+05:30,444.20001220703125,445.1499938964844,442.8500061035156,443.25,443.25,2011687
2023-02-20 15:15:00+05:30,443.29998779296875,443.6000061035156,441.6499938964844,443.0,443.0,698415
2023-02-21 09:15:00+05:30,444.95001220703125,445.0,440.0,441.6000061035156,441.6000061035156,0
2023-02-21 10:15:00+05:30,441.6499938964844,443.20001220703125,441.29998779296875,441.8500061035156,441.8500061035156,1039603
2023-02-21 11:15:00+05:30,441.8500061035156,441.8500061035156,439.3999938964844,439.70001220703125,439.70001220703125,1120811
2023-02-21 12:15:00+05:30,439.70001220703125,439.8999938964844,438.3999938964844,439.3999938964844,439.3999938964844,1018229
2023-02-21 13:15:00+05:30,439.3999938964844,440.8500061035156,438.70001220703125,440.04998779296875,440.04998779296875,918976
2023-02-21 14:15:00+05:30,440.04998779296875,440.1499938964844,436.8500061035156,436.8500061035156,436.8500061035156,1447311
2023-02-21 15:15:00+05:30,437.0,437.1499938964844,435.25,436.1000061035156,436.1000061035156,928613
2023-02-22 09:15:00+05:30,434.70001220703125,435.79998779296875,431.0,432.5,432.5,0
2023-02-22 10:15:00+05:30,432.3999938964844,432.3999938964844,430.0,431.1499938964844,431.1499938964844,1023726
2023-02-22 11:15:00+05:30,431.1000061035156,432.1000061035156,430.20001220703125,430.95001220703125,430.95001220703125,643275
2023-02-22 12:15:00+05:30,430.95001220703125,431.8999938964844,429.29998779296875,431.29998779296875,431.29998779296875,845464
2023-02-22 13:15:00+05:30,431.29998779296875,431.70001220703125,429.5,429.75,429.75,739889
2023-02-22 14:15:00+05:30,429.70001220703125,431.45001220703125,429.04998779296875,429.6000061035156,429.6000061035156,1065062
2023-02-22 15:15:00+05:30,429.6000061035156,429.70001220703125,428.29998779296875,428.79998779296875,428.79998779296875,703520
2023-02-23 09:15:00+05:30,428.6000061035156,432.5,427.20001220703125,432.04998779296875,432.04998779296875,0
2023-02-23 10:15:00+05:30,432.04998779296875,434.6499938964844,430.25,431.6499938964844,431.6499938964844,1816264
2023-02-23 11:15:00+05:30,431.6499938964844,434.29998779296875,431.54998779296875,432.0,432.0,808043
2023-02-23 12:15:00+05:30,432.0,433.5,431.45001220703125,433.1499938964844,433.1499938964844,732672
2023-02-23 13:15:00+05:30,433.1499938964844,434.5,433.0,434.1000061035156,434.1000061035156,1012108
2023-02-23 14:15:00+05:30,434.1000061035156,436.3999938964844,431.8500061035156,432.5,432.5,2060204
2023-02-23 15:15:00+05:30,432.45001220703125,435.0,432.3500061035156,433.20001220703125,433.20001220703125,521812
2023-02-24 09:15:00+05:30,435.3999938964844,436.70001220703125,428.6000061035156,429.79998779296875,429.79998779296875,0
2023-02-24 10:15:00+05:30,429.8500061035156,431.45001220703125,428.75,429.6000061035156,429.6000061035156,859688
2023-02-24 11:15:00+05:30,429.54998779296875,430.5,427.5,428.75,428.75,931515
2023-02-24 12:15:00+05:30,428.75,429.04998779296875,427.29998779296875,428.25,428.25,969432
2023-02-24 13:15:00+05:30,428.29998779296875,429.70001220703125,428.0,428.29998779296875,428.29998779296875,818544
2023-02-24 14:15:00+05:30,428.29998779296875,429.45001220703125,427.5,427.79998779296875,427.79998779296875,1358579
2023-02-24 15:15:00+05:30,427.70001220703125,427.8999938964844,427.0,427.75,427.75,785303
2023-02-27 09:15:00+05:30,428.0,428.04998779296875,417.0,417.75,417.75,0
2023-02-27 10:15:00+05:30,417.70001220703125,419.75,415.25,419.54998779296875,419.54998779296875,2360782
2023-02-27 11:15:00+05:30,419.54998779296875,420.3500061035156,416.20001220703125,416.5,416.5,936822
2023-02-27 12:15:00+05:30,416.5,416.8999938964844,413.29998779296875,414.0,414.0,1165572
2023-02-27 13:15:00+05:30,413.79998779296875,416.25,413.6499938964844,416.0,416.0,788130
2023-02-27 14:15:00+05:30,416.0,418.6000061035156,414.6499938964844,418.29998779296875,418.29998779296875,1359535
2023-02-27 15:15:00+05:30,418.5,419.0,417.29998779296875,418.95001220703125,418.95001220703125,708427
2023-02-28 09:15:00+05:30,419.3999938964844,424.3999938964844,419.04998779296875,424.3999938964844,424.3999938964844,0
2023-02-28 10:15:00+05:30,424.3999938964844,424.79998779296875,421.75,422.6000061035156,422.6000061035156,1224459
2023-02-28 11:15:00+05:30,422.6000061035156,424.79998779296875,422.45001220703125,423.79998779296875,423.79998779296875,932412
2023-02-28 12:15:00+05:30,423.75,424.3999938964844,422.1000061035156,422.5,422.5,765656
2023-02-28 13:15:00+05:30,422.3999938964844,422.95001220703125,419.5,419.75,419.75,1537986
2023-02-28 14:15:00+05:30,419.79998779296875,421.79998779296875,419.5,420.79998779296875,420.79998779296875,1658459
2023-02-28 15:15:00+05:30,420.8500061035156,420.95001220703125,420.0,420.8500061035156,420.8500061035156,991514
2023-03-01 09:15:00+05:30,421.8500061035156,426.6000061035156,421.75,425.45001220703125,425.45001220703125,0
2023-03-01 10:15:00+05:30,425.3500061035156,426.5,424.1000061035156,425.1499938964844,425.1499938964844,759933
2023-03-01 11:15:00+05:30,425.1499938964844,427.0,424.6000061035156,426.1499938964844,426.1499938964844,672794
2023-03-01 12:15:00+05:30,426.1000061035156,428.0,425.29998779296875,427.3999938964844,427.3999938964844,833819
2023-03-01 13:15:00+05:30,427.3999938964844,427.54998779296875,425.70001220703125,426.25,426.25,1398323
2023-03-01 14:15:00+05:30,426.3500061035156,427.25,425.04998779296875,425.8999938964844,425.8999938964844,1326222
2023-03-01 15:15:00+05:30,425.8999938964844,426.45001220703125,425.75,426.04998779296875,426.04998779296875,532021
2023-03-02 09:15:00+05:30,425.8999938964844,425.8999938964844,421.1000061035156,422.6000061035156,422.6000061035156,0
2023-03-02 10:15:00+05:30,422.6000061035156,423.5,421.25,422.25,422.25,598478
2023-03-02 11:15:00+05:30,422.25,423.70001220703125,421.79998779296875,423.6499938964844,423.6499938964844,471806
2023-03-02 12:15:00+05:30,423.6000061035156,424.3500061035156,423.20001220703125,423.8500061035156,423.8500061035156,611834
2023-03-02 13:15:00+05:30,423.8500061035156,424.0,421.5,422.70001220703125,422.70001220703125,836776
2023-03-02 14:15:00+05:30,422.6499938964844,422.75,419.6000061035156,420.6000061035156,420.6000061035156,1168061
2023-03-02 15:15:00+05:30,420.70001220703125,420.79998779296875,419.95001220703125,420.75,420.75,573800
2023-03-03 09:15:00+05:30,422.3999938964844,425.70001220703125,422.3999938964844,425.6000061035156,425.6000061035156,0
2023-03-03 10:15:00+05:30,425.6000061035156,426.5,424.54998779296875,425.0,425.0,1167228
2023-03-03 11:15:00+05:30,425.0,426.45001220703125,424.6000061035156,425.6499938964844,425.6499938964844,790604
2023-03-03 12:15:00+05:30,425.6499938964844,426.0,424.3999938964844,424.79998779296875,424.79998779296875,881685
2023-03-03 13:15:00+05:30,424.8500061035156,430.5,424.1000061035156,428.8500061035156,428.8500061035156,1952916
2023-03-03 14:15:00+05:30,428.8500061035156,429.29998779296875,427.79998779296875,428.1000061035156,428.1000061035156,1004315
2023-03-03 15:15:00+05:30,427.8999938964844,428.29998779296875,427.45001220703125,428.0,428.0,621475
2023-03-06 09:15:00+05:30,430.70001220703125,433.95001220703125,430.70001220703125,432.70001220703125,432.70001220703125,0
2023-03-06 10:15:00+05:30,432.54998779296875,437.0,432.29998779296875,436.75,436.75,1893172
2023-03-06 11:15:00+05:30,436.79998779296875,438.0,435.54998779296875,436.8500061035156,436.8500061035156,950581
2023-03-06 12:15:00+05:30,436.8500061035156,438.0,436.0,436.95001220703125,436.95001220703125,977900
2023-03-06 13:15:00+05:30,436.95001220703125,440.75,436.0,439.6000061035156,439.6000061035156,2576471
2023-03-06 14:15:00+05:30,439.6000061035156,440.3999938964844,438.3500061035156,439.75,439.75,2109919
2023-03-06 15:15:00+05:30,439.8500061035156,441.29998779296875,439.70001220703125,441.0,441.0,1231709
2023-03-08 09:15:00+05:30,438.5,439.3500061035156,436.1000061035156,438.3500061035156,438.3500061035156,0
2023-03-08 10:15:00+05:30,438.3500061035156,441.0,437.95001220703125,439.3500061035156,439.3500061035156,1174323
2023-03-08 11:15:00+05:30,439.29998779296875,440.0,437.25,437.6499938964844,437.6499938964844,1235100
2023-03-08 12:15:00+05:30,437.54998779296875,438.0,436.54998779296875,437.20001220703125,437.20001220703125,805462
2023-03-08 13:15:00+05:30,437.1499938964844,439.29998779296875,437.1499938964844,438.8500061035156,438.8500061035156,745384
2023-03-08 14:15:00+05:30,438.79998779296875,440.3999938964844,437.8500061035156,439.54998779296875,439.54998779296875,1183756
2023-03-08 15:15:00+05:30,439.54998779296875,439.6499938964844,438.25,439.29998779296875,439.29998779296875,500629
2023-03-09 09:15:00+05:30,439.29998779296875,442.0,434.6499938964844,435.3999938964844,435.3999938964844,0
2023-03-09 10:15:00+05:30,435.5,437.3999938964844,435.25,435.8999938964844,435.8999938964844,615451
2023-03-09 11:15:00+05:30,435.95001220703125,436.8999938964844,434.79998779296875,435.29998779296875,435.29998779296875,399159
2023-03-09 12:15:00+05:30,435.45001220703125,435.45001220703125,433.25,433.79998779296875,433.79998779296875,730230
2023-03-09 13:15:00+05:30,433.79998779296875,434.29998779296875,432.54998779296875,433.79998779296875,433.79998779296875,598828
2023-03-09 14:15:00+05:30,433.79998779296875,433.79998779296875,432.0,432.6499938964844,432.6499938964844,909684
2023-03-09 15:15:00+05:30,432.6499938964844,432.6499938964844,431.6499938964844,432.20001220703125,432.20001220703125,701521
2023-03-10 09:15:00+05:30,433.1000061035156,437.75,431.25,435.45001220703125,435.45001220703125,0
2023-03-10 10:15:00+05:30,435.5,437.20001220703125,435.0,435.6000061035156,435.6000061035156,1143564
2023-03-10 11:15:00+05:30,435.75,436.0,434.1499938964844,435.1499938964844,435.1499938964844,744537
2023-03-10 12:15:00+05:30,435.25,436.3999938964844,434.25,435.6000061035156,435.6000061035156,585232
2023-03-10 13:15:00+05:30,435.70001220703125,435.75,433.3999938964844,435.1499938964844,435.1499938964844,966552
2023-03-10 14:15:00+05:30,435.3500061035156,436.29998779296875,434.1000061035156,435.8500061035156,435.8500061035156,1355391
2023-03-10 15:15:00+05:30,435.8999938964844,436.8500061035156,435.45001220703125,436.79998779296875,436.79998779296875,837982
2023-03-13 09:15:00+05:30,436.1000061035156,437.0,431.20001220703125,432.0,432.0,0
2023-03-13 10:15:00+05:30,431.79998779296875,432.3999938964844,429.1499938964844,431.45001220703125,431.45001220703125,946137
2023-03-13 11:15:00+05:30,431.45001220703125,431.45001220703125,427.6499938964844,427.70001220703125,427.70001220703125,685589
2023-03-13 12:15:00+05:30,427.79998779296875,428.25,425.5,426.1499938964844,426.1499938964844,1184519
2023-03-13 13:15:00+05:30,426.20001220703125,426.5,422.54998779296875,423.0,423.0,1144253
2023-03-13 14:15:00+05:30,423.0,423.45001220703125,419.25,422.0,422.0,2194096
2023-03-13 15:15:00+05:30,422.04998779296875,424.0,421.6000061035156,423.70001220703125,423.70001220703125,830824
2023-03-14 09:15:00+05:30,422.79998779296875,424.20001220703125,417.20001220703125,421.04998779296875,421.04998779296875,0
2023-03-14 10:15:00+05:30,421.1000061035156,421.5,417.0,417.29998779296875,417.29998779296875,1158046
2023-03-14 11:15:00+05:30,417.45001220703125,419.3999938964844,416.25,418.0,418.0,1115752
2023-03-14 12:15:00+05:30,417.95001220703125,421.1000061035156,413.45001220703125,415.6000061035156,415.6000061035156,1695364
2023-03-14 13:15:00+05:30,415.3999938964844,416.3500061035156,414.3999938964844,415.79998779296875,415.79998779296875,950026
2023-03-14 14:15:00+05:30,415.75,417.6000061035156,414.6000061035156,417.0,417.0,1252484
2023-03-14 15:15:00+05:30,417.0,417.8500061035156,416.45001220703125,416.6499938964844,416.6499938964844,447523
2023-03-15 09:15:00+05:30,420.25,423.8999938964844,417.25,418.45001220703125,418.45001220703125,0
2023-03-15 10:15:00+05:30,418.5,419.3999938964844,417.29998779296875,417.8999938964844,417.8999938964844,718210
2023-03-15 11:15:00+05:30,417.75,419.25,417.29998779296875,417.3999938964844,417.3999938964844,673096
2023-03-15 12:15:00+05:30,417.3999938964844,417.6499938964844,416.29998779296875,416.8999938964844,416.8999938964844,807459
2023-03-15 13:15:00+05:30,417.04998779296875,417.04998779296875,415.0,415.8999938964844,415.8999938964844,920398
2023-03-15 14:15:00+05:30,416.04998779296875,416.5,410.1000061035156,411.29998779296875,411.29998779296875,1625344
2023-03-15 15:15:00+05:30,411.3500061035156,413.3999938964844,410.54998779296875,413.29998779296875,413.29998779296875,919112
2023-03-16 09:15:00+05:30,413.04998779296875,413.3999938964844,405.04998779296875,408.3500061035156,408.3500061035156,0
2023-03-16 10:15:00+05:30,408.29998779296875,415.79998779296875,407.6499938964844,413.8500061035156,413.8500061035156,2931171
2023-03-16 11:15:00+05:30,413.8500061035156,414.6000061035156,412.25,412.45001220703125,412.45001220703125,1061204
2023-03-16 12:15:00+05:30,412.45001220703125,414.79998779296875,412.04998779296875,414.45001220703125,414.45001220703125,920080
2023-03-16 13:15:00+05:30,414.5,418.45001220703125,413.75,417.70001220703125,417.70001220703125,1435672
2023-03-16 14:15:00+05:30,417.54998779296875,418.0,414.6000061035156,414.79998779296875,414.79998779296875,1366424
2023-03-16 15:15:00+05:30,414.75,417.5,414.5,415.70001220703125,415.70001220703125,628460
2023-03-17 09:15:00+05:30,419.54998779296875,423.3999938964844,418.1000061035156,419.04998779296875,419.04998779296875,0
2023-03-17 10:15:00+05:30,419.0,419.75,416.5,416.6000061035156,416.6000061035156,789313
2023-03-17 11:15:00+05:30,416.6000061035156,417.79998779296875,415.25,415.6499938964844,415.6499938964844,718516
2023-03-17 12:15:00+05:30,415.6000061035156,417.45001220703125,414.54998779296875,416.29998779296875,416.29998779296875,743238
2023-03-17 13:15:00+05:30,416.29998779296875,419.8999938964844,416.1499938964844,418.6499938964844,418.6499938964844,1121993
2023-03-17 14:15:00+05:30,418.45001220703125,420.45001220703125,417.1000061035156,418.8999938964844,418.8999938964844,2057901
2023-03-17 15:15:00+05:30,418.8500061035156,419.29998779296875,418.6000061035156,418.95001220703125,418.95001220703125,915294
2023-03-20 09:15:00+05:30,415.25,416.8999938964844,407.54998779296875,408.6000061035156,408.6000061035156,0
2023-03-20 10:15:00+05:30,408.6000061035156,410.20001220703125,406.70001220703125,410.20001220703125,410.20001220703125,1550432
2023-03-20 11:15:00+05:30,410.20001220703125,410.29998779296875,408.54998779296875,408.79998779296875,408.79998779296875,800293
2023-03-20 12:15:00+05:30,408.79998779296875,409.1499938964844,405.5,407.20001220703125,407.20001220703125,1026375
2023-03-20 13:15:00+05:30,407.25,407.5,405.5,406.70001220703125,406.70001220703125,1001098
2023-03-20 14:15:00+05:30,406.70001220703125,411.3999938964844,406.29998779296875,410.8500061035156,410.8500061035156,2280426
2023-03-20 15:15:00+05:30,410.8500061035156,411.3999938964844,410.25,411.0,411.0,714087
2023-03-21 09:15:00+05:30,412.54998779296875,413.5,407.70001220703125,410.04998779296875,410.04998779296875,0
2023-03-21 10:15:00+05:30,410.0,411.95001220703125,409.79998779296875,411.79998779296875,411.79998779296875,1002661
2023-03-21 11:15:00+05:30,411.75,411.95001220703125,410.1000061035156,410.29998779296875,410.29998779296875,644526
2023-03-21 12:15:00+05:30,410.29998779296875,412.29998779296875,409.70001220703125,412.04998779296875,412.04998779296875,850151
2023-03-21 13:15:00+05:30,412.8500061035156,413.0,411.6000061035156,412.0,412.0,823217
2023-03-21 14:15:00+05:30,412.04998779296875,413.8999938964844,412.0,412.29998779296875,412.29998779296875,1197129
2023-03-21 15:15:00+05:30,412.29998779296875,412.79998779296875,412.1000061035156,412.3999938964844,412.3999938964844,542685
2023-03-22 09:15:00+05:30,416.0,418.29998779296875,415.3999938964844,416.25,416.25,0
2023-03-22 10:15:00+05:30,416.1000061035156,416.25,415.0,415.6499938964844,415.6499938964844,626840
2023-03-22 11:15:00+05:30,415.6499938964844,416.04998779296875,414.79998779296875,415.54998779296875,415.54998779296875,436566
2023-03-22 12:15:00+05:30,415.54998779296875,416.25,414.5,414.5,414.5,480535
2023-03-22 13:15:00+05:30,414.5,416.20001220703125,413.79998779296875,416.1499938964844,416.1499938964844,708150
2023-03-22 14:15:00+05:30,416.1000061035156,416.79998779296875,415.0,416.20001220703125,416.20001220703125,864593
2023-03-22 15:15:00+05:30,416.20001220703125,416.25,415.45001220703125,415.70001220703125,415.70001220703125,533158
2023-03-23 09:15:00+05:30,416.5,420.8999938964844,416.1000061035156,419.6000061035156,419.6000061035156,0
2023-03-23 10:15:00+05:30,419.70001220703125,422.3999938964844,419.70001220703125,421.75,421.75,1935846
2023-03-23 11:15:00+05:30,421.8999938964844,421.95001220703125,420.70001220703125,421.1000061035156,421.1000061035156,751661
2023-03-23 12:15:00+05:30,420.8999938964844,422.5,420.45001220703125,421.0,421.0,808485
2023-03-23 13:15:00+05:30,420.79998779296875,421.3999938964844,419.6499938964844,420.25,420.25,854084
2023-03-23 14:15:00+05:30,420.29998779296875,420.5,418.20001220703125,418.8999938964844,418.8999938964844,1468288
2023-03-23 15:15:00+05:30,418.8999938964844,419.54998779296875,418.70001220703125,419.1499938964844,419.1499938964844,836083
2023-03-24 09:15:00+05:30,419.1499938964844,420.5,417.0,419.0,419.0,0
2023-03-24 10:15:00+05:30,418.8500061035156,419.5,416.5,417.95001220703125,417.95001220703125,795728
2023-03-24 11:15:00+05:30,417.95001220703125,419.29998779296875,417.25,419.1499938964844,419.1499938964844,474268
2023-03-24 12:15:00+05:30,419.1499938964844,420.3500061035156,417.95001220703125,419.3999938964844,419.3999938964844,709947
2023-03-24 13:15:00+05:30,419.3999938964844,419.79998779296875,417.3500061035156,418.1499938964844,418.1499938964844,643563
2023-03-24 14:15:00+05:30,418.20001220703125,418.25,414.8500061035156,417.1499938964844,417.1499938964844,2138961
2023-03-24 15:15:00+05:30,417.20001220703125,417.29998779296875,415.95001220703125,416.5,416.5,854076
2023-03-27 09:15:00+05:30,416.1000061035156,418.45001220703125,414.5,415.04998779296875,415.04998779296875,0
2023-03-27 10:15:00+05:30,415.04998779296875,415.29998779296875,413.8999938964844,414.1000061035156,414.1000061035156,811899
2023-03-27 11:15:00+05:30,414.1000061035156,415.45001220703125,412.54998779296875,412.6499938964844,412.6499938964844,1301951
2023-03-27 12:15:00+05:30,412.75,413.75,411.6000061035156,411.6000061035156,411.6000061035156,812105
2023-03-27 13:15:00+05:30,411.6000061035156,412.1000061035156,410.25,411.1000061035156,411.1000061035156,1011816
2023-03-27 14:15:00+05:30,411.1000061035156,413.5,411.0,411.8999938964844,411.8999938964844,1501313
2023-03-27 15:15:00+05:30,411.8999938964844,412.75,411.6000061035156,412.5,412.5,592934
2023-03-28 09:15:00+05:30,414.1499938964844,414.1499938964844,405.5,407.3999938964844,407.3999938964844,0
2023-03-28 10:15:00+05:30,407.29998779296875,407.8999938964844,404.1000061035156,405.1000061035156,405.1000061035156,1105185
2023-03-28 11:15:00+05:30,404.95001220703125,407.79998779296875,404.5,405.8500061035156,405.8500061035156,945161
2023-03-28 12:15:00+05:30,405.79998779296875,407.0,404.6000061035156,404.8999938964844,404.8999938964844,780656
2023-03-28 13:15:00+05:30,405.0,405.1000061035156,402.8999938964844,403.6000061035156,403.6000061035156,1490422
2023-03-28 14:15:00+05:30,403.6000061035156,403.8999938964844,401.20001220703125,401.3999938964844,401.3999938964844,1886122
2023-03-28 15:15:00+05:30,401.3500061035156,402.75,400.54998779296875,401.6000061035156,401.6000061035156,1115236
2023-03-29 09:15:00+05:30,401.75,407.3999938964844,401.75,406.1000061035156,406.1000061035156,0
2023-03-29 10:15:00+05:30,406.1499938964844,406.8999938964844,405.25,405.8500061035156,405.8500061035156,1038983
2023-03-29 11:15:00+05:30,405.8999938964844,407.1499938964844,404.54998779296875,405.20001220703125,405.20001220703125,952279
2023-03-29 12:15:00+05:30,405.04998779296875,405.95001220703125,404.04998779296875,405.70001220703125,405.70001220703125,958617
2023-03-29 13:15:00+05:30,405.70001220703125,408.25,405.1499938964844,407.95001220703125,407.95001220703125,1437225
2023-03-29 14:15:00+05:30,407.95001220703125,410.54998779296875,406.3999938964844,409.5,409.5,2580946
2023-03-29 15:15:00+05:30,409.5,410.20001220703125,408.6499938964844,409.6000061035156,409.6000061035156,1209368
2023-03-31 09:15:00+05:30,411.5,416.3999938964844,411.3500061035156,416.0,416.0,0
2023-03-31 10:15:00+05:30,415.95001220703125,419.3999938964844,415.1000061035156,415.20001220703125,415.20001220703125,1833911
2023-03-31 11:15:00+05:30,415.25,417.5,414.79998779296875,417.1499938964844,417.1499938964844,760240
2023-03-31 12:15:00+05:30,417.20001220703125,418.54998779296875,416.8500061035156,418.1000061035156,418.1000061035156,1507881
2023-03-31 13:15:00+05:30,418.1000061035156,421.75,417.79998779296875,421.04998779296875,421.04998779296875,1556466
2023-03-31 14:15:00+05:30,421.25,421.75,419.04998779296875,420.70001220703125,420.70001220703125,1554695
2023-03-31 15:15:00+05:30,420.6000061035156,421.3500061035156,420.29998779296875,420.95001220703125,420.95001220703125,787538
2023-04-03 09:15:00+05:30,422.95001220703125,423.45001220703125,420.1499938964844,421.1000061035156,421.1000061035156,0
2023-04-03 10:15:00+05:30,421.3500061035156,423.20001220703125,420.79998779296875,422.79998779296875,422.79998779296875,1042085
2023-04-03 11:15:00+05:30,422.75,423.0,422.3500061035156,422.45001220703125,422.45001220703125,422280
2023-04-03 12:15:00+05:30,422.45001220703125,422.79998779296875,419.8500061035156,420.04998779296875,420.04998779296875,620142
2023-04-03 13:15:00+05:30,420.20001220703125,420.79998779296875,419.54998779296875,420.6000061035156,420.6000061035156,599923
2023-04-03 14:15:00+05:30,420.54998779296875,424.95001220703125,420.5,424.0,424.0,1544073
2023-04-03 15:15:00+05:30,424.0,424.5,423.8500061035156,424.29998779296875,424.29998779296875,528030
2023-04-05 09:15:00+05:30,423.3999938964844,426.3500061035156,423.1499938964844,424.95001220703125,424.95001220703125,0
2023-04-05 10:15:00+05:30,424.95001220703125,426.95001220703125,424.0,425.20001220703125,425.20001220703125,1558388
2023-04-05 11:15:00+05:30,425.20001220703125,426.20001220703125,424.6000061035156,426.0,426.0,766031
2023-04-05 12:15:00+05:30,426.0,428.0,425.6000061035156,427.54998779296875,427.54998779296875,1039332
2023-04-05 13:15:00+05:30,427.6000061035156,428.75,426.79998779296875,428.1000061035156,428.1000061035156,1197948
2023-04-05 14:15:00+05:30,428.1499938964844,428.20001220703125,426.25,426.29998779296875,426.29998779296875,1171611
2023-04-05 15:15:00+05:30,426.29998779296875,427.0,426.1000061035156,426.54998779296875,426.54998779296875,519926
2023-04-06 09:15:00+05:30,427.25,427.29998779296875,423.75,427.1499938964844,427.1499938964844,0
2023-04-06 10:15:00+05:30,427.20001220703125,428.8500061035156,426.8999938964844,428.5,428.5,899448
2023-04-06 11:15:00+05:30,428.6499938964844,434.0,427.95001220703125,433.1000061035156,433.1000061035156,1894759
2023-04-06 12:15:00+05:30,433.1000061035156,437.79998779296875,433.1000061035156,437.0,437.0,1618225
2023-04-06 13:15:00+05:30,437.04998779296875,439.29998779296875,435.70001220703125,436.8999938964844,436.8999938964844,2588049
2023-04-06 14:15:00+05:30,436.75,438.70001220703125,436.29998779296875,437.54998779296875,437.54998779296875,1587790
2023-04-06 15:15:00+05:30,437.54998779296875,438.04998779296875,437.0,437.0,437.0,905349
2023-04-10 09:15:00+05:30,452.0,473.29998779296875,452.0,470.3999938964844,470.3999938964844,14087887
2023-04-10 10:15:00+05:30,470.45001220703125,470.70001220703125,462.54998779296875,464.20001220703125,464.20001220703125,8847228
2023-04-10 11:15:00+05:30,464.20001220703125,465.5,462.8500061035156,463.25,463.25,3849574
2023-04-10 12:15:00+05:30,463.25,464.29998779296875,460.70001220703125,460.95001220703125,460.95001220703125,3146496
2023-04-10 13:15:00+05:30,460.95001220703125,462.25,459.1499938964844,460.0,460.0,3833301
2023-04-10 14:15:00+05:30,460.1000061035156,463.5,459.25,461.45001220703125,461.45001220703125,3725302
2023-04-10 15:15:00+05:30,461.45001220703125,462.0,460.3999938964844,461.20001220703125,461.20001220703125,2052251
2023-04-11 09:15:00+05:30,463.3500061035156,463.75,458.6000061035156,462.29998779296875,462.29998779296875,4209603
2023-04-11 10:15:00+05:30,462.20001220703125,462.3500061035156,459.0,459.6000061035156,459.6000061035156,1701400
2023-04-11 11:15:00+05:30,459.6000061035156,459.75,455.79998779296875,456.8999938964844,456.8999938964844,2451811
2023-04-11 12:15:00+05:30,456.8999938964844,458.6000061035156,456.6499938964844,457.1000061035156,457.1000061035156,1664397
2023-04-11 13:15:00+05:30,457.0,458.0,456.6000061035156,457.5,457.5,1228632
2023-04-11 14:15:00+05:30,457.5,459.20001220703125,456.79998779296875,458.6000061035156,458.6000061035156,2316889
2023-04-11 15:15:00+05:30,458.6000061035156,459.54998779296875,458.25,459.3999938964844,459.3999938964844,911677
2023-04-12 09:15:00+05:30,458.8500061035156,461.8999938964844,458.5,460.29998779296875,460.29998779296875,0
2023-04-12 10:15:00+05:30,460.29998779296875,468.54998779296875,460.04998779296875,464.8500061035156,464.8500061035156,4634071
2023-04-12 11:15:00+05:30,464.8999938964844,466.29998779296875,463.1000061035156,463.5,463.5,1401499
2023-04-12 12:15:00+05:30,463.5,464.8500061035156,463.3500061035156,464.45001220703125,464.45001220703125,805259
2023-04-12 13:15:00+05:30,464.3999938964844,466.20001220703125,464.3999938964844,465.25,465.25,1290942
2023-04-12 14:15:00+05:30,465.3999938964844,465.70001220703125,463.04998779296875,465.3500061035156,465.3500061035156,1913399
2023-04-12 15:15:00+05:30,465.5,466.1000061035156,464.29998779296875,464.29998779296875,464.29998779296875,1035194
2023-04-13 09:15:00+05:30,464.5,467.8999938964844,463.3999938964844,465.3500061035156,465.3500061035156,0
2023-04-13 10:15:00+05:30,465.3500061035156,467.5,464.70001220703125,466.3999938964844,466.3999938964844,1395757
2023-04-13 11:15:00+05:30,466.45001220703125,468.3500061035156,466.04998779296875,467.3999938964844,467.3999938964844,1341884
2023-04-13 12:15:00+05:30,467.3999938964844,472.0,466.5,470.8500061035156,470.8500061035156,3056355
2023-04-13 13:15:00+05:30,470.95001220703125,471.45001220703125,468.5,469.3500061035156,469.3500061035156,1562729
2023-04-13 14:15:00+05:30,469.3500061035156,470.75,468.5,469.25,469.25,1786891
2023-04-13 15:15:00+05:30,469.3500061035156,470.0,468.45001220703125,469.0,469.0,1049977
2023-04-17 09:15:00+05:30,470.8999938964844,472.79998779296875,465.95001220703125,467.45001220703125,467.45001220703125,0
2023-04-17 10:15:00+05:30,467.29998779296875,470.25,467.20001220703125,469.6000061035156,469.6000061035156,1236432
2023-04-17 11:15:00+05:30,469.45001220703125,470.25,469.0,469.95001220703125,469.95001220703125,636102
2023-04-17 12:15:00+05:30,469.95001220703125,472.6000061035156,469.75,471.79998779296875,471.79998779296875,1372881
2023-04-17 13:15:00+05:30,471.75,471.79998779296875,470.0,470.6499938964844,470.6499938964844,1038913
2023-04-17 14:15:00+05:30,470.54998779296875,472.3500061035156,470.1000061035156,472.0,472.0,1487362
2023-04-17 15:15:00+05:30,471.8999938964844,472.70001220703125,471.45001220703125,472.0,472.0,990452
2023-04-18 09:15:00+05:30,474.95001220703125,483.29998779296875,473.75,476.20001220703125,476.20001220703125,0
2023-04-18 10:15:00+05:30,476.1000061035156,476.20001220703125,473.5,474.70001220703125,474.70001220703125,1954877
2023-04-18 11:15:00+05:30,474.70001220703125,476.0,473.54998779296875,476.0,476.0,1309930
2023-04-18 12:15:00+05:30,476.0,476.6499938964844,474.29998779296875,474.5,474.5,999483
2023-04-18 13:15:00+05:30,474.6000061035156,475.04998779296875,468.20001220703125,470.8999938964844,470.8999938964844,2066361
2023-04-18 14:15:00+05:30,470.79998779296875,473.79998779296875,470.54998779296875,473.6000061035156,473.6000061035156,1862141
2023-04-18 15:15:00+05:30,473.54998779296875,473.6000061035156,472.1000061035156,472.3999938964844,472.3999938964844,951475
2023-04-19 09:15:00+05:30,473.8999938964844,475.5,471.3500061035156,473.1499938964844,473.1499938964844,0
2023-04-19 10:15:00+05:30,472.95001220703125,475.29998779296875,472.95001220703125,474.6000061035156,474.6000061035156,1098527
2023-04-19 11:15:00+05:30,474.6000061035156,474.6499938964844,473.6000061035156,474.0,474.0,473847
2023-04-19 12:15:00+05:30,473.8999938964844,474.20001220703125,471.6000061035156,472.45001220703125,472.45001220703125,694699
2023-04-19 13:15:00+05:30,472.45001220703125,472.70001220703125,468.25,468.45001220703125,468.45001220703125,1126938
2023-04-19 14:15:00+05:30,468.5,470.5,467.8500061035156,469.79998779296875,469.79998779296875,1164487
2023-04-19 15:15:00+05:30,469.79998779296875,470.0,468.5,469.29998779296875,469.29998779296875,652886
2023-04-20 09:15:00+05:30,470.29998779296875,474.6000061035156,469.3999938964844,473.70001220703125,473.70001220703125,4591644
2023-04-20 10:15:00+05:30,473.70001220703125,475.0,472.5,474.04998779296875,474.04998779296875,1852057
2023-04-20 11:15:00+05:30,474.0,475.3999938964844,473.79998779296875,474.3999938964844,474.3999938964844,1598003
2023-04-20 12:15:00+05:30,474.3500061035156,475.1000061035156,471.79998779296875,472.75,472.75,1610996
2023-04-20 13:15:00+05:30,472.54998779296875,474.0,472.54998779296875,473.04998779296875,473.04998779296875,842306
2023-04-20 14:15:00+05:30,473.0,479.6000061035156,473.0,477.6000061035156,477.6000061035156,2691826
2023-04-20 15:15:00+05:30,477.6000061035156,477.6000061035156,475.3500061035156,475.5,475.5,1071909
2023-04-21 09:15:00+05:30,476.3999938964844,476.45001220703125,470.6499938964844,471.3999938964844,471.3999938964844,0
2023-04-21 10:15:00+05:30,471.45001220703125,471.70001220703125,467.6000061035156,469.45001220703125,469.45001220703125,1439008
2023-04-21 11:15:00+05:30,469.45001220703125,470.29998779296875,468.1000061035156,468.6499938964844,468.6499938964844,752529
2023-04-21 12:15:00+05:30,468.5,469.29998779296875,467.25,468.0,468.0,960456
2023-04-21 13:15:00+05:30,468.0,471.0,467.75,470.70001220703125,470.70001220703125,1097588
2023-04-21 14:15:00+05:30,470.79998779296875,472.5,470.29998779296875,471.20001220703125,471.20001220703125,1392772
2023-04-21 15:15:00+05:30,471.25,471.5,470.5,471.20001220703125,471.20001220703125,726074
2023-04-24 09:15:00+05:30,471.20001220703125,472.75,468.29998779296875,469.70001220703125,469.70001220703125,0
2023-04-24 10:15:00+05:30,469.70001220703125,471.8500061035156,469.20001220703125,470.95001220703125,470.95001220703125,781821
2023-04-24 11:15:00+05:30,470.95001220703125,473.0,470.25,472.45001220703125,472.45001220703125,1144622
2023-04-24 12:15:00+05:30,472.45001220703125,473.45001220703125,472.04998779296875,473.0,473.0,922426
2023-04-24 13:15:00+05:30,473.0,474.3999938964844,472.8500061035156,474.25,474.25,856869
2023-04-24 14:15:00+05:30,474.25,476.0,474.0,475.20001220703125,475.20001220703125,1576104
2023-04-24 15:15:00+05:30,475.1499938964844,476.0,474.1499938964844,474.3999938964844,474.3999938964844,789382
2023-04-25 09:15:00+05:30,475.25,476.3500061035156,473.20001220703125,474.3500061035156,474.3500061035156,0
2023-04-25 10:15:00+05:30,474.20001220703125,474.3999938964844,472.1499938964844,474.20001220703125,474.20001220703125,902237
2023-04-25 11:15:00+05:30,474.25,476.20001220703125,474.20001220703125,474.8999938964844,474.8999938964844,986445
2023-04-25 12:15:00+05:30,474.8999938964844,476.0,473.5,474.8999938964844,474.8999938964844,758005
2023-04-25 13:15:00+05:30,474.8500061035156,475.3999938964844,473.3999938964844,475.20001220703125,475.20001220703125,736501
2023-04-25 14:15:00+05:30,475.1499938964844,475.45001220703125,473.3999938964844,473.95001220703125,473.95001220703125,1118329
2023-04-25 15:15:00+05:30,473.79998779296875,474.0,471.8999938964844,473.54998779296875,473.54998779296875,0
2023-04-26 09:15:00+05:30,473.45001220703125,477.5,472.6000061035156,477.29998779296875,477.29998779296875,0
2023-04-26 10:15:00+05:30,477.29998779296875,477.3999938964844,475.3999938964844,475.75,475.75,800008
2023-04-26 11:15:00+05:30,475.6499938964844,478.29998779296875,475.6499938964844,478.0,478.0,1078471
2023-04-26 12:15:00+05:30,478.1000061035156,479.5,477.29998779296875,478.6499938964844,478.6499938964844,1224651
2023-04-26 13:15:00+05:30,478.6499938964844,479.29998779296875,477.6000061035156,478.6499938964844,478.6499938964844,615884
2023-04-26 14:15:00+05:30,478.6499938964844,478.79998779296875,477.5,478.45001220703125,478.45001220703125,1107034
2023-04-26 15:15:00+05:30,478.3999938964844,478.54998779296875,477.0,477.0,477.0,749171
2023-04-27 09:15:00+05:30,478.5,481.8999938964844,476.5,479.70001220703125,479.70001220703125,2034618
2023-04-27 10:15:00+05:30,479.70001220703125,480.75,479.1000061035156,480.04998779296875,480.04998779296875,787072
2023-04-27 11:15:00+05:30,480.20001220703125,481.5,480.04998779296875,480.3500061035156,480.3500061035156,799834
2023-04-27 12:15:00+05:30,480.29998779296875,480.95001220703125,480.0,480.8500061035156,480.8500061035156,597163
2023-04-27 13:15:00+05:30,480.79998779296875,481.75,480.6499938964844,481.0,481.0,874910
2023-04-27 14:15:00+05:30,480.95001220703125,482.0,480.0,481.70001220703125,481.70001220703125,1371234
2023-04-27 15:15:00+05:30,481.5,482.0,480.8999938964844,481.0,481.0,617903
2023-04-28 09:15:00+05:30,481.70001220703125,483.45001220703125,478.75,482.0,482.0,2217632
2023-04-28 10:15:00+05:30,482.1000061035156,486.79998779296875,481.70001220703125,486.29998779296875,486.29998779296875,2201240
2023-04-28 11:15:00+05:30,486.1499938964844,488.0,485.3999938964844,486.8500061035156,486.8500061035156,1474311
2023-04-28 12:15:00+05:30,486.79998779296875,487.0,485.3999938964844,486.1499938964844,486.1499938964844,770886
2023-04-28 13:15:00+05:30,486.1000061035156,486.20001220703125,483.54998779296875,484.1000061035156,484.1000061035156,852968
2023-04-28 14:15:00+05:30,484.1000061035156,485.0,482.5,484.54998779296875,484.54998779296875,1462496
2023-04-28 15:15:00+05:30,484.54998779296875,486.3500061035156,484.0,484.0,484.0,965447
2023-05-02 09:15:00+05:30,482.3999938964844,484.0,474.6000061035156,477.75,477.75,0
2023-05-02 10:15:00+05:30,477.79998779296875,480.25,477.54998779296875,478.25,478.25,2013122
2023-05-02 11:15:00+05:30,478.1499938964844,479.45001220703125,477.70001220703125,479.29998779296875,479.29998779296875,735597
2023-05-02 12:15:00+05:30,479.3999938964844,480.54998779296875,478.6499938964844,480.29998779296875,480.29998779296875,1024172
2023-05-02 13:15:00+05:30,480.29998779296875,481.70001220703125,479.04998779296875,481.1000061035156,481.1000061035156,1120294
2023-05-02 14:15:00+05:30,481.1499938964844,481.5,478.95001220703125,480.75,480.75,1757785
2023-05-02 15:15:00+05:30,480.6499938964844,480.8999938964844,479.6499938964844,480.25,480.25,845420
2023-05-03 09:15:00+05:30,480.20001220703125,483.54998779296875,477.8999938964844,480.8999938964844,480.8999938964844,0
2023-05-03 10:15:00+05:30,480.70001220703125,481.45001220703125,479.3500061035156,480.04998779296875,480.04998779296875,667137
2023-05-03 11:15:00+05:30,480.1000061035156,481.8500061035156,479.5,481.79998779296875,481.79998779296875,650265
2023-05-03 12:15:00+05:30,481.70001220703125,482.3999938964844,480.79998779296875,481.25,481.25,603587
2023-05-03 13:15:00+05:30,481.25,481.79998779296875,478.6000061035156,479.8999938964844,479.8999938964844,689773
2023-05-03 14:15:00+05:30,479.8999938964844,485.1000061035156,479.79998779296875,483.75,483.75,2632677
2023-05-03 15:15:00+05:30,483.75,484.75,483.45001220703125,483.79998779296875,483.79998779296875,1199608
2023-05-04 09:15:00+05:30,483.70001220703125,486.3999938964844,482.04998779296875,483.3999938964844,483.3999938964844,1631266
2023-05-04 10:15:00+05:30,483.3999938964844,483.6499938964844,482.20001220703125,483.20001220703125,483.20001220703125,416368
2023-05-04 11:15:00+05:30,483.1499938964844,484.0,481.54998779296875,481.8999938964844,481.8999938964844,518804
2023-05-04 12:15:00+05:30,481.8500061035156,483.20001220703125,480.5,482.70001220703125,482.70001220703125,609693
2023-05-04 13:15:00+05:30,482.79998779296875,483.8500061035156,480.1499938964844,480.3999938964844,480.3999938964844,904180
2023-05-04 14:15:00+05:30,480.3500061035156,481.45001220703125,478.75,480.70001220703125,480.70001220703125,1069776
2023-05-04 15:15:00+05:30,480.6499938964844,481.5,480.0,481.29998779296875,481.29998779296875,498682
2023-05-05 09:15:00+05:30,481.45001220703125,482.6000061035156,480.45001220703125,481.8999938964844,481.8999938964844,0
2023-05-05 10:15:00+05:30,482.0,484.5,481.75,482.79998779296875,482.79998779296875,967581
2023-05-05 11:15:00+05:30,482.79998779296875,482.79998779296875,479.54998779296875,480.3500061035156,480.3500061035156,762737
2023-05-05 12:15:00+05:30,480.5,481.3500061035156,479.1000061035156,480.95001220703125,480.95001220703125,497549
2023-05-05 13:15:00+05:30,480.75,481.1499938964844,479.3500061035156,480.5,480.5,386515
2023-05-05 14:15:00+05:30,480.3500061035156,481.25,477.0,477.20001220703125,477.20001220703125,797464
2023-05-05 15:15:00+05:30,477.1000061035156,477.29998779296875,476.29998779296875,477.1000061035156,477.1000061035156,0
2023-05-08 09:15:00+05:30,480.29998779296875,484.8999938964844,479.1499938964844,484.0,484.0,0
2023-05-08 10:15:00+05:30,483.8999938964844,489.79998779296875,483.8999938964844,489.29998779296875,489.29998779296875,2927937
2023-05-08 11:15:00+05:30,489.1000061035156,498.79998779296875,488.95001220703125,498.5,498.5,5058116
2023-05-08 12:15:00+05:30,498.54998779296875,500.0,497.0,498.8500061035156,498.8500061035156,4734238
2023-05-08 13:15:00+05:30,498.8999938964844,499.6499938964844,496.29998779296875,496.6000061035156,496.6000061035156,2511421
2023-05-08 14:15:00+05:30,496.6000061035156,501.70001220703125,495.6499938964844,501.3500061035156,501.3500061035156,4410196
2023-05-08 15:15:00+05:30,501.25,502.20001220703125,500.20001220703125,500.5,500.5,2340446
2023-05-09 09:15:00+05:30,502.0,512.7000122070312,501.70001220703125,509.0,509.0,8653180
2023-05-09 10:15:00+05:30,509.04998779296875,511.25,508.0,509.25,509.25,2383130
2023-05-09 11:15:00+05:30,509.29998779296875,509.8999938964844,505.45001220703125,505.5,505.5,2372136
2023-05-09 12:15:00+05:30,505.5,508.0,505.0,505.70001220703125,505.70001220703125,1828577
2023-05-09 13:15:00+05:30,505.79998779296875,507.0,503.3999938964844,505.1000061035156,505.1000061035156,1782234
2023-05-09 14:15:00+05:30,505.1000061035156,505.1000061035156,502.95001220703125,503.6000061035156,503.6000061035156,1770466
2023-05-09 15:15:00+05:30,503.5,504.8999938964844,503.0,504.8999938964844,504.8999938964844,1022407
2023-05-10 09:15:00+05:30,508.0,512.8499755859375,505.25,507.3999938964844,507.3999938964844,4672720
2023-05-10 10:15:00+05:30,507.3999938964844,507.5,506.04998779296875,506.54998779296875,506.54998779296875,1097891
2023-05-10 11:15:00+05:30,506.45001220703125,506.79998779296875,504.3999938964844,505.45001220703125,505.45001220703125,1480735
2023-05-10 12:15:00+05:30,505.5,507.0,505.04998779296875,506.3500061035156,506.3500061035156,996024
2023-05-10 13:15:00+05:30,506.3500061035156,509.8999938964844,504.75,508.8500061035156,508.8500061035156,1518032
2023-05-10 14:15:00+05:30,508.6000061035156,510.0,507.0,509.8999938964844,509.8999938964844,1741897
2023-05-10 15:15:00+05:30,509.8999938964844,510.25,509.1499938964844,509.5,509.5,0
2023-05-11 09:15:00+05:30,511.20001220703125,512.0,507.54998779296875,509.75,509.75,2463653
2023-05-11 10:15:00+05:30,509.54998779296875,510.1000061035156,506.0,507.1000061035156,507.1000061035156,1607007
2023-05-11 11:15:00+05:30,507.1000061035156,507.6000061035156,505.5,506.29998779296875,506.29998779296875,1193781
2023-05-11 12:15:00+05:30,506.29998779296875,512.0,506.04998779296875,511.25,511.25,1473540
2023-05-11 13:15:00+05:30,511.3999938964844,514.0999755859375,510.5,511.45001220703125,511.45001220703125,2189248
2023-05-11 14:15:00+05:30,511.54998779296875,512.25,509.29998779296875,511.95001220703125,511.95001220703125,1650812
2023-05-11 15:15:00+05:30,511.95001220703125,512.2999877929688,511.29998779296875,511.95001220703125,511.95001220703125,868044
2023-05-12 09:15:00+05:30,513.7999877929688,520.0,512.4500122070312,518.7000122070312,518.7000122070312,5249376
2023-05-12 10:15:00+05:30,518.7999877929688,520.4500122070312,513.75,515.4500122070312,515.4500122070312,3252991
2023-05-12 11:15:00+05:30,515.4500122070312,515.5499877929688,510.29998779296875,513.0,513.0,2119300
2023-05-12 12:15:00+05:30,512.9000244140625,515.0,512.25,514.4500122070312,514.4500122070312,1486109
2023-05-12 13:15:00+05:30,514.4500122070312,518.0499877929688,512.5,516.8499755859375,516.8499755859375,2745775
2023-05-12 14:15:00+05:30,516.9000244140625,519.25,515.4000244140625,517.0,517.0,3378207
2023-05-12 15:15:00+05:30,516.9500122070312,517.5,512.0,513.7999877929688,513.7999877929688,1516441
2023-05-15 09:15:00+05:30,523.0,535.5499877929688,523.0,532.9000244140625,532.9000244140625,0
2023-05-15 10:15:00+05:30,532.9500122070312,534.5,530.5999755859375,532.2000122070312,532.2000122070312,4924286
2023-05-15 11:15:00+05:30,532.1500244140625,532.7999877929688,529.5,531.6500244140625,531.6500244140625,3367694
2023-05-15 12:15:00+05:30,531.5,532.4500122070312,529.7000122070312,531.0999755859375,531.0999755859375,2059762
2023-05-15 13:15:00+05:30,531.1500244140625,533.9000244140625,529.7999877929688,533.0999755859375,533.0999755859375,2764116
2023-05-15 14:15:00+05:30,533.0999755859375,534.75,530.4000244140625,530.6500244140625,530.6500244140625,4669708
2023-05-15 15:15:00+05:30,530.5,530.7999877929688,529.75,530.5499877929688,530.5499877929688,1585559
2023-05-16 09:15:00+05:30,532.8499755859375,535.9500122070312,528.7999877929688,533.0999755859375,533.0999755859375,5775592
2023-05-16 10:15:00+05:30,533.2000122070312,534.0,531.9500122070312,532.4000244140625,532.4000244140625,1466852
2023-05-16 11:15:00+05:30,532.25,532.5,531.0,531.7999877929688,531.7999877929688,1203605
2023-05-16 12:15:00+05:30,531.8499755859375,532.4500122070312,530.7999877929688,531.7000122070312,531.7000122070312,914583
2023-05-16 13:15:00+05:30,531.75,533.2000122070312,531.2000122070312,531.75,531.75,1395425
2023-05-16 14:15:00+05:30,531.75,531.7999877929688,520.0,520.8499755859375,520.8499755859375,4337823
2023-05-16 15:15:00+05:30,520.9500122070312,522.5,519.0,522.0,522.0,1403398
2023-05-17 09:15:00+05:30,522.9000244140625,523.9500122070312,519.0499877929688,521.9500122070312,521.9500122070312,3772334
2023-05-17 10:15:00+05:30,522.0,522.5,517.7000122070312,521.75,521.75,1917148
2023-05-17 11:15:00+05:30,522.0999755859375,522.5,517.5,518.7999877929688,518.7999877929688,1758165
2023-05-17 12:15:00+05:30,518.5499877929688,519.0,514.5499877929688,515.5,515.5,1609197
2023-05-17 13:15:00+05:30,515.5,517.0999755859375,514.2999877929688,514.3499755859375,514.3499755859375,1586874
2023-05-17 14:15:00+05:30,514.5,515.9000244140625,512.5999755859375,515.9000244140625,515.9000244140625,2066203
2023-05-17 15:15:00+05:30,515.9000244140625,516.1500244140625,515.0499877929688,515.75,515.75,972601
2023-05-18 09:15:00+05:30,518.8499755859375,520.4500122070312,510.70001220703125,512.8499755859375,512.8499755859375,0
2023-05-18 10:15:00+05:30,512.8499755859375,515.0,511.3999938964844,512.25,512.25,1448657
2023-05-18 11:15:00+05:30,512.25,514.5,511.3999938964844,513.75,513.75,995878
2023-05-18 12:15:00+05:30,513.8499755859375,514.0,511.1499938964844,511.3999938964844,511.3999938964844,938847
2023-05-18 13:15:00+05:30,511.3999938964844,513.1500244140625,510.70001220703125,510.8500061035156,510.8500061035156,1178217
2023-05-18 14:15:00+05:30,510.79998779296875,510.8500061035156,507.1000061035156,509.29998779296875,509.29998779296875,2564226
2023-05-18 15:15:00+05:30,509.29998779296875,509.45001220703125,507.79998779296875,509.0,509.0,924505
2023-05-19 09:15:00+05:30,509.75,511.0,504.79998779296875,506.1000061035156,506.1000061035156,2936696
2023-05-19 10:15:00+05:30,506.25,515.5499877929688,506.0,515.4000244140625,515.4000244140625,2843769
2023-05-19 11:15:00+05:30,515.4500122070312,522.0,515.0,519.75,519.75,4513145
2023-05-19 12:15:00+05:30,519.75,520.2999877929688,517.2999877929688,519.6500244140625,519.6500244140625,1750659
2023-05-19 13:15:00+05:30,519.6500244140625,523.2999877929688,519.1500244140625,523.0,523.0,1851497
2023-05-19 14:15:00+05:30,523.0,525.4500122070312,522.2000122070312,525.25,525.25,3195405
2023-05-19 15:15:00+05:30,525.25,526.1500244140625,524.25,525.0999755859375,525.0999755859375,2243631
2023-05-22 09:15:00+05:30,524.5,527.0,520.0999755859375,520.7999877929688,520.7999877929688,0
2023-05-22 10:15:00+05:30,520.7999877929688,523.9000244140625,520.0499877929688,521.7000122070312,521.7000122070312,1390226
2023-05-22 11:15:00+05:30,521.7000122070312,522.2999877929688,519.4000244140625,520.1500244140625,520.1500244140625,1051010
2023-05-22 12:15:00+05:30,520.0999755859375,522.25,519.7000122070312,521.3499755859375,521.3499755859375,835745
2023-05-22 13:15:00+05:30,521.2999877929688,523.3499755859375,520.2000122070312,522.9500122070312,522.9500122070312,1103888
2023-05-22 14:15:00+05:30,522.9500122070312,524.0,521.5999755859375,522.7999877929688,522.7999877929688,1196915
2023-05-22 15:15:00+05:30,522.75,523.2000122070312,521.25,522.0999755859375,522.0999755859375,848146
2023-05-23 09:15:00+05:30,523.0,528.3499755859375,521.3499755859375,527.25,527.25,0
2023-05-23 10:15:00+05:30,527.4000244140625,531.0,527.1500244140625,529.9000244140625,529.9000244140625,2514017
2023-05-23 11:15:00+05:30,529.8499755859375,529.9000244140625,526.4000244140625,527.5,527.5,1175226
2023-05-23 12:15:00+05:30,527.5,528.0,527.0,527.3499755859375,527.3499755859375,761608
2023-05-23 13:15:00+05:30,527.3499755859375,529.0,526.75,528.4500122070312,528.4500122070312,1260103
2023-05-23 14:15:00+05:30,528.4500122070312,530.7999877929688,528.2999877929688,528.7000122070312,528.7000122070312,2188239
2023-05-23 15:15:00+05:30,528.75,529.0,527.5499877929688,528.0499877929688,528.0499877929688,976017
2023-05-24 09:15:00+05:30,526.9000244140625,528.0,524.5499877929688,526.4500122070312,526.4500122070312,0
2023-05-24 10:15:00+05:30,526.3499755859375,529.6500244140625,525.5499877929688,525.7999877929688,525.7999877929688,983072
2023-05-24 11:15:00+05:30,525.7000122070312,527.0,523.0,524.2999877929688,524.2999877929688,1147538
2023-05-24 12:15:00+05:30,524.0999755859375,525.0,520.3499755859375,520.5999755859375,520.5999755859375,921673
2023-05-24 13:15:00+05:30,520.5999755859375,523.0,520.5,522.7000122070312,522.7000122070312,769869
2023-05-24 14:15:00+05:30,522.75,523.1500244140625,519.5499877929688,520.5999755859375,520.5999755859375,1592221
2023-05-24 15:15:00+05:30,520.5999755859375,520.7000122070312,519.25,520.2000122070312,520.2000122070312,0
2023-05-25 09:15:00+05:30,517.25,518.0,511.1000061035156,512.75,512.75,3323490
2023-05-25 10:15:00+05:30,512.75,513.0,509.70001220703125,511.0,511.0,1819253
2023-05-25 11:15:00+05:30,511.0,511.5,509.29998779296875,510.75,510.75,1192433
2023-05-25 12:15:00+05:30,510.79998779296875,511.1499938964844,509.1000061035156,510.29998779296875,510.29998779296875,949650
2023-05-25 13:15:00+05:30,510.20001220703125,511.6499938964844,509.79998779296875,510.8500061035156,510.8500061035156,1058954
2023-05-25 14:15:00+05:30,510.79998779296875,515.5,510.79998779296875,514.6500244140625,514.6500244140625,2393478
2023-05-25 15:15:00+05:30,514.6500244140625,515.5,514.2000122070312,515.5,515.5,801651
2023-05-26 09:15:00+05:30,514.7000122070312,517.2999877929688,512.2000122070312,515.8499755859375,515.8499755859375,2289992
2023-05-26 10:15:00+05:30,515.8499755859375,516.9500122070312,513.5,516.6500244140625,516.6500244140625,1212213
2023-05-26 11:15:00+05:30,516.7000122070312,518.25,515.75,517.0,517.0,930721
2023-05-26 12:15:00+05:30,517.0,518.4000244140625,516.2000122070312,516.3499755859375,516.3499755859375,763345
2023-05-26 13:15:00+05:30,516.3499755859375,519.3499755859375,516.0,519.1500244140625,519.1500244140625,967008
2023-05-26 14:15:00+05:30,519.1500244140625,519.7000122070312,517.2999877929688,518.7999877929688,518.7999877929688,1418292
2023-05-26 15:15:00+05:30,518.7999877929688,519.0,517.75,517.7999877929688,517.7999877929688,775116
2023-05-29 09:15:00+05:30,524.25,524.5,519.7000122070312,521.4500122070312,521.4500122070312,0
2023-05-29 10:15:00+05:30,521.4500122070312,523.25,521.4000244140625,522.5999755859375,522.5999755859375,831669
2023-05-29 11:15:00+05:30,522.7000122070312,524.0,522.0,523.0999755859375,523.0999755859375,603829
2023-05-29 12:15:00+05:30,523.0999755859375,523.5,521.5,522.25,522.25,785105
2023-05-29 13:15:00+05:30,522.4500122070312,523.3499755859375,520.0999755859375,521.2000122070312,521.2000122070312,1035355
2023-05-29 14:15:00+05:30,521.1500244140625,522.5,520.25,521.3499755859375,521.3499755859375,1026937
2023-05-29 15:15:00+05:30,521.2000122070312,521.5999755859375,520.6500244140625,521.4500122070312,521.4500122070312,360198
2023-05-30 09:15:00+05:30,521.5,523.5,519.4500122070312,522.5499877929688,522.5499877929688,0
2023-05-30 10:15:00+05:30,522.5999755859375,523.0,520.0,520.4500122070312,520.4500122070312,569797
2023-05-30 11:15:00+05:30,520.3499755859375,521.8499755859375,520.25,520.8499755859375,520.8499755859375,334661
2023-05-30 12:15:00+05:30,520.9000244140625,521.1500244140625,518.6500244140625,519.0499877929688,519.0499877929688,838253
2023-05-30 13:15:00+05:30,519.0499877929688,519.3499755859375,518.0999755859375,519.0,519.0,558154
2023-05-30 14:15:00+05:30,519.0,519.25,518.1500244140625,518.25,518.25,715402
2023-05-30 15:15:00+05:30,518.2000122070312,519.4500122070312,518.0,519.2999877929688,519.2999877929688,1016158
2023-05-31 09:15:00+05:30,519.7999877929688,523.9500122070312,517.2999877929688,523.2000122070312,523.2000122070312,1911442
2023-05-31 10:15:00+05:30,523.0999755859375,527.5,522.1500244140625,526.9000244140625,526.9000244140625,2156420
2023-05-31 11:15:00+05:30,526.9000244140625,527.3499755859375,522.75,523.9500122070312,523.9500122070312,1354829
2023-05-31 12:15:00+05:30,523.9000244140625,525.5,523.75,524.5499877929688,524.5499877929688,667098
2023-05-31 13:15:00+05:30,524.5499877929688,526.3499755859375,524.4000244140625,525.5999755859375,525.5999755859375,808649
2023-05-31 14:15:00+05:30,525.5999755859375,527.0999755859375,525.25,527.0499877929688,527.0499877929688,2980630
2023-05-31 15:15:00+05:30,527.0999755859375,527.2000122070312,524.4000244140625,525.0,525.0,2443553
2023-06-01 09:15:00+05:30,527.4500122070312,528.6500244140625,522.8499755859375,523.7999877929688,523.7999877929688,2339099
2023-06-01 10:15:00+05:30,523.5999755859375,530.0,523.2000122070312,529.0499877929688,529.0499877929688,1505047
2023-06-01 11:15:00+05:30,529.0499877929688,529.9000244140625,528.3499755859375,529.2999877929688,529.2999877929688,888307
2023-06-01 12:15:00+05:30,530.0499877929688,531.0,529.2000122070312,531.0,531.0,1412245
2023-06-01 13:15:00+05:30,530.9500122070312,533.5,530.1500244140625,533.0,533.0,1972939
2023-06-01 14:15:00+05:30,532.9000244140625,536.2000122070312,532.75,535.9500122070312,535.9500122070312,3237774
2023-06-01 15:15:00+05:30,535.9000244140625,536.0,533.9500122070312,534.5,534.5,1143706
2023-06-02 09:15:00+05:30,537.2000122070312,541.25,532.9000244140625,535.7999877929688,535.7999877929688,5348069
2023-06-02 10:15:00+05:30,535.7999877929688,536.75,534.2000122070312,535.2999877929688,535.2999877929688,1078462
2023-06-02 11:15:00+05:30,535.25,536.25,534.2999877929688,535.25,535.25,1291315
2023-06-02 12:15:00+05:30,535.2000122070312,537.4000244140625,534.5,537.0999755859375,537.0999755859375,1053284
2023-06-02 13:15:00+05:30,537.2000122070312,537.9500122070312,535.7000122070312,535.7000122070312,535.7000122070312,920772
2023-06-02 14:15:00+05:30,535.7999877929688,536.9000244140625,535.0,535.5999755859375,535.5999755859375,1534134
2023-06-02 15:15:00+05:30,535.5999755859375,537.2000122070312,534.4500122070312,535.0499877929688,535.0499877929688,1065498
2023-06-05 09:15:00+05:30,539.0,542.5,538.0,540.5,540.5,0
2023-06-05 10:15:00+05:30,540.5,544.7999877929688,540.4000244140625,544.2000122070312,544.2000122070312,2542486
2023-06-05 11:15:00+05:30,544.0999755859375,547.75,544.0,547.5,547.5,2794339
2023-06-05 12:15:00+05:30,547.4500122070312,548.3499755859375,544.5,546.9500122070312,546.9500122070312,1794831
2023-06-05 13:15:00+05:30,547.0999755859375,548.7999877929688,546.6500244140625,547.7999877929688,547.7999877929688,1406919
2023-06-05 14:15:00+05:30,547.7999877929688,548.3499755859375,545.5499877929688,545.7999877929688,545.7999877929688,2038253
2023-06-05 15:15:00+05:30,545.7999877929688,547.0,545.2999877929688,545.5999755859375,545.5999755859375,992658
2023-06-06 09:15:00+05:30,549.25,552.2999877929688,545.4500122070312,548.7000122070312,548.7000122070312,4412599
2023-06-06 10:15:00+05:30,548.5499877929688,553.5,548.25,553.1500244140625,553.1500244140625,3013833
2023-06-06 11:15:00+05:30,553.0999755859375,554.9000244140625,552.5499877929688,554.75,554.75,1549409
2023-06-06 12:15:00+05:30,554.9000244140625,554.9000244140625,553.0,553.9000244140625,553.9000244140625,1178853
2023-06-06 13:15:00+05:30,553.8499755859375,554.8499755859375,553.5499877929688,554.4000244140625,554.4000244140625,1585576
2023-06-06 14:15:00+05:30,554.4000244140625,556.0,553.5,555.4000244140625,555.4000244140625,2293007
2023-06-06 15:15:00+05:30,555.4000244140625,556.9500122070312,553.9000244140625,555.75,555.75,1359187
2023-06-07 09:15:00+05:30,558.4500122070312,558.4500122070312,552.1500244140625,555.75,555.75,0
2023-06-07 10:15:00+05:30,555.8499755859375,562.8499755859375,555.5999755859375,562.5499877929688,562.5499877929688,3069253
2023-06-07 11:15:00+05:30,562.5999755859375,574.7999877929688,562.3499755859375,571.2999877929688,571.2999877929688,7123716
2023-06-07 12:15:00+05:30,571.25,572.2999877929688,567.75,569.7000122070312,569.7000122070312,1792758
2023-06-07 13:15:00+05:30,569.7000122070312,569.7000122070312,566.25,568.0999755859375,568.0999755859375,2177057
2023-06-07 14:15:00+05:30,568.0999755859375,569.25,565.6500244140625,568.1500244140625,568.1500244140625,2275002
2023-06-07 15:15:00+05:30,568.0999755859375,568.5499877929688,566.0499877929688,567.0999755859375,567.0999755859375,1270157
2023-06-08 09:15:00+05:30,570.0,576.4000244140625,570.0,571.0999755859375,571.0999755859375,0
2023-06-08 10:15:00+05:30,571.2000122070312,571.5,564.1500244140625,565.7000122070312,565.7000122070312,3455096
2023-06-08 11:15:00+05:30,565.5999755859375,565.75,558.8499755859375,559.7000122070312,559.7000122070312,3222755
2023-06-08 12:15:00+05:30,559.75,561.9500122070312,557.0499877929688,559.5999755859375,559.5999755859375,2621768
2023-06-08 13:15:00+05:30,559.5,566.0999755859375,559.4000244140625,560.6500244140625,560.6500244140625,2258920
2023-06-08 14:15:00+05:30,560.6500244140625,562.3499755859375,558.0999755859375,560.7000122070312,560.7000122070312,2016031
2023-06-08 15:15:00+05:30,560.6500244140625,560.8499755859375,558.7000122070312,560.2999877929688,560.2999877929688,1365453
2023-06-09 09:15:00+05:30,561.7000122070312,566.4000244140625,561.0,563.9000244140625,563.9000244140625,3502070
2023-06-09 10:15:00+05:30,563.9500122070312,565.2999877929688,561.5,563.5999755859375,563.5999755859375,1274936
2023-06-09 11:15:00+05:30,563.6500244140625,565.0,563.0999755859375,564.5,564.5,784488
2023-06-09 12:15:00+05:30,564.5,564.7000122070312,561.2999877929688,561.4000244140625,561.4000244140625,843485
2023-06-09 13:15:00+05:30,561.4000244140625,562.0,560.2999877929688,561.3499755859375,561.3499755859375,925647
2023-06-09 14:15:00+05:30,561.2000122070312,562.9000244140625,559.2999877929688,562.3499755859375,562.3499755859375,1292585
2023-06-09 15:15:00+05:30,562.5999755859375,563.3499755859375,561.6500244140625,562.1500244140625,562.1500244140625,734589
2023-06-12 09:15:00+05:30,566.2999877929688,568.9000244140625,562.4500122070312,563.0999755859375,563.0999755859375,0
2023-06-12 10:15:00+05:30,563.0999755859375,564.6500244140625,561.25,562.2999877929688,562.2999877929688,829937
2023-06-12 11:15:00+05:30,562.1500244140625,563.6500244140625,560.7000122070312,563.4000244140625,563.4000244140625,783134
2023-06-12 12:15:00+05:30,563.4000244140625,565.0999755859375,562.0999755859375,564.7000122070312,564.7000122070312,771995
2023-06-12 13:15:00+05:30,564.7000122070312,565.4000244140625,563.3499755859375,563.7999877929688,563.7999877929688,565218
2023-06-12 14:15:00+05:30,563.7999877929688,566.5,562.7000122070312,563.7999877929688,563.7999877929688,1481152
2023-06-12 15:15:00+05:30,563.7999877929688,564.2000122070312,563.0499877929688,564.0,564.0,653814
2023-06-13 09:15:00+05:30,567.9500122070312,571.0,563.5999755859375,566.3499755859375,566.3499755859375,4285331
2023-06-13 10:15:00+05:30,566.3499755859375,567.2999877929688,564.5999755859375,566.0,566.0,1592010
2023-06-13 11:15:00+05:30,566.0499877929688,566.25,562.0,563.0,563.0,1627049
2023-06-13 12:15:00+05:30,563.0999755859375,563.5,560.8499755859375,561.5499877929688,561.5499877929688,1239998
2023-06-13 13:15:00+05:30,561.5499877929688,564.3499755859375,561.0,564.1500244140625,564.1500244140625,1194946
2023-06-13 14:15:00+05:30,564.1500244140625,564.2000122070312,561.5999755859375,562.5,562.5,1843689
2023-06-13 15:15:00+05:30,562.5,562.7999877929688,561.0,562.4000244140625,562.4000244140625,1060815
2023-06-14 09:15:00+05:30,565.9000244140625,567.7999877929688,564.0,566.7999877929688,566.7999877929688,0
2023-06-14 10:15:00+05:30,566.8499755859375,567.4000244140625,565.2999877929688,565.9000244140625,565.9000244140625,1124122
2023-06-14 11:15:00+05:30,565.9000244140625,569.0,565.8499755859375,568.0499877929688,568.0499877929688,1380296
2023-06-14 12:15:00+05:30,568.0499877929688,568.4500122070312,565.5499877929688,567.0,567.0,1309141
2023-06-14 13:15:00+05:30,567.0499877929688,570.5999755859375,566.2999877929688,569.6500244140625,569.6500244140625,2114515
2023-06-14 14:15:00+05:30,569.7000122070312,570.8499755859375,569.0499877929688,570.5,570.5,2280136
2023-06-14 15:15:00+05:30,570.5,571.1500244140625,569.5499877929688,569.7000122070312,569.7000122070312,1076198
2023-06-15 09:15:00+05:30,571.1500244140625,573.0,567.9500122070312,572.2999877929688,572.2999877929688,2839699
2023-06-15 10:15:00+05:30,572.25,575.0,571.7999877929688,573.0,573.0,1704339
2023-06-15 11:15:00+05:30,572.9500122070312,573.0,570.5999755859375,571.25,571.25,1885113
2023-06-15 12:15:00+05:30,571.25,572.5,569.2999877929688,569.9500122070312,569.9500122070312,1464481
2023-06-15 13:15:00+05:30,569.9000244140625,571.9500122070312,569.9000244140625,570.7000122070312,570.7000122070312,1344038
2023-06-15 14:15:00+05:30,570.7000122070312,571.0999755859375,568.0,568.25,568.25,2403465
2023-06-15 15:15:00+05:30,568.3499755859375,568.7999877929688,567.7999877929688,568.4500122070312,568.4500122070312,832176
2023-06-16 09:15:00+05:30,569.0999755859375,572.0,567.6500244140625,567.6500244140625,567.6500244140625,0
2023-06-16 10:15:00+05:30,567.6500244140625,569.8499755859375,567.0999755859375,569.3499755859375,569.3499755859375,1026896
2023-06-16 11:15:00+05:30,569.5,569.9500122070312,566.2000122070312,567.3499755859375,567.3499755859375,982996
2023-06-16 12:15:00+05:30,567.1500244140625,567.7999877929688,566.2000122070312,566.5,566.5,545959
2023-06-16 13:15:00+05:30,566.6500244140625,569.25,566.0999755859375,569.25,569.25,683840
2023-06-16 14:15:00+05:30,569.2999877929688,570.9500122070312,568.2999877929688,569.9000244140625,569.9000244140625,2307712
2023-06-16 15:15:00+05:30,569.9000244140625,570.0,569.0,569.7999877929688,569.7999877929688,1326195
2023-06-19 09:15:00+05:30,570.2000122070312,573.2000122070312,569.0,571.1500244140625,571.1500244140625,0
2023-06-19 10:15:00+05:30,571.0999755859375,571.25,567.2999877929688,568.1500244140625,568.1500244140625,1200740
2023-06-19 11:15:00+05:30,568.2000122070312,571.2999877929688,567.4000244140625,569.9000244140625,569.9000244140625,808611
2023-06-19 12:15:00+05:30,569.8499755859375,570.5,567.0999755859375,567.3499755859375,567.3499755859375,484764
2023-06-19 13:15:00+05:30,567.2999877929688,567.3499755859375,564.2000122070312,566.4500122070312,566.4500122070312,979088
2023-06-19 14:15:00+05:30,566.2999877929688,567.6500244140625,565.5999755859375,566.1500244140625,566.1500244140625,878690
2023-06-19 15:15:00+05:30,565.9000244140625,566.3499755859375,565.25,566.25,566.25,447157
2023-06-20 09:15:00+05:30,566.0499877929688,567.25,562.5,566.9500122070312,566.9500122070312,0
2023-06-20 10:15:00+05:30,566.75,567.1500244140625,564.0,565.7000122070312,565.7000122070312,1232523
2023-06-20 11:15:00+05:30,565.5499877929688,572.2000122070312,564.2999877929688,572.0,572.0,1528482
2023-06-20 12:15:00+05:30,572.0499877929688,582.5999755859375,571.4500122070312,581.0499877929688,581.0499877929688,5994272
2023-06-20 13:15:00+05:30,581.2000122070312,583.1500244140625,578.0,579.5999755859375,579.5999755859375,3215736
2023-06-20 14:15:00+05:30,579.6500244140625,583.9000244140625,579.25,583.5,583.5,2733030
2023-06-20 15:15:00+05:30,583.3499755859375,583.9500122070312,583.0,583.25,583.25,1453519
2023-06-21 09:15:00+05:30,584.75,585.4500122070312,579.1500244140625,579.5,579.5,0
2023-06-21 10:15:00+05:30,579.5,579.7000122070312,574.5499877929688,575.4000244140625,575.4000244140625,1518786
2023-06-21 11:15:00+05:30,575.2999877929688,579.0,574.7999877929688,578.7999877929688,578.7999877929688,1038534
2023-06-21 12:15:00+05:30,578.7999877929688,581.9000244140625,578.0499877929688,581.7999877929688,581.7999877929688,909931
2023-06-21 13:15:00+05:30,581.7000122070312,584.2000122070312,580.5999755859375,581.9500122070312,581.9500122070312,1081403
2023-06-21 14:15:00+05:30,581.9000244140625,582.0,579.5,581.6500244140625,581.6500244140625,1142437
2023-06-21 15:15:00+05:30,581.7000122070312,581.7000122070312,580.9000244140625,581.25,581.25,618047
2023-06-22 09:15:00+05:30,584.0,584.5,580.0,582.5,582.5,0
2023-06-22 10:15:00+05:30,582.7000122070312,583.5499877929688,580.0999755859375,580.2999877929688,580.2999877929688,913855
2023-06-22 11:15:00+05:30,580.2999877929688,580.4000244140625,574.25,574.4500122070312,574.4500122070312,1887848
2023-06-22 12:15:00+05:30,574.4000244140625,575.0,570.9000244140625,572.8499755859375,572.8499755859375,1598012
2023-06-22 13:15:00+05:30,572.8499755859375,575.5999755859375,572.2000122070312,572.75,572.75,1518098
2023-06-22 14:15:00+05:30,572.6500244140625,573.0,569.1500244140625,569.5,569.5,2069430
2023-06-22 15:15:00+05:30,569.3499755859375,571.0,568.4000244140625,571.0,571.0,1104235
2023-06-23 09:15:00+05:30,570.4500122070312,570.7000122070312,559.3499755859375,560.7999877929688,560.7999877929688,2707234
2023-06-23 10:15:00+05:30,561.0,564.25,559.5499877929688,561.0999755859375,561.0999755859375,1129187
2023-06-23 11:15:00+05:30,561.0,561.8499755859375,559.5,560.1500244140625,560.1500244140625,946744
2023-06-23 12:15:00+05:30,560.1500244140625,560.9500122070312,558.7000122070312,559.5,559.5,1039507
2023-06-23 13:15:00+05:30,559.5,560.6500244140625,557.7999877929688,559.3499755859375,559.3499755859375,1101202
2023-06-23 14:15:00+05:30,559.2999877929688,562.4000244140625,557.9000244140625,559.7000122070312,559.7000122070312,1649662
2023-06-23 15:15:00+05:30,559.7999877929688,560.5,558.4000244140625,560.5,560.5,785193
2023-06-26 09:15:00+05:30,560.2000122070312,565.9000244140625,557.7999877929688,563.5499877929688,563.5499877929688,0
2023-06-26 10:15:00+05:30,563.7000122070312,564.5,561.0999755859375,562.7999877929688,562.7999877929688,717582
2023-06-26 11:15:00+05:30,562.75,564.0,562.0999755859375,563.9000244140625,563.9000244140625,574844
2023-06-26 12:15:00+05:30,563.9000244140625,564.4000244140625,560.5,561.5499877929688,561.5499877929688,742000
2023-06-26 13:15:00+05:30,561.5999755859375,563.75,561.5999755859375,563.3499755859375,563.3499755859375,618113
2023-06-26 14:15:00+05:30,563.5,568.2000122070312,562.75,567.3499755859375,567.3499755859375,1478743
2023-06-26 15:15:00+05:30,567.4500122070312,569.0,567.2000122070312,568.5,568.5,660189
2023-06-27 09:15:00+05:30,569.6500244140625,573.75,569.6500244140625,573.0999755859375,573.0999755859375,0
2023-06-27 10:15:00+05:30,573.0999755859375,576.8499755859375,573.0499877929688,575.0,575.0,1901482
2023-06-27 11:15:00+05:30,574.7999877929688,576.5,574.0999755859375,575.1500244140625,575.1500244140625,1164545
2023-06-27 12:15:00+05:30,575.25,575.7999877929688,572.5,573.0999755859375,573.0999755859375,913413
2023-06-27 13:15:00+05:30,573.0999755859375,574.25,571.75,573.7000122070312,573.7000122070312,861491
2023-06-27 14:15:00+05:30,573.9000244140625,574.9000244140625,572.9500122070312,573.7000122070312,573.7000122070312,1030999
2023-06-27 15:15:00+05:30,573.5499877929688,573.6500244140625,572.2000122070312,572.75,572.75,659799
2023-06-30 09:15:00+05:30,588.0499877929688,595.25,588.0499877929688,594.0,594.0,0
2023-06-30 10:15:00+05:30,594.0499877929688,598.0,593.0499877929688,597.5499877929688,597.5499877929688,2194174
2023-06-30 11:15:00+05:30,597.6500244140625,597.7000122070312,594.7999877929688,596.2000122070312,596.2000122070312,1099819
2023-06-30 12:15:00+05:30,596.2000122070312,597.0,595.0,595.5499877929688,595.5499877929688,964591
2023-06-30 13:15:00+05:30,595.5999755859375,598.9500122070312,595.2000122070312,598.9000244140625,598.9000244140625,1100278
2023-06-30 14:15:00+05:30,598.9000244140625,599.0,595.0,595.75,595.75,2339053
2023-06-30 15:15:00+05:30,595.5999755859375,596.2999877929688,595.2000122070312,595.2000122070312,595.2000122070312,1110479
2023-07-03 09:15:00+05:30,600.0499877929688,602.2999877929688,592.7999877929688,594.5999755859375,594.5999755859375,0
2023-07-03 10:15:00+05:30,594.4000244140625,599.25,593.5,594.0,594.0,1959170
2023-07-03 11:15:00+05:30,594.0,595.0,591.6500244140625,593.4000244140625,593.4000244140625,1337740
2023-07-03 12:15:00+05:30,593.25,594.4500122070312,592.6500244140625,593.2000122070312,593.2000122070312,644208
2023-07-03 13:15:00+05:30,593.2000122070312,593.4000244140625,590.25,590.9000244140625,590.9000244140625,1135172
2023-07-03 14:15:00+05:30,591.2000122070312,593.7000122070312,590.0,590.5999755859375,590.5999755859375,1425264
2023-07-03 15:15:00+05:30,590.9000244140625,592.0,590.2000122070312,591.9000244140625,591.9000244140625,921605
2023-07-04 09:15:00+05:30,594.0,596.3499755859375,590.9000244140625,594.5999755859375,594.5999755859375,0
2023-07-04 10:15:00+05:30,594.7999877929688,596.0,593.5499877929688,594.0,594.0,899934
2023-07-04 11:15:00+05:30,594.0,595.0,592.5499877929688,593.5499877929688,593.5499877929688,551549
2023-07-04 12:15:00+05:30,593.5999755859375,593.9500122070312,591.0,591.5,591.5,808908
2023-07-04 13:15:00+05:30,591.4500122070312,593.5,590.8499755859375,592.25,592.25,627644
2023-07-04 14:15:00+05:30,592.2000122070312,592.6500244140625,589.7000122070312,591.7000122070312,591.7000122070312,1080151
2023-07-04 15:15:00+05:30,591.5999755859375,592.0,590.5,591.9000244140625,591.9000244140625,618728
2023-07-05 09:15:00+05:30,592.4500122070312,592.75,589.6500244140625,590.75,590.75,0
2023-07-05 10:15:00+05:30,590.5499877929688,590.7999877929688,587.4000244140625,587.4000244140625,587.4000244140625,1056912
2023-07-05 11:15:00+05:30,587.4500122070312,588.5,585.25,587.6500244140625,587.6500244140625,1618032
2023-07-05 12:15:00+05:30,587.7000122070312,588.5,586.6500244140625,587.2999877929688,587.2999877929688,556991
2023-07-05 13:15:00+05:30,587.2000122070312,593.0,585.5,589.9500122070312,589.9500122070312,1781840
2023-07-05 14:15:00+05:30,589.9500122070312,590.25,586.7000122070312,588.2000122070312,588.2000122070312,1278690
2023-07-05 15:15:00+05:30,588.1500244140625,589.8499755859375,587.5499877929688,589.8499755859375,589.8499755859375,822199
2023-07-06 09:15:00+05:30,589.4500122070312,593.0,588.9000244140625,591.8499755859375,591.8499755859375,2093487
2023-07-06 10:15:00+05:30,591.8499755859375,597.2000122070312,590.5,595.75,595.75,1820382
2023-07-06 11:15:00+05:30,595.75,596.8499755859375,593.7999877929688,594.9000244140625,594.9000244140625,1229797
2023-07-06 12:15:00+05:30,594.8499755859375,595.1500244140625,592.1500244140625,593.0999755859375,593.0999755859375,963683
2023-07-06 13:15:00+05:30,593.1500244140625,600.25,592.9500122070312,599.0,599.0,2111987
2023-07-06 14:15:00+05:30,599.3499755859375,604.9500122070312,599.2999877929688,599.8499755859375,599.8499755859375,5110997
2023-07-06 15:15:00+05:30,600.0,601.7000122070312,599.7000122070312,601.0,601.0,1008959
2023-07-07 09:15:00+05:30,599.4000244140625,603.0499877929688,598.25,600.25,600.25,2655321
2023-07-07 10:15:00+05:30,600.5,600.5,593.2000122070312,594.5999755859375,594.5999755859375,1412873
2023-07-07 11:15:00+05:30,594.7000122070312,595.4000244140625,592.5999755859375,593.5,593.5,852086
2023-07-07 12:15:00+05:30,593.4500122070312,595.0,592.7000122070312,592.9500122070312,592.9500122070312,859023
2023-07-07 13:15:00+05:30,592.9500122070312,595.4000244140625,592.2000122070312,595.25,595.25,1226432
2023-07-07 14:15:00+05:30,595.25,619.9000244140625,595.0499877929688,619.6500244140625,619.6500244140625,10447143
2023-07-07 15:15:00+05:30,619.8499755859375,624.7000122070312,617.9000244140625,622.1500244140625,622.1500244140625,3606634
2023-07-10 09:15:00+05:30,623.1500244140625,632.5,620.0,628.5,628.5,0
2023-07-10 10:15:00+05:30,628.5,634.7999877929688,628.1500244140625,629.7999877929688,629.7999877929688,3653852
2023-07-10 11:15:00+05:30,629.5999755859375,630.0,624.0,624.75,624.75,2455854
2023-07-10 12:15:00+05:30,624.75,627.25,619.4500122070312,622.0999755859375,622.0999755859375,2212702
2023-07-10 13:15:00+05:30,621.9000244140625,625.25,621.6500244140625,623.2000122070312,623.2000122070312,1331787
2023-07-10 14:15:00+05:30,623.1500244140625,623.75,618.0,618.75,618.75,2805858
2023-07-10 15:15:00+05:30,618.7000122070312,619.5999755859375,617.5499877929688,619.4000244140625,619.4000244140625,1383580
2023-07-11 09:15:00+05:30,625.4500122070312,629.0,622.6500244140625,624.0,624.0,4095034
2023-07-11 10:15:00+05:30,623.8499755859375,627.0,623.75,625.4500122070312,625.4500122070312,1318098
2023-07-11 11:15:00+05:30,625.4500122070312,625.4500122070312,623.0,624.9000244140625,624.9000244140625,1112821
2023-07-11 12:15:00+05:30,624.8499755859375,626.0,623.2000122070312,625.4500122070312,625.4500122070312,1157602
2023-07-11 13:15:00+05:30,625.4000244140625,627.0,624.7000122070312,626.0,626.0,1022555
2023-07-11 14:15:00+05:30,626.0,630.4000244140625,624.3499755859375,628.25,628.25,2308167
2023-07-11 15:15:00+05:30,628.25,629.5,627.8499755859375,628.1500244140625,628.1500244140625,1030230
2023-07-12 09:15:00+05:30,629.4000244140625,630.7999877929688,626.0,628.0999755859375,628.0999755859375,2999689
2023-07-12 10:15:00+05:30,628.0999755859375,628.2000122070312,624.75,625.3499755859375,625.3499755859375,1423075
2023-07-12 11:15:00+05:30,625.0999755859375,626.4500122070312,624.0,624.4500122070312,624.4500122070312,799856
2023-07-12 12:15:00+05:30,624.4500122070312,625.0,623.5,623.5499877929688,623.5499877929688,1084082
2023-07-12 13:15:00+05:30,623.5499877929688,624.0499877929688,622.0,623.8499755859375,623.8499755859375,1032817
2023-07-12 14:15:00+05:30,623.6500244140625,624.9000244140625,620.5,620.5999755859375,620.5999755859375,2086433
2023-07-12 15:15:00+05:30,620.5499877929688,622.0999755859375,619.3499755859375,620.0,620.0,1351486
2023-07-13 09:15:00+05:30,624.6500244140625,626.4000244140625,621.6500244140625,625.7999877929688,625.7999877929688,2392715
2023-07-13 10:15:00+05:30,625.9000244140625,625.9000244140625,623.6500244140625,625.2000122070312,625.2000122070312,873817
2023-07-13 11:15:00+05:30,625.2000122070312,626.4000244140625,622.75,622.9500122070312,622.9500122070312,1198084
2023-07-13 12:15:00+05:30,622.9500122070312,625.0,622.1500244140625,624.75,624.75,885964
2023-07-13 13:15:00+05:30,624.7999877929688,624.7999877929688,615.7000122070312,618.0,618.0,1789635
2023-07-13 14:15:00+05:30,617.9500122070312,620.0,615.5,619.9500122070312,619.9500122070312,1719415
2023-07-13 15:15:00+05:30,620.0,624.3499755859375,619.5,623.1500244140625,623.1500244140625,828698
2023-07-14 09:15:00+05:30,623.4500122070312,626.0,620.6500244140625,623.7999877929688,623.7999877929688,1835901
2023-07-14 10:15:00+05:30,623.7000122070312,623.9000244140625,621.2999877929688,623.3499755859375,623.3499755859375,718433
2023-07-14 11:15:00+05:30,623.3499755859375,623.9000244140625,620.5,621.6500244140625,621.6500244140625,777919
2023-07-14 12:15:00+05:30,621.6500244140625,622.0,619.5,621.4000244140625,621.4000244140625,932454
2023-07-14 13:15:00+05:30,621.4000244140625,621.4000244140625,619.6500244140625,621.25,621.25,765475
2023-07-14 14:15:00+05:30,621.25,625.5,621.1500244140625,625.1500244140625,625.1500244140625,1374133
2023-07-14 15:15:00+05:30,625.2000122070312,625.4000244140625,624.0,624.3499755859375,624.3499755859375,597436
2023-07-17 09:15:00+05:30,625.7999877929688,625.7999877929688,620.5,620.8499755859375,620.8499755859375,0
2023-07-17 10:15:00+05:30,620.7999877929688,622.0,619.5499877929688,620.5999755859375,620.5999755859375,1422403
2023-07-17 11:15:00+05:30,620.5499877929688,620.9000244140625,619.0,619.25,619.25,859641
2023-07-17 12:15:00+05:30,619.25,620.0,617.1500244140625,619.5999755859375,619.5999755859375,1118619
2023-07-17 13:15:00+05:30,619.75,621.25,619.25,620.0999755859375,620.0999755859375,813704
2023-07-17 14:15:00+05:30,620.0999755859375,620.5,618.0999755859375,618.4000244140625,618.4000244140625,922195
2023-07-17 15:15:00+05:30,618.5,619.5,617.25,619.25,619.25,715536
2023-07-18 09:15:00+05:30,620.2999877929688,620.8499755859375,608.0499877929688,614.0999755859375,614.0999755859375,0
2023-07-18 10:15:00+05:30,614.0999755859375,615.2000122070312,610.2000122070312,612.0,612.0,1032707
2023-07-18 11:15:00+05:30,612.0,612.0,607.1500244140625,609.3499755859375,609.3499755859375,1634628
2023-07-18 12:15:00+05:30,609.3499755859375,612.0,609.0,611.75,611.75,1095605
2023-07-18 13:15:00+05:30,611.9500122070312,615.0,611.7000122070312,613.3499755859375,613.3499755859375,1255629
2023-07-18 14:15:00+05:30,613.3499755859375,613.5,610.0999755859375,612.7999877929688,612.7999877929688,1241428
2023-07-18 15:15:00+05:30,612.75,612.7999877929688,610.7999877929688,611.4000244140625,611.4000244140625,730890
2023-07-19 09:15:00+05:30,613.9000244140625,616.8499755859375,612.5,614.0499877929688,614.0499877929688,0
2023-07-19 10:15:00+05:30,614.1500244140625,615.0499877929688,610.5,610.5499877929688,610.5499877929688,1244840
2023-07-19 11:15:00+05:30,610.5499877929688,625.25,610.1500244140625,622.0,622.0,4426249
2023-07-19 12:15:00+05:30,622.3499755859375,624.0999755859375,621.3499755859375,621.7999877929688,621.7999877929688,1124268
2023-07-19 13:15:00+05:30,621.8499755859375,622.2999877929688,619.4500122070312,620.4000244140625,620.4000244140625,975040
2023-07-19 14:15:00+05:30,620.4000244140625,622.3499755859375,619.5,620.5499877929688,620.5499877929688,986028
2023-07-19 15:15:00+05:30,620.75,621.0,619.8499755859375,619.9000244140625,619.9000244140625,637079
2023-07-20 09:15:00+05:30,622.2999877929688,622.6500244140625,616.25,616.75,616.75,2049718
2023-07-20 10:15:00+05:30,616.5999755859375,620.0,616.5999755859375,618.3499755859375,618.3499755859375,836509
2023-07-20 11:15:00+05:30,618.2999877929688,620.0,617.2000122070312,619.0,619.0,798058
2023-07-20 12:15:00+05:30,619.0,623.4000244140625,618.25,621.1500244140625,621.1500244140625,1419471
2023-07-20 13:15:00+05:30,621.1500244140625,622.2000122070312,619.0499877929688,621.25,621.25,797038
2023-07-20 14:15:00+05:30,621.2999877929688,622.5999755859375,619.0499877929688,621.4000244140625,621.4000244140625,1331708
2023-07-20 15:15:00+05:30,621.4000244140625,622.5,621.2000122070312,621.2000122070312,621.2000122070312,599151
2023-07-21 09:15:00+05:30,620.0,626.9500122070312,618.5,622.9000244140625,622.9000244140625,0
2023-07-21 10:15:00+05:30,622.9000244140625,623.7999877929688,620.0499877929688,622.3499755859375,622.3499755859375,1164725
2023-07-21 11:15:00+05:30,622.2999877929688,629.5,622.0499877929688,629.0999755859375,629.0999755859375,2619163
2023-07-21 12:15:00+05:30,628.8499755859375,630.6500244140625,627.5999755859375,629.7000122070312,629.7000122070312,1875065
2023-07-21 13:15:00+05:30,629.7000122070312,631.0,626.1500244140625,626.2999877929688,626.2999877929688,1899109
2023-07-21 14:15:00+05:30,626.2999877929688,628.0,623.5999755859375,625.75,625.75,1833493
2023-07-21 15:15:00+05:30,625.8499755859375,627.0,625.5,625.75,625.75,664102
2023-07-24 09:15:00+05:30,627.9500122070312,632.5,627.0999755859375,631.5499877929688,631.5499877929688,0
2023-07-24 10:15:00+05:30,631.5499877929688,633.0,629.3499755859375,632.4000244140625,632.4000244140625,1366636
2023-07-24 11:15:00+05:30,632.4000244140625,632.4500122070312,626.4000244140625,629.3499755859375,629.3499755859375,1422297
2023-07-24 12:15:00+05:30,629.1500244140625,630.4000244140625,627.7000122070312,630.1500244140625,630.1500244140625,932437
2023-07-24 13:15:00+05:30,630.2999877929688,634.4500122070312,628.5499877929688,631.4500122070312,631.4500122070312,2623296
2023-07-24 14:15:00+05:30,631.7000122070312,632.1500244140625,627.0999755859375,629.25,629.25,1921771
2023-07-24 15:15:00+05:30,629.25,630.4500122070312,628.9000244140625,629.75,629.75,746411
2023-07-25 09:15:00+05:30,635.0499877929688,640.5999755859375,633.9000244140625,639.4500122070312,639.4500122070312,0
2023-07-25 10:15:00+05:30,639.25,639.7000122070312,635.9000244140625,638.9000244140625,638.9000244140625,2112774
2023-07-25 11:15:00+05:30,638.9000244140625,639.5,637.0,639.2000122070312,639.2000122070312,1068385
2023-07-25 12:15:00+05:30,639.2000122070312,642.5,639.0,642.2000122070312,642.2000122070312,2188205
2023-07-25 13:15:00+05:30,642.25,642.3499755859375,638.2000122070312,640.5499877929688,640.5499877929688,1290458
2023-07-25 14:15:00+05:30,640.5999755859375,641.75,637.5999755859375,638.7000122070312,638.7000122070312,1609799
2023-07-25 15:15:00+05:30,638.5999755859375,641.8499755859375,638.5,641.5,641.5,899886
2023-07-26 09:15:00+05:30,654.2000122070312,663.0999755859375,646.3499755859375,648.25,648.25,16942184
2023-07-26 10:15:00+05:30,648.25,650.0,646.2000122070312,647.9500122070312,647.9500122070312,2455008
2023-07-26 11:15:00+05:30,647.9500122070312,648.0,643.7000122070312,647.0,647.0,2695823
2023-07-26 12:15:00+05:30,646.9500122070312,649.0,646.5499877929688,647.8499755859375,647.8499755859375,1932535
2023-07-26 13:15:00+05:30,647.9000244140625,648.0,645.0,647.0,647.0,1875163
2023-07-26 14:15:00+05:30,647.0499877929688,649.7000122070312,640.4500122070312,641.2000122070312,641.2000122070312,3635325
2023-07-26 15:15:00+05:30,641.1500244140625,641.4500122070312,639.0,640.0,640.0,2127521
2023-07-27 09:15:00+05:30,644.9500122070312,648.4000244140625,640.2999877929688,645.0499877929688,645.0499877929688,3615803
2023-07-27 10:15:00+05:30,644.9500122070312,647.0,644.0,645.0499877929688,645.0499877929688,1062618
2023-07-27 11:15:00+05:30,645.0499877929688,647.25,644.0499877929688,645.8499755859375,645.8499755859375,999733
2023-07-27 12:15:00+05:30,645.6500244140625,646.5499877929688,641.3499755859375,643.5999755859375,643.5999755859375,1259190
2023-07-27 13:15:00+05:30,643.5,645.0,641.4500122070312,642.5499877929688,642.5499877929688,1111196
2023-07-27 14:15:00+05:30,642.5499877929688,644.9000244140625,636.7999877929688,644.5,644.5,2791449
2023-07-27 15:15:00+05:30,644.4500122070312,647.0,643.7999877929688,645.5999755859375,645.5999755859375,850937
2023-07-28 09:15:00+05:30,644.5,645.2999877929688,637.6500244140625,638.9000244140625,638.9000244140625,2417636
2023-07-28 10:15:00+05:30,638.9000244140625,639.4500122070312,632.2000122070312,633.5499877929688,633.5499877929688,1847750
2023-07-28 11:15:00+05:30,633.5499877929688,634.5999755859375,631.9000244140625,634.4500122070312,634.4500122070312,1165552
2023-07-28 12:15:00+05:30,634.4500122070312,635.9000244140625,633.6500244140625,634.2000122070312,634.2000122070312,814072
2023-07-28 13:15:00+05:30,634.2000122070312,634.9000244140625,632.3499755859375,633.3499755859375,633.3499755859375,765169
2023-07-28 14:15:00+05:30,633.4000244140625,636.7000122070312,633.0499877929688,635.3499755859375,635.3499755859375,1399733
2023-07-28 15:15:00+05:30,635.4000244140625,636.0,633.7999877929688,636.0,636.0,885858
2023-07-31 09:15:00+05:30,639.25,643.5499877929688,636.4500122070312,642.3499755859375,642.3499755859375,0
2023-07-31 10:15:00+05:30,642.2999877929688,645.0,641.25,644.9000244140625,644.9000244140625,1241030
2023-07-31 11:15:00+05:30,644.9000244140625,645.5,643.0,643.0999755859375,643.0999755859375,878298
2023-07-31 12:15:00+05:30,643.0999755859375,643.4000244140625,641.0,643.0499877929688,643.0499877929688,780690
2023-07-31 13:15:00+05:30,643.25,644.2999877929688,642.4500122070312,643.2000122070312,643.2000122070312,608782
2023-07-31 14:15:00+05:30,643.3499755859375,645.0,642.75,644.4500122070312,644.4500122070312,1018111
2023-07-31 15:15:00+05:30,644.5,645.0,642.9000244140625,644.2999877929688,644.2999877929688,757328
2023-08-01 09:15:00+05:30,644.9000244140625,652.9000244140625,644.4500122070312,648.7000122070312,648.7000122070312,0
2023-08-01 10:15:00+05:30,648.75,649.3499755859375,646.5499877929688,647.9000244140625,647.9000244140625,1241428
2023-08-01 11:15:00+05:30,647.9000244140625,649.2999877929688,647.6500244140625,648.0499877929688,648.0499877929688,628823
2023-08-01 12:15:00+05:30,648.0,648.25,644.6500244140625,646.0,646.0,1193882
2023-08-01 13:15:00+05:30,646.0,647.25,644.7000122070312,645.9500122070312,645.9500122070312,881850
2023-08-01 14:15:00+05:30,645.9500122070312,647.8499755859375,644.0999755859375,644.1500244140625,644.1500244140625,1046917
2023-08-01 15:15:00+05:30,644.1500244140625,644.2999877929688,642.0,642.9000244140625,642.9000244140625,708660
2023-08-02 09:15:00+05:30,644.0,644.0,633.7999877929688,634.7999877929688,634.7999877929688,2452273
2023-08-02 10:15:00+05:30,634.9500122070312,634.9500122070312,630.0,632.9000244140625,632.9000244140625,2080418
2023-08-02 11:15:00+05:30,632.9000244140625,632.9000244140625,626.5999755859375,628.1500244140625,628.1500244140625,1438235
2023-08-02 12:15:00+05:30,628.1500244140625,629.7999877929688,623.5999755859375,625.0499877929688,625.0499877929688,2168143
2023-08-02 13:15:00+05:30,625.0499877929688,625.6500244140625,617.0,617.8499755859375,617.8499755859375,3091879
2023-08-02 14:15:00+05:30,617.9000244140625,624.0,616.4500122070312,623.8499755859375,623.8499755859375,3165379
2023-08-02 15:15:00+05:30,623.9000244140625,623.9000244140625,621.7000122070312,623.0,623.0,1360398
2023-08-03 09:15:00+05:30,624.0,626.2000122070312,618.7000122070312,621.7000122070312,621.7000122070312,3040111
2023-08-03 10:15:00+05:30,621.7999877929688,626.3499755859375,621.2999877929688,624.1500244140625,624.1500244140625,1424775
2023-08-03 11:15:00+05:30,624.0499877929688,625.7000122070312,622.0499877929688,622.3499755859375,622.3499755859375,744623
2023-08-03 12:15:00+05:30,622.1500244140625,623.2999877929688,614.9000244140625,617.4500122070312,617.4500122070312,1848675
2023-08-03 13:15:00+05:30,617.5,618.0,614.2000122070312,615.75,615.75,1391144
2023-08-03 14:15:00+05:30,615.6500244140625,619.5,614.9000244140625,619.0,619.0,1929606
2023-08-03 15:15:00+05:30,618.9500122070312,620.7000122070312,618.3499755859375,620.5,620.5,1076999
2023-08-04 09:15:00+05:30,623.7999877929688,624.3499755859375,615.0,615.3499755859375,615.3499755859375,2704420
2023-08-04 10:15:00+05:30,615.2999877929688,616.7999877929688,613.4500122070312,614.5,614.5,1209271
2023-08-04 11:15:00+05:30,614.4500122070312,621.4000244140625,614.0,619.5,619.5,2081300
2023-08-04 12:15:00+05:30,619.5,621.25,618.0,620.0499877929688,620.0499877929688,1092463
2023-08-04 13:15:00+05:30,620.0499877929688,620.7999877929688,614.0,615.7000122070312,615.7000122070312,2114107
2023-08-04 14:15:00+05:30,615.6500244140625,616.8499755859375,614.8499755859375,615.2999877929688,615.2999877929688,1665734
2023-08-04 15:15:00+05:30,615.2999877929688,615.7999877929688,614.0,615.75,615.75,936188
2023-08-07 09:15:00+05:30,617.9000244140625,618.0,611.5,615.5999755859375,615.5999755859375,0
2023-08-07 10:15:00+05:30,615.5,616.5,610.5,611.9500122070312,611.9500122070312,1453892
2023-08-07 11:15:00+05:30,612.0,612.75,610.4000244140625,612.1500244140625,612.1500244140625,766730
2023-08-07 12:15:00+05:30,612.1500244140625,612.5,610.0,611.8499755859375,611.8499755859375,1816805
2023-08-07 13:15:00+05:30,611.8499755859375,611.9500122070312,609.4000244140625,609.7000122070312,609.7000122070312,996779
2023-08-07 14:15:00+05:30,609.9000244140625,611.2000122070312,609.0,609.4500122070312,609.4500122070312,1681584
2023-08-07 15:15:00+05:30,609.7000122070312,610.2999877929688,608.5499877929688,610.25,610.25,999931
2023-08-08 09:15:00+05:30,612.5499877929688,614.75,609.3499755859375,613.2999877929688,613.2999877929688,0
2023-08-08 10:15:00+05:30,613.2999877929688,613.75,606.7000122070312,606.7999877929688,606.7999877929688,1844315
2023-08-08 11:15:00+05:30,606.8499755859375,609.1500244140625,605.25,609.0999755859375,609.0999755859375,1106998
2023-08-08 12:15:00+05:30,609.0999755859375,609.9000244140625,607.5999755859375,607.7999877929688,607.7999877929688,782819
2023-08-08 13:15:00+05:30,607.8499755859375,609.4000244140625,606.7999877929688,607.3499755859375,607.3499755859375,1080223
2023-08-08 14:15:00+05:30,607.2999877929688,608.2999877929688,605.5499877929688,606.9000244140625,606.9000244140625,1257787
2023-08-08 15:15:00+05:30,606.9500122070312,608.0499877929688,606.75,608.0,608.0,596870
2023-08-09 09:15:00+05:30,610.5,610.5,607.0,609.0999755859375,609.0999755859375,0
2023-08-09 10:15:00+05:30,609.2000122070312,609.25,606.0999755859375,606.2999877929688,606.2999877929688,913866
2023-08-09 11:15:00+05:30,606.2999877929688,607.5499877929688,605.5,607.2000122070312,607.2000122070312,1443152
2023-08-09 12:15:00+05:30,607.8499755859375,609.8499755859375,607.2999877929688,608.0499877929688,608.0499877929688,968873
2023-08-09 13:15:00+05:30,607.8499755859375,621.6500244140625,607.0,617.9000244140625,617.9000244140625,4547744
2023-08-09 14:15:00+05:30,617.9000244140625,623.5,617.7000122070312,622.7999877929688,622.7999877929688,2490088
2023-08-09 15:15:00+05:30,622.7000122070312,624.0,622.0499877929688,623.5,623.5,1238564
2023-08-10 09:15:00+05:30,623.0,623.0,616.2999877929688,618.7000122070312,618.7000122070312,2435275
2023-08-10 10:15:00+05:30,618.8499755859375,619.5,612.4500122070312,613.9000244140625,613.9000244140625,3088337
2023-08-10 11:15:00+05:30,613.9000244140625,615.4500122070312,613.0,613.0999755859375,613.0999755859375,1214911
2023-08-10 12:15:00+05:30,613.0999755859375,628.1500244140625,607.0499877929688,626.5,626.5,40030407
2023-08-10 13:15:00+05:30,626.5499877929688,627.9500122070312,615.0,618.7000122070312,618.7000122070312,3589950
2023-08-10 14:15:00+05:30,618.6500244140625,620.0,615.6500244140625,618.9000244140625,618.9000244140625,1831099
2023-08-10 15:15:00+05:30,618.9000244140625,619.25,616.9000244140625,617.2000122070312,617.2000122070312,920820
2023-08-11 09:15:00+05:30,619.8499755859375,624.4500122070312,618.0,620.6500244140625,620.6500244140625,2424996
2023-08-11 10:15:00+05:30,620.7000122070312,621.75,615.1500244140625,616.0999755859375,616.0999755859375,1539762
2023-08-11 11:15:00+05:30,616.0999755859375,618.4000244140625,615.5999755859375,617.6500244140625,617.6500244140625,904263
2023-08-11 12:15:00+05:30,617.6500244140625,618.2000122070312,616.0,617.8499755859375,617.8499755859375,748145
2023-08-11 13:15:00+05:30,617.8499755859375,617.8499755859375,613.0499877929688,613.4000244140625,613.4000244140625,1012943
2023-08-11 14:15:00+05:30,613.4000244140625,615.2000122070312,610.8499755859375,612.25,612.25,1547506
2023-08-11 15:15:00+05:30,612.25,612.5499877929688,610.6500244140625,611.7000122070312,611.7000122070312,1165749
2023-08-14 09:15:00+05:30,608.5,608.5,594.5999755859375,600.8499755859375,600.8499755859375,0
2023-08-14 10:15:00+05:30,600.9500122070312,601.3499755859375,598.0999755859375,599.0999755859375,599.0999755859375,1342905
2023-08-14 11:15:00+05:30,599.0999755859375,604.2999877929688,599.0,603.5,603.5,1504680
2023-08-14 12:15:00+05:30,603.5,603.9000244140625,602.3499755859375,603.0499877929688,603.0499877929688,1025899
2023-08-14 13:15:00+05:30,603.0499877929688,605.8499755859375,601.4500122070312,605.7000122070312,605.7000122070312,1385153
2023-08-14 14:15:00+05:30,605.5499877929688,609.25,605.0,607.0999755859375,607.0999755859375,2802236
2023-08-14 15:15:00+05:30,606.9500122070312,607.25,606.1500244140625,606.8499755859375,606.8499755859375,1061273
2023-08-16 09:15:00+05:30,603.6500244140625,604.7999877929688,599.0999755859375,604.0999755859375,604.0999755859375,2735092
2023-08-16 10:15:00+05:30,604.0999755859375,605.9500122070312,603.7999877929688,604.0999755859375,604.0999755859375,1033940
2023-08-16 11:15:00+05:30,604.0999755859375,607.7000122070312,603.5499877929688,607.0,607.0,1458791
2023-08-16 12:15:00+05:30,607.0,608.9000244140625,606.0,608.8499755859375,608.8499755859375,1088956
2023-08-16 13:15:00+05:30,608.9000244140625,611.0,606.5,611.0,611.0,1521845
2023-08-16 14:15:00+05:30,611.0,621.2000122070312,610.7999877929688,618.4000244140625,618.4000244140625,5728314
2023-08-16 15:15:00+05:30,618.4000244140625,619.4000244140625,617.1500244140625,617.7999877929688,617.7999877929688,980006
2023-08-17 09:15:00+05:30,620.0499877929688,621.5999755859375,615.0,617.2999877929688,617.2999877929688,0
2023-08-17 10:15:00+05:30,617.3499755859375,619.5,617.0,618.0499877929688,618.0499877929688,1180541
2023-08-17 11:15:00+05:30,618.0499877929688,618.4000244140625,612.7000122070312,613.2000122070312,613.2000122070312,1611587
2023-08-17 12:15:00+05:30,613.0,614.7000122070312,612.0999755859375,613.2000122070312,613.2000122070312,984940
2023-08-17 13:15:00+05:30,613.2999877929688,614.0,612.3499755859375,613.5999755859375,613.5999755859375,879454
2023-08-17 14:15:00+05:30,613.5999755859375,615.0,611.0499877929688,614.4000244140625,614.4000244140625,3087301
2023-08-17 15:15:00+05:30,614.5,614.6500244140625,611.9000244140625,613.75,613.75,1698999
2023-08-18 09:15:00+05:30,612.4500122070312,617.0,611.4500122070312,614.3499755859375,614.3499755859375,0
2023-08-18 10:15:00+05:30,614.1500244140625,616.5999755859375,613.0499877929688,616.0499877929688,616.0499877929688,1166821
2023-08-18 11:15:00+05:30,616.2000122070312,617.0,613.9500122070312,615.25,615.25,1461155
2023-08-18 12:15:00+05:30,615.25,615.25,612.9500122070312,614.0999755859375,614.0999755859375,1089394
2023-08-18 13:15:00+05:30,614.2000122070312,620.0999755859375,613.7000122070312,618.75,618.75,1860574
2023-08-18 14:15:00+05:30,618.8499755859375,619.2000122070312,615.0499877929688,616.9500122070312,616.9500122070312,2077669
2023-08-18 15:15:00+05:30,617.0,617.0,613.1500244140625,613.7999877929688,613.7999877929688,951865
2023-08-21 09:15:00+05:30,616.5,622.2000122070312,615.25,620.2999877929688,620.2999877929688,0
2023-08-21 10:15:00+05:30,620.2000122070312,623.0,620.0,622.4000244140625,622.4000244140625,1246268
2023-08-21 11:15:00+05:30,622.4000244140625,622.9500122070312,619.2000122070312,619.2999877929688,619.2999877929688,1534502
2023-08-21 12:15:00+05:30,619.2000122070312,621.0,618.0499877929688,619.8499755859375,619.8499755859375,1651289
2023-08-21 13:15:00+05:30,619.75,622.25,619.0,621.25,621.25,976982
2023-08-21 14:15:00+05:30,621.25,622.0,620.0,620.0999755859375,620.0999755859375,1030693
2023-08-21 15:15:00+05:30,620.0499877929688,620.7000122070312,619.2999877929688,620.5,620.5,563642
2023-08-22 09:15:00+05:30,621.4500122070312,626.4500122070312,621.2999877929688,623.25,623.25,0
2023-08-22 10:15:00+05:30,623.0,624.0,621.9500122070312,623.2999877929688,623.2999877929688,642846
2023-08-22 11:15:00+05:30,623.3499755859375,624.0,621.7999877929688,623.2999877929688,623.2999877929688,1050644
2023-08-22 12:15:00+05:30,623.0999755859375,623.8499755859375,622.7000122070312,623.2999877929688,623.2999877929688,874521
2023-08-22 13:15:00+05:30,623.5499877929688,624.0,620.6500244140625,622.25,622.25,1022396
2023-08-22 14:15:00+05:30,622.4500122070312,622.7999877929688,620.0,620.4500122070312,620.4500122070312,1201698
2023-08-22 15:15:00+05:30,620.4500122070312,620.7999877929688,618.5999755859375,619.4500122070312,619.4500122070312,809713
2023-08-23 09:15:00+05:30,622.2000122070312,622.7000122070312,615.2000122070312,616.0999755859375,616.0999755859375,0
2023-08-23 10:15:00+05:30,616.0499877929688,616.3499755859375,613.5,615.25,615.25,1515880
2023-08-23 11:15:00+05:30,615.0999755859375,615.5,614.2999877929688,614.7999877929688,614.7999877929688,911807
2023-08-23 12:15:00+05:30,614.7999877929688,615.25,614.2000122070312,614.4000244140625,614.4000244140625,717100
2023-08-23 13:15:00+05:30,614.4000244140625,615.3499755859375,614.0,614.7999877929688,614.7999877929688,581656
2023-08-23 14:15:00+05:30,614.7999877929688,617.25,613.5,613.5999755859375,613.5999755859375,1304607
2023-08-23 15:15:00+05:30,613.5999755859375,614.5,613.2000122070312,614.5,614.5,849051
2023-08-24 09:15:00+05:30,618.0499877929688,618.9500122070312,615.75,617.0,617.0,1430002
2023-08-24 10:15:00+05:30,617.0999755859375,617.4500122070312,613.6500244140625,615.0,615.0,893106
2023-08-24 11:15:00+05:30,614.9000244140625,615.0999755859375,613.0,614.9000244140625,614.9000244140625,658536
2023-08-24 12:15:00+05:30,614.8499755859375,615.0,613.2000122070312,613.4500122070312,613.4500122070312,889731
2023-08-24 13:15:00+05:30,613.4500122070312,614.4500122070312,613.1500244140625,614.0,614.0,700066
2023-08-24 14:15:00+05:30,613.9500122070312,614.0,609.7000122070312,611.4000244140625,611.4000244140625,1839271
2023-08-24 15:15:00+05:30,611.4000244140625,611.9500122070312,610.0,611.75,611.75,682121
2023-08-25 09:15:00+05:30,609.5,614.6500244140625,609.3499755859375,611.9000244140625,611.9000244140625,1594868
2023-08-25 10:15:00+05:30,612.0,612.0,607.0,609.2999877929688,609.2999877929688,1180021
2023-08-25 11:15:00+05:30,609.3499755859375,615.4500122070312,608.5999755859375,612.2999877929688,612.2999877929688,1313802
2023-08-25 12:15:00+05:30,612.1500244140625,613.8499755859375,611.5,611.5,611.5,469346
2023-08-25 13:15:00+05:30,611.5,616.5,604.8499755859375,606.5,606.5,2478178
2023-08-25 14:15:00+05:30,606.5,607.5,593.5,605.6500244140625,605.6500244140625,7583460
2023-08-25 15:15:00+05:30,605.6500244140625,605.9000244140625,601.0,601.7999877929688,601.7999877929688,1450996
2023-08-28 09:15:00+05:30,605.5,607.9500122070312,602.2000122070312,606.7000122070312,606.7000122070312,0
2023-08-28 10:15:00+05:30,606.8499755859375,608.0,606.0,607.7999877929688,607.7999877929688,692810
2023-08-28 11:15:00+05:30,607.7999877929688,608.5,604.9500122070312,605.0499877929688,605.0499877929688,907250
2023-08-28 12:15:00+05:30,604.9500122070312,606.3499755859375,604.5499877929688,604.7000122070312,604.7000122070312,652826
2023-08-28 13:15:00+05:30,604.7000122070312,605.4000244140625,604.25,604.75,604.75,730106
2023-08-28 14:15:00+05:30,604.75,604.9500122070312,601.75,602.9500122070312,602.9500122070312,1685321
2023-08-28 15:15:00+05:30,602.9500122070312,603.0,601.6500244140625,602.4000244140625,602.4000244140625,799242
2023-08-29 09:15:00+05:30,604.5,607.3499755859375,604.5,606.2999877929688,606.2999877929688,1204396
2023-08-29 10:15:00+05:30,606.4000244140625,607.8499755859375,605.4000244140625,605.7999877929688,605.7999877929688,825606
2023-08-29 11:15:00+05:30,605.75,610.4500122070312,605.7000122070312,609.0999755859375,609.0999755859375,1653992
2023-08-29 12:15:00+05:30,609.1500244140625,610.2000122070312,607.7999877929688,608.6500244140625,608.6500244140625,873297
2023-08-29 13:15:00+05:30,608.5,610.5,608.0999755859375,608.3499755859375,608.3499755859375,868682
2023-08-29 14:15:00+05:30,608.2000122070312,608.4000244140625,605.6500244140625,607.3499755859375,607.3499755859375,1015205
2023-08-29 15:15:00+05:30,607.3499755859375,607.9000244140625,606.8499755859375,607.6500244140625,607.6500244140625,509412
2023-08-30 09:15:00+05:30,611.2000122070312,612.9000244140625,608.7000122070312,611.25,611.25,0
2023-08-30 10:15:00+05:30,611.2000122070312,611.5,610.0,610.3499755859375,610.3499755859375,583816
2023-08-30 11:15:00+05:30,610.3499755859375,610.3499755859375,609.2999877929688,609.8499755859375,609.8499755859375,585085
2023-08-30 12:15:00+05:30,610.0,611.25,609.2999877929688,611.0,611.0,780942
2023-08-30 13:15:00+05:30,611.0,611.0,607.7000122070312,607.9000244140625,607.9000244140625,616068
2023-08-30 14:15:00+05:30,607.9000244140625,608.0,605.0999755859375,605.7999877929688,605.7999877929688,1093836
2023-08-30 15:15:00+05:30,605.7999877929688,606.7999877929688,605.0,606.6500244140625,606.6500244140625,475929
2023-08-31 09:15:00+05:30,607.9500122070312,609.25,604.6500244140625,605.9000244140625,605.9000244140625,0
2023-08-31 10:15:00+05:30,605.7999877929688,606.2999877929688,604.1500244140625,605.25,605.25,576946
2023-08-31 11:15:00+05:30,605.4000244140625,608.4000244140625,605.25,606.0999755859375,606.0999755859375,950746
2023-08-31 12:15:00+05:30,606.0999755859375,606.5,604.25,604.5,604.5,1072482
2023-08-31 13:15:00+05:30,604.3499755859375,607.5,603.7999877929688,606.25,606.25,1090355
2023-08-31 14:15:00+05:30,606.2000122070312,606.6500244140625,600.0999755859375,601.7999877929688,601.7999877929688,3056641
2023-08-31 15:15:00+05:30,601.8499755859375,601.9500122070312,599.0999755859375,601.9000244140625,601.9000244140625,2387305
2023-09-01 09:15:00+05:30,603.0499877929688,608.5,602.75,608.2000122070312,608.2000122070312,0
2023-09-01 10:15:00+05:30,607.9000244140625,610.5499877929688,607.2000122070312,610.4000244140625,610.4000244140625,1072909
2023-09-01 11:15:00+05:30,610.4000244140625,614.7999877929688,609.9000244140625,611.8499755859375,611.8499755859375,1823238
2023-09-01 12:15:00+05:30,611.6500244140625,612.2999877929688,610.2000122070312,611.7999877929688,611.7999877929688,1073792
2023-09-01 13:15:00+05:30,611.8499755859375,612.7999877929688,607.0999755859375,608.7999877929688,608.7999877929688,1998740
2023-09-01 14:15:00+05:30,608.8499755859375,612.4000244140625,608.5499877929688,611.0,611.0,1890517
2023-09-01 15:15:00+05:30,611.25,612.0,610.0,610.4000244140625,610.4000244140625,741861
2023-09-04 09:15:00+05:30,614.2999877929688,614.2999877929688,608.4000244140625,608.7999877929688,608.7999877929688,0
2023-09-04 10:15:00+05:30,608.7999877929688,610.2999877929688,608.0,609.0,609.0,924890
2023-09-04 11:15:00+05:30,609.0999755859375,609.4000244140625,606.0499877929688,606.2999877929688,606.2999877929688,1365511
2023-09-04 12:15:00+05:30,606.2000122070312,609.0,606.2000122070312,608.5499877929688,608.5499877929688,1112831
2023-09-04 13:15:00+05:30,608.5499877929688,611.0999755859375,608.0499877929688,609.4500122070312,609.4500122070312,1327845
2023-09-04 14:15:00+05:30,609.4500122070312,609.9000244140625,608.5,609.5,609.5,1123787
2023-09-04 15:15:00+05:30,609.5,609.75,608.2999877929688,609.0,609.0,781353
2023-09-05 09:15:00+05:30,610.8499755859375,613.5999755859375,609.2000122070312,611.8499755859375,611.8499755859375,0
2023-09-05 10:15:00+05:30,611.8499755859375,612.6500244140625,610.9000244140625,612.4500122070312,612.4500122070312,563498
2023-09-05 11:15:00+05:30,612.5,618.7000122070312,612.3499755859375,613.3499755859375,613.3499755859375,2826375
2023-09-05 12:15:00+05:30,613.3499755859375,614.0,609.7999877929688,613.1500244140625,613.1500244140625,1192420
2023-09-05 13:15:00+05:30,613.1500244140625,613.2999877929688,608.0999755859375,610.7000122070312,610.7000122070312,1069931
2023-09-05 14:15:00+05:30,610.5999755859375,611.75,609.9000244140625,611.75,611.75,907184
2023-09-05 15:15:00+05:30,611.7000122070312,611.7999877929688,610.7999877929688,611.7000122070312,611.7000122070312,538079
2023-09-06 09:15:00+05:30,611.1500244140625,611.1500244140625,606.6500244140625,607.9000244140625,607.9000244140625,0
2023-09-06 10:15:00+05:30,607.7000122070312,609.0,606.8499755859375,607.5,607.5,763247
2023-09-06 11:15:00+05:30,607.2999877929688,607.75,605.5999755859375,607.5499877929688,607.5499877929688,722882
2023-09-06 12:15:00+05:30,607.7000122070312,608.25,607.0,608.0999755859375,608.0999755859375,500438
2023-09-06 13:15:00+05:30,608.0999755859375,609.0999755859375,606.6500244140625,607.75,607.75,582732
2023-09-06 14:15:00+05:30,607.75,611.4500122070312,607.5999755859375,610.4000244140625,610.4000244140625,1549580
2023-09-06 15:15:00+05:30,610.3499755859375,611.0,609.5,610.7999877929688,610.7999877929688,691079
2023-09-07 09:15:00+05:30,611.7000122070312,613.2000122070312,609.0999755859375,612.0,612.0,0
2023-09-07 10:15:00+05:30,612.0,613.9000244140625,611.4000244140625,613.0,613.0,935914
2023-09-07 11:15:00+05:30,613.0,614.7999877929688,612.2000122070312,613.0,613.0,757315
2023-09-07 12:15:00+05:30,613.0,615.7000122070312,612.5999755859375,614.5499877929688,614.5499877929688,825176
2023-09-07 13:15:00+05:30,614.5999755859375,616.4000244140625,613.9500122070312,616.2999877929688,616.2999877929688,821358
2023-09-07 14:15:00+05:30,616.2999877929688,616.5,614.4500122070312,614.8499755859375,614.8499755859375,1340665
2023-09-07 15:15:00+05:30,614.8499755859375,615.25,614.2000122070312,614.25,614.25,552583
2023-09-08 09:15:00+05:30,617.3499755859375,621.7999877929688,614.4000244140625,620.75,620.75,0
2023-09-08 10:15:00+05:30,620.8499755859375,622.5,618.7999877929688,621.75,621.75,1911130
2023-09-08 11:15:00+05:30,621.7000122070312,627.9500122070312,621.5,623.8499755859375,623.8499755859375,4473132
2023-09-08 12:15:00+05:30,623.9000244140625,627.0,623.6500244140625,624.9000244140625,624.9000244140625,1665422
2023-09-08 13:15:00+05:30,624.75,626.5,623.7000122070312,625.25,625.25,1223057
2023-09-08 14:15:00+05:30,625.4000244140625,628.8499755859375,624.1500244140625,626.75,626.75,2802743
2023-09-08 15:15:00+05:30,626.7000122070312,627.9500122070312,626.3499755859375,627.25,627.25,1237976
2023-09-11 09:15:00+05:30,633.1500244140625,635.4000244140625,630.5499877929688,632.75,632.75,0
2023-09-11 10:15:00+05:30,632.75,635.0,631.9000244140625,632.4000244140625,632.4000244140625,1122420
2023-09-11 11:15:00+05:30,632.4500122070312,633.9000244140625,632.1500244140625,632.9500122070312,632.9500122070312,650884
2023-09-11 12:15:00+05:30,632.9000244140625,633.9500122070312,631.5499877929688,633.7000122070312,633.7000122070312,600942
2023-09-11 13:15:00+05:30,633.7000122070312,634.0,632.9500122070312,633.7000122070312,633.7000122070312,577841
2023-09-11 14:15:00+05:30,633.7000122070312,635.1500244140625,633.5499877929688,635.0499877929688,635.0499877929688,1837296
2023-09-11 15:15:00+05:30,635.2000122070312,635.2000122070312,634.25,634.5499877929688,634.5499877929688,701386
2023-09-12 09:15:00+05:30,638.5,638.5,621.3499755859375,626.4000244140625,626.4000244140625,0
2023-09-12 10:15:00+05:30,626.4000244140625,630.2000122070312,623.0,629.7000122070312,629.7000122070312,1952644
2023-09-12 11:15:00+05:30,629.5499877929688,630.5,616.0499877929688,618.5999755859375,618.5999755859375,2580708
2023-09-12 12:15:00+05:30,618.7000122070312,620.5,615.6500244140625,617.5499877929688,617.5499877929688,1543921
2023-09-12 13:15:00+05:30,617.5,624.4000244140625,617.5,623.4000244140625,623.4000244140625,1766926
2023-09-12 14:15:00+05:30,623.4000244140625,623.7999877929688,620.0999755859375,620.5999755859375,620.5999755859375,1194799
2023-09-12 15:15:00+05:30,620.5499877929688,621.0999755859375,620.2000122070312,620.7000122070312,620.7000122070312,556366
2023-09-13 09:15:00+05:30,621.2999877929688,627.4000244140625,619.5499877929688,624.6500244140625,624.6500244140625,0
2023-09-13 10:15:00+05:30,624.75,626.3499755859375,622.5999755859375,625.2999877929688,625.2999877929688,724146
2023-09-13 11:15:00+05:30,625.2999877929688,627.9500122070312,625.0,627.2999877929688,627.2999877929688,695788
2023-09-13 12:15:00+05:30,627.3499755859375,628.4000244140625,625.0999755859375,627.0999755859375,627.0999755859375,684261
2023-09-13 13:15:00+05:30,627.1500244140625,627.5999755859375,625.0999755859375,626.0999755859375,626.0999755859375,543559
2023-09-13 14:15:00+05:30,626.0999755859375,628.5,625.5,625.8499755859375,625.8499755859375,1025681
2023-09-13 15:15:00+05:30,625.8499755859375,626.7999877929688,624.9000244140625,626.0,626.0,468976
2023-09-14 09:15:00+05:30,628.7000122070312,630.7999877929688,626.5,628.6500244140625,628.6500244140625,0
2023-09-14 10:15:00+05:30,628.75,629.9000244140625,627.0,627.2999877929688,627.2999877929688,750834
2023-09-14 11:15:00+05:30,627.2000122070312,628.2999877929688,625.0,628.2999877929688,628.2999877929688,689730
2023-09-14 12:15:00+05:30,628.2999877929688,628.5,626.0999755859375,626.4000244140625,626.4000244140625,469031
2023-09-14 13:15:00+05:30,626.3499755859375,626.9000244140625,623.2999877929688,625.0,625.0,745964
2023-09-14 14:15:00+05:30,625.0,626.4000244140625,624.0499877929688,624.1500244140625,624.1500244140625,991912
2023-09-14 15:15:00+05:30,624.25,625.0999755859375,623.4500122070312,624.7000122070312,624.7000122070312,536184
2023-09-15 09:15:00+05:30,628.5999755859375,636.0,627.9000244140625,633.5999755859375,633.5999755859375,0
2023-09-15 10:15:00+05:30,633.5999755859375,636.4000244140625,633.1500244140625,635.0,635.0,2024105
2023-09-15 11:15:00+05:30,635.0,635.0999755859375,630.1500244140625,630.6500244140625,630.6500244140625,1591535
2023-09-15 12:15:00+05:30,630.5,631.4500122070312,627.4000244140625,630.9500122070312,630.9500122070312,2004087
2023-09-15 13:15:00+05:30,630.9500122070312,635.75,630.5999755859375,634.3499755859375,634.3499755859375,2161148
2023-09-15 14:15:00+05:30,634.4000244140625,635.4000244140625,633.2999877929688,634.2999877929688,634.2999877929688,4098337
2023-09-15 15:15:00+05:30,634.25,634.5499877929688,633.8499755859375,634.0,634.0,1910133
2023-09-18 09:15:00+05:30,634.25,640.7000122070312,633.25,639.7999877929688,639.7999877929688,0
2023-09-18 10:15:00+05:30,639.7000122070312,641.8499755859375,639.1500244140625,639.75,639.75,2224767
2023-09-18 11:15:00+05:30,640.0,641.4000244140625,639.0,641.0999755859375,641.0999755859375,699451
2023-09-18 12:15:00+05:30,641.1500244140625,644.2000122070312,640.8499755859375,642.9500122070312,642.9500122070312,1918952
2023-09-18 13:15:00+05:30,642.9500122070312,643.7999877929688,641.5,642.7000122070312,642.7000122070312,931065
2023-09-18 14:15:00+05:30,642.7000122070312,643.0,640.25,640.9500122070312,640.9500122070312,1359970
2023-09-18 15:15:00+05:30,640.9000244140625,641.3499755859375,639.8499755859375,640.6500244140625,640.6500244140625,0
2023-09-20 09:15:00+05:30,640.0,646.9000244140625,637.0,644.7999877929688,644.7999877929688,4096762
2023-09-20 10:15:00+05:30,644.6500244140625,645.5,642.7000122070312,644.75,644.75,1292621
2023-09-20 11:15:00+05:30,644.5499877929688,645.9000244140625,644.5,645.7000122070312,645.7000122070312,1289543
2023-09-20 12:15:00+05:30,645.6500244140625,645.6500244140625,641.8499755859375,642.9500122070312,642.9500122070312,1398435
2023-09-20 13:15:00+05:30,642.9500122070312,643.2999877929688,640.75,643.1500244140625,643.1500244140625,1065040
2023-09-20 14:15:00+05:30,643.0999755859375,643.2000122070312,638.2000122070312,638.4000244140625,638.4000244140625,1616501
2023-09-20 15:15:00+05:30,638.4000244140625,640.0,637.5,640.0,640.0,1016954
2023-09-21 09:15:00+05:30,638.2999877929688,641.6500244140625,633.0,634.5,634.5,0
2023-09-21 10:15:00+05:30,634.5,635.5999755859375,626.75,631.0,631.0,2234295
2023-09-21 11:15:00+05:30,631.0499877929688,632.2999877929688,629.2000122070312,630.0,630.0,866509
2023-09-21 12:15:00+05:30,630.0499877929688,630.2999877929688,627.0499877929688,628.0,628.0,704683
2023-09-21 13:15:00+05:30,627.9500122070312,629.0,624.25,626.5,626.5,1007248
2023-09-21 14:15:00+05:30,626.5499877929688,627.9500122070312,625.2000122070312,626.75,626.75,1038136
2023-09-21 15:15:00+05:30,626.8499755859375,628.5999755859375,626.2999877929688,628.1500244140625,628.1500244140625,745722
2023-09-22 09:15:00+05:30,630.4500122070312,630.75,623.0,626.6500244140625,626.6500244140625,0
2023-09-22 10:15:00+05:30,626.75,629.9000244140625,625.7000122070312,628.0,628.0,828048
2023-09-22 11:15:00+05:30,627.9500122070312,628.0,626.3499755859375,626.7999877929688,626.7999877929688,779359
2023-09-22 12:15:00+05:30,626.7999877929688,627.9000244140625,625.75,626.75,626.75,586740
2023-09-22 13:15:00+05:30,626.9000244140625,627.5499877929688,624.6500244140625,625.1500244140625,625.1500244140625,649294
2023-09-22 14:15:00+05:30,625.1500244140625,625.25,620.0,620.2000122070312,620.2000122070312,1337618
2023-09-22 15:15:00+05:30,620.1500244140625,621.0,619.0999755859375,620.9500122070312,620.9500122070312,667784
2023-09-25 09:15:00+05:30,622.7000122070312,623.5999755859375,619.2000122070312,619.4000244140625,619.4000244140625,0
2023-09-25 10:15:00+05:30,619.3499755859375,621.5499877929688,618.2000122070312,619.0,619.0,603146
2023-09-25 11:15:00+05:30,618.9000244140625,620.6500244140625,618.1500244140625,619.0999755859375,619.0999755859375,724344
2023-09-25 12:15:00+05:30,619.0499877929688,625.2000122070312,619.0499877929688,622.7999877929688,622.7999877929688,1143267
2023-09-25 13:15:00+05:30,623.0,623.9500122070312,618.7000122070312,619.0499877929688,619.0499877929688,836375
2023-09-25 14:15:00+05:30,619.0,620.8499755859375,618.2999877929688,618.2999877929688,618.2999877929688,1245758
2023-09-25 15:15:00+05:30,618.2000122070312,619.3499755859375,617.9000244140625,619.0,619.0,550281
2023-09-26 09:15:00+05:30,618.5999755859375,622.75,618.5,621.3499755859375,621.3499755859375,0
2023-09-26 10:15:00+05:30,621.2999877929688,625.7000122070312,621.2000122070312,623.4500122070312,623.4500122070312,1383588
2023-09-26 11:15:00+05:30,623.5,623.7999877929688,622.0,623.1500244140625,623.1500244140625,510767
2023-09-26 12:15:00+05:30,623.1500244140625,623.25,620.0999755859375,621.6500244140625,621.6500244140625,704981
2023-09-26 13:15:00+05:30,621.7000122070312,623.1500244140625,620.75,622.25,622.25,614063
2023-09-26 14:15:00+05:30,622.25,623.2999877929688,619.4000244140625,619.5,619.5,1182942
2023-09-26 15:15:00+05:30,619.5499877929688,620.0,619.0,619.8499755859375,619.8499755859375,486520
2023-09-27 09:15:00+05:30,619.9500122070312,621.0,617.0,619.25,619.25,0
2023-09-27 10:15:00+05:30,619.0999755859375,619.5999755859375,617.0499877929688,619.1500244140625,619.1500244140625,696439
2023-09-27 11:15:00+05:30,619.2999877929688,619.4000244140625,617.9500122070312,618.1500244140625,618.1500244140625,522193
2023-09-27 12:15:00+05:30,618.25,618.7999877929688,616.9500122070312,617.8499755859375,617.8499755859375,622303
2023-09-27 13:15:00+05:30,617.9000244140625,618.5,616.7999877929688,618.0999755859375,618.0999755859375,689678
2023-09-27 14:15:00+05:30,618.1500244140625,620.2999877929688,617.3499755859375,619.5999755859375,619.5999755859375,1408253
2023-09-27 15:15:00+05:30,619.7000122070312,621.8499755859375,619.5,620.5999755859375,620.5999755859375,686437
2023-09-28 09:15:00+05:30,623.2000122070312,623.7999877929688,620.5,621.2000122070312,621.2000122070312,0
2023-09-28 10:15:00+05:30,621.0999755859375,622.4500122070312,619.7000122070312,621.6500244140625,621.6500244140625,764429
2023-09-28 11:15:00+05:30,621.7000122070312,621.8499755859375,619.5999755859375,620.5,620.5,768054
2023-09-28 12:15:00+05:30,620.5999755859375,620.7999877929688,617.5,617.8499755859375,617.8499755859375,901729
2023-09-28 13:15:00+05:30,618.0,618.0,614.25,614.9500122070312,614.9500122070312,959161
2023-09-28 14:15:00+05:30,614.9000244140625,616.0,612.2999877929688,612.5999755859375,612.5999755859375,1308564
2023-09-28 15:15:00+05:30,612.75,615.75,612.5499877929688,615.0,615.0,871624
2023-09-29 09:15:00+05:30,619.0,626.2999877929688,617.1500244140625,626.0,626.0,0
2023-09-29 10:15:00+05:30,626.3499755859375,629.4000244140625,626.0499877929688,628.2000122070312,628.2000122070312,1442485
2023-09-29 11:15:00+05:30,628.2000122070312,631.5499877929688,627.0999755859375,629.5,629.5,1100958
2023-09-29 12:15:00+05:30,629.5,630.5,628.2000122070312,630.5,630.5,638229
2023-09-29 13:15:00+05:30,630.4000244140625,632.4500122070312,629.9500122070312,631.7000122070312,631.7000122070312,949623
2023-09-29 14:15:00+05:30,631.7000122070312,633.0,628.7999877929688,629.5499877929688,629.5499877929688,2205866
2023-09-29 15:15:00+05:30,629.5499877929688,631.5999755859375,629.5,630.4000244140625,630.4000244140625,961854
2023-10-03 09:15:00+05:30,629.8499755859375,629.8499755859375,619.5999755859375,621.0999755859375,621.0999755859375,0
2023-10-03 10:15:00+05:30,621.1500244140625,622.9000244140625,619.4500122070312,620.5499877929688,620.5499877929688,1002096
2023-10-03 11:15:00+05:30,620.5499877929688,621.75,618.5999755859375,619.9000244140625,619.9000244140625,849594
2023-10-03 12:15:00+05:30,620.0,621.0999755859375,619.5,620.6500244140625,620.6500244140625,505552
2023-10-03 13:15:00+05:30,620.6500244140625,622.9500122070312,620.4000244140625,621.0,621.0,733779
2023-10-03 14:15:00+05:30,621.0,621.5,619.75,620.0999755859375,620.0999755859375,816225
2023-10-03 15:15:00+05:30,620.1500244140625,621.2000122070312,619.7999877929688,620.4500122070312,620.4500122070312,746778
2023-10-04 09:15:00+05:30,619.9000244140625,619.9000244140625,612.5999755859375,614.7999877929688,614.7999877929688,0
2023-10-04 10:15:00+05:30,614.75,617.2999877929688,614.2999877929688,616.2000122070312,616.2000122070312,618443
2023-10-04 11:15:00+05:30,616.0999755859375,616.3499755859375,611.2999877929688,612.8499755859375,612.8499755859375,1257754
2023-10-04 12:15:00+05:30,612.7000122070312,613.5,608.5,611.0,611.0,1313373
2023-10-04 13:15:00+05:30,610.9500122070312,613.3499755859375,610.25,612.9000244140625,612.9000244140625,768761
2023-10-04 14:15:00+05:30,612.8499755859375,614.2999877929688,611.7000122070312,613.9500122070312,613.9500122070312,853085
2023-10-04 15:15:00+05:30,613.8499755859375,614.5999755859375,613.0499877929688,614.4000244140625,614.4000244140625,481086
2023-10-05 09:15:00+05:30,618.7999877929688,620.2000122070312,616.7000122070312,617.6500244140625,617.6500244140625,0
2023-10-05 10:15:00+05:30,617.6500244140625,619.4000244140625,614.7000122070312,617.5999755859375,617.5999755859375,1380672
2023-10-05 11:15:00+05:30,617.75,618.2999877929688,616.5,617.3499755859375,617.3499755859375,554670
2023-10-05 12:15:00+05:30,617.3499755859375,617.3499755859375,614.75,615.0,615.0,481161
2023-10-05 13:15:00+05:30,614.9000244140625,621.3499755859375,614.8499755859375,619.6500244140625,619.6500244140625,1739983
2023-10-05 14:15:00+05:30,619.7000122070312,620.0999755859375,617.5999755859375,619.2999877929688,619.2999877929688,1048615
2023-10-05 15:15:00+05:30,619.2999877929688,620.7000122070312,619.0,619.4000244140625,619.4000244140625,817970
2023-10-06 09:15:00+05:30,626.7999877929688,626.7999877929688,621.7999877929688,623.5,623.5,0
2023-10-06 10:15:00+05:30,623.5,624.8499755859375,622.0999755859375,622.4000244140625,622.4000244140625,942851
2023-10-06 11:15:00+05:30,622.5,622.5499877929688,620.5,620.9000244140625,620.9000244140625,861595
2023-10-06 12:15:00+05:30,620.6500244140625,623.2000122070312,620.0,622.75,622.75,988187
2023-10-06 13:15:00+05:30,622.75,623.75,622.2999877929688,623.2999877929688,623.2999877929688,696562
2023-10-06 14:15:00+05:30,623.25,623.75,622.2999877929688,622.75,622.75,989043
2023-10-06 15:15:00+05:30,622.75,623.2000122070312,621.0999755859375,622.4500122070312,622.4500122070312,0
2023-10-09 09:15:00+05:30,619.7000122070312,620.8499755859375,614.2000122070312,620.4000244140625,620.4000244140625,0
2023-10-09 10:15:00+05:30,620.4000244140625,622.0,619.2000122070312,620.4500122070312,620.4500122070312,803739
2023-10-09 11:15:00+05:30,620.75,620.8499755859375,617.7000122070312,617.9500122070312,617.9500122070312,604433
2023-10-09 12:15:00+05:30,617.9500122070312,617.9500122070312,614.5,615.8499755859375,615.8499755859375,938550
2023-10-09 13:15:00+05:30,615.8499755859375,617.5499877929688,615.5999755859375,616.5499877929688,616.5499877929688,418136
2023-10-09 14:15:00+05:30,616.5499877929688,618.5999755859375,615.5,617.5999755859375,617.5999755859375,720965
2023-10-09 15:15:00+05:30,617.5999755859375,617.9000244140625,616.4000244140625,617.5,617.5,457851
2023-10-10 09:15:00+05:30,620.0,632.5,620.0,629.25,629.25,0
2023-10-10 10:15:00+05:30,629.2000122070312,629.5499877929688,625.5,626.1500244140625,626.1500244140625,1086950
2023-10-10 11:15:00+05:30,626.1500244140625,630.0999755859375,625.1500244140625,629.4000244140625,629.4000244140625,1353495
2023-10-10 12:15:00+05:30,629.3499755859375,630.7000122070312,628.6500244140625,629.4500122070312,629.4500122070312,685475
2023-10-10 13:15:00+05:30,629.5,629.9500122070312,628.5,629.5,629.5,394276
2023-10-10 14:15:00+05:30,629.5499877929688,631.0,629.0999755859375,629.9000244140625,629.9000244140625,1074632
2023-10-10 15:15:00+05:30,629.7999877929688,631.9500122070312,629.75,630.5499877929688,630.5499877929688,804899
2023-10-11 09:15:00+05:30,633.0,637.6500244140625,633.0,635.2000122070312,635.2000122070312,0
2023-10-11 10:15:00+05:30,635.2999877929688,636.9000244140625,634.5499877929688,635.0999755859375,635.0999755859375,774508
2023-10-11 11:15:00+05:30,635.0999755859375,635.4500122070312,633.5499877929688,635.0,635.0,981293
2023-10-11 12:15:00+05:30,634.9500122070312,636.5,634.5,635.75,635.75,860690
2023-10-11 13:15:00+05:30,635.75,635.9500122070312,633.0999755859375,634.5,634.5,706985
2023-10-11 14:15:00+05:30,634.5,635.4000244140625,633.75,634.0,634.0,1124495
2023-10-11 15:15:00+05:30,634.0,634.7000122070312,633.0,634.5,634.5,794360
2023-10-12 09:15:00+05:30,637.0,640.0,636.2999877929688,638.0499877929688,638.0499877929688,0
2023-10-12 10:15:00+05:30,638.0499877929688,639.5,637.9000244140625,639.0,639.0,627245
2023-10-12 11:15:00+05:30,639.0,639.0,637.0499877929688,637.4000244140625,637.4000244140625,617490
2023-10-12 12:15:00+05:30,637.25,638.0,636.2999877929688,636.7000122070312,636.7000122070312,558353
2023-10-12 13:15:00+05:30,636.6500244140625,637.0,635.2000122070312,635.4000244140625,635.4000244140625,630375
2023-10-12 14:15:00+05:30,635.2999877929688,637.9000244140625,635.0499877929688,637.25,637.25,1026097
2023-10-12 15:15:00+05:30,637.4000244140625,637.4500122070312,636.7000122070312,637.0999755859375,637.0999755859375,421687
2023-10-13 09:15:00+05:30,633.9000244140625,640.8499755859375,633.9000244140625,639.3499755859375,639.3499755859375,0
2023-10-13 10:15:00+05:30,639.4000244140625,640.5,637.7000122070312,638.4500122070312,638.4500122070312,866534
2023-10-13 11:15:00+05:30,638.3499755859375,639.0,636.0999755859375,636.8499755859375,636.8499755859375,748778
2023-10-13 12:15:00+05:30,636.8499755859375,649.5,636.75,649.5,649.5,3075296
2023-10-13 13:15:00+05:30,649.5,665.6500244140625,649.0,664.0,664.0,11198628
2023-10-13 14:15:00+05:30,664.0499877929688,669.0,663.5999755859375,667.0,667.0,7437590
2023-10-13 15:15:00+05:30,667.0,668.5,666.5,666.5,666.5,2746485
2023-10-16 09:15:00+05:30,668.0,677.6500244140625,662.7000122070312,673.0,673.0,0
2023-10-16 10:15:00+05:30,673.0,673.0,666.3499755859375,667.7999877929688,667.7999877929688,3642512
2023-10-16 11:15:00+05:30,667.6500244140625,671.0,665.8499755859375,668.25,668.25,1884186
2023-10-16 12:15:00+05:30,668.2000122070312,668.5,665.2000122070312,667.8499755859375,667.8499755859375,1381733
2023-10-16 13:15:00+05:30,667.8499755859375,669.9500122070312,667.5499877929688,668.4500122070312,668.4500122070312,1230780
2023-10-16 14:15:00+05:30,668.4500122070312,669.0,665.8499755859375,666.2999877929688,666.2999877929688,1654113
2023-10-16 15:15:00+05:30,666.1500244140625,666.7000122070312,665.5,666.3499755859375,666.3499755859375,1171997
2023-10-17 09:15:00+05:30,669.9500122070312,670.5,662.7000122070312,664.1500244140625,664.1500244140625,0
2023-10-17 10:15:00+05:30,664.0999755859375,664.7000122070312,660.75,662.5999755859375,662.5999755859375,2146949
2023-10-17 11:15:00+05:30,662.5499877929688,663.5,662.0,662.0999755859375,662.0999755859375,529180
2023-10-17 12:15:00+05:30,662.0999755859375,662.6500244140625,659.7999877929688,660.9000244140625,660.9000244140625,862517
2023-10-17 13:15:00+05:30,660.75,660.9000244140625,655.0,655.5999755859375,655.5999755859375,1736804
2023-10-17 14:15:00+05:30,655.4000244140625,657.0499877929688,655.4000244140625,655.9500122070312,655.9500122070312,1333950
2023-10-17 15:15:00+05:30,655.9500122070312,656.0999755859375,654.7000122070312,656.0,656.0,939500
2023-10-18 09:15:00+05:30,658.4500122070312,663.5999755859375,653.9000244140625,661.5999755859375,661.5999755859375,0
2023-10-18 10:15:00+05:30,661.6500244140625,665.3499755859375,659.4500122070312,661.5,661.5,1956982
2023-10-18 11:15:00+05:30,661.5,663.5,659.5499877929688,659.5499877929688,659.5499877929688,966268
2023-10-18 12:15:00+05:30,659.6500244140625,661.5499877929688,658.2999877929688,660.9500122070312,660.9500122070312,978299
2023-10-18 13:15:00+05:30,660.9000244140625,670.5,659.5999755859375,670.5,670.5,3037724
2023-10-18 14:15:00+05:30,670.4000244140625,672.25,666.0499877929688,668.4500122070312,668.4500122070312,3799517
2023-10-18 15:15:00+05:30,668.4500122070312,668.5999755859375,666.7000122070312,667.3499755859375,667.3499755859375,914754
2023-10-19 09:15:00+05:30,662.2000122070312,664.2999877929688,658.5999755859375,660.8499755859375,660.8499755859375,0
2023-10-19 10:15:00+05:30,660.9000244140625,666.2000122070312,659.9000244140625,664.9500122070312,664.9500122070312,1278614
2023-10-19 11:15:00+05:30,664.9000244140625,668.4000244140625,664.4000244140625,668.25,668.25,1442599
2023-10-19 12:15:00+05:30,668.2999877929688,668.75,666.1500244140625,666.25,666.25,1150052
2023-10-19 13:15:00+05:30,666.4000244140625,672.2000122070312,664.5,670.6500244140625,670.6500244140625,1882630
2023-10-19 14:15:00+05:30,670.9000244140625,670.9000244140625,669.0,669.0,669.0,1672075
2023-10-19 15:15:00+05:30,669.0,669.5999755859375,666.9000244140625,667.4500122070312,667.4500122070312,693768
2023-10-20 09:15:00+05:30,666.4500122070312,676.4000244140625,664.7000122070312,672.0,672.0,0
2023-10-20 10:15:00+05:30,671.9000244140625,672.4000244140625,668.5,669.8499755859375,669.8499755859375,1240111
2023-10-20 11:15:00+05:30,670.0,671.7999877929688,666.0,668.0,668.0,1206336
2023-10-20 12:15:00+05:30,668.0,670.4000244140625,664.1500244140625,669.3499755859375,669.3499755859375,1459194
2023-10-20 13:15:00+05:30,669.2999877929688,670.5,665.5,667.2000122070312,667.2000122070312,992680
2023-10-20 14:15:00+05:30,667.1500244140625,667.9500122070312,664.2000122070312,664.2000122070312,664.2000122070312,1308178
2023-10-20 15:15:00+05:30,664.25,664.25,660.6500244140625,662.4000244140625,662.4000244140625,1289594
2023-10-23 09:15:00+05:30,664.4500122070312,666.6500244140625,656.0,657.2000122070312,657.2000122070312,0
2023-10-23 10:15:00+05:30,657.4500122070312,658.9500122070312,652.6500244140625,654.5999755859375,654.5999755859375,1344318
2023-10-23 11:15:00+05:30,654.5,655.3499755859375,651.0999755859375,654.4500122070312,654.4500122070312,906110
2023-10-23 12:15:00+05:30,654.5,656.6500244140625,653.4500122070312,653.5499877929688,653.5499877929688,699531
2023-10-23 13:15:00+05:30,653.5,655.75,651.3499755859375,655.7000122070312,655.7000122070312,805117
2023-10-23 14:15:00+05:30,655.5,655.7999877929688,645.6500244140625,646.5499877929688,646.5499877929688,1917970
2023-10-23 15:15:00+05:30,646.5499877929688,647.2999877929688,645.0,646.4500122070312,646.4500122070312,855070
2023-10-25 09:15:00+05:30,648.7000122070312,651.4500122070312,644.5999755859375,649.8499755859375,649.8499755859375,0
2023-10-25 10:15:00+05:30,649.8499755859375,649.8499755859375,647.9000244140625,648.25,648.25,654264
2023-10-25 11:15:00+05:30,648.0999755859375,648.5,645.0,646.5999755859375,646.5999755859375,786857
2023-10-25 12:15:00+05:30,646.5999755859375,646.6500244140625,636.5,636.7000122070312,636.7000122070312,1622352
2023-10-25 13:15:00+05:30,636.9500122070312,641.0,636.5499877929688,640.5499877929688,640.5499877929688,1017756
2023-10-25 14:15:00+05:30,640.5499877929688,641.0,636.0499877929688,638.1500244140625,638.1500244140625,1392629
2023-10-25 15:15:00+05:30,638.0,638.3499755859375,636.6500244140625,637.75,637.75,586497
2023-10-26 09:15:00+05:30,634.9500122070312,634.9500122070312,625.0999755859375,629.0,629.0,0
2023-10-26 10:15:00+05:30,629.0,631.9000244140625,627.3499755859375,628.6500244140625,628.6500244140625,1087817
2023-10-26 11:15:00+05:30,628.6500244140625,630.7999877929688,626.0999755859375,628.25,628.25,837528
2023-10-26 12:15:00+05:30,628.2999877929688,630.2000122070312,627.0,628.4500122070312,628.4500122070312,842566
2023-10-26 13:15:00+05:30,628.4500122070312,630.25,627.0499877929688,628.6500244140625,628.6500244140625,1370639
2023-10-26 14:15:00+05:30,628.5499877929688,629.75,625.5,626.8499755859375,626.8499755859375,1382499
2023-10-26 15:15:00+05:30,626.7999877929688,627.3499755859375,624.7999877929688,625.5499877929688,625.5499877929688,794508
2023-10-27 09:15:00+05:30,629.0499877929688,633.0,628.9000244140625,631.0999755859375,631.0999755859375,0
2023-10-27 10:15:00+05:30,631.0999755859375,635.0,630.7999877929688,632.9500122070312,632.9500122070312,1309283
2023-10-27 11:15:00+05:30,633.0,634.9000244140625,632.1500244140625,634.0,634.0,879040
2023-10-27 12:15:00+05:30,634.0,634.0,628.6500244140625,629.2999877929688,629.2999877929688,1172668
2023-10-27 13:15:00+05:30,629.2999877929688,641.3499755859375,629.2000122070312,640.5,640.5,1850492
2023-10-27 14:15:00+05:30,640.4500122070312,643.9500122070312,640.3499755859375,640.5999755859375,640.5999755859375,2002409
2023-10-27 15:15:00+05:30,640.5499877929688,641.4000244140625,640.0499877929688,640.7999877929688,640.7999877929688,593351
2023-10-30 09:15:00+05:30,643.5499877929688,643.5499877929688,621.8499755859375,625.3499755859375,625.3499755859375,0
2023-10-30 10:15:00+05:30,625.5999755859375,629.2999877929688,624.2000122070312,624.5499877929688,624.5499877929688,2635881
2023-10-30 11:15:00+05:30,624.75,627.8499755859375,623.9000244140625,627.5499877929688,627.5499877929688,1454042
2023-10-30 12:15:00+05:30,627.5499877929688,630.2999877929688,626.5,629.4000244140625,629.4000244140625,1434841
2023-10-30 13:15:00+05:30,629.5,631.7000122070312,627.7000122070312,629.0499877929688,629.0499877929688,1178594
2023-10-30 14:15:00+05:30,629.0,630.2999877929688,627.0499877929688,628.2999877929688,628.2999877929688,1318347
2023-10-30 15:15:00+05:30,628.25,629.4000244140625,627.4000244140625,629.2000122070312,629.2000122070312,755859
2023-10-31 09:15:00+05:30,640.1500244140625,640.1500244140625,632.5,633.0499877929688,633.0499877929688,0
2023-10-31 10:15:00+05:30,633.2000122070312,634.2000122070312,631.6500244140625,632.0,632.0,1286100
2023-10-31 11:15:00+05:30,631.9500122070312,633.7999877929688,629.25,629.2999877929688,629.2999877929688,1310284
2023-10-31 12:15:00+05:30,629.5,631.5999755859375,629.2999877929688,631.0999755859375,631.0999755859375,980073
2023-10-31 13:15:00+05:30,631.0999755859375,631.9000244140625,628.6500244140625,629.5499877929688,629.5499877929688,1498445
2023-10-31 14:15:00+05:30,629.5499877929688,631.4000244140625,627.2999877929688,629.2000122070312,629.2000122070312,1587206
2023-10-31 15:15:00+05:30,629.2999877929688,629.5,628.2000122070312,628.6500244140625,628.6500244140625,973919
2023-11-01 09:15:00+05:30,631.7999877929688,633.0,627.0499877929688,631.9000244140625,631.9000244140625,0
2023-11-01 10:15:00+05:30,631.5999755859375,632.5499877929688,627.7999877929688,629.2999877929688,629.2999877929688,1167105
2023-11-01 11:15:00+05:30,629.2999877929688,629.2999877929688,627.2999877929688,628.1500244140625,628.1500244140625,842944
2023-11-01 12:15:00+05:30,628.1500244140625,630.5,626.4000244140625,627.7999877929688,627.7999877929688,1156718
2023-11-01 13:15:00+05:30,627.9000244140625,633.7999877929688,627.0,630.7000122070312,630.7000122070312,1580039
2023-11-01 14:15:00+05:30,630.7000122070312,631.3499755859375,626.4500122070312,628.0,628.0,1408641
2023-11-01 15:15:00+05:30,628.0999755859375,628.1500244140625,627.0,627.5999755859375,627.5999755859375,696197
2023-11-02 09:15:00+05:30,632.6500244140625,634.4500122070312,630.2000122070312,630.9000244140625,630.9000244140625,2352398
2023-11-02 10:15:00+05:30,630.7999877929688,633.4500122070312,630.1500244140625,633.1500244140625,633.1500244140625,1092222
2023-11-02 11:15:00+05:30,633.1500244140625,633.2000122070312,630.2000122070312,631.5999755859375,631.5999755859375,874880
2023-11-02 12:15:00+05:30,631.75,634.5,631.0499877929688,633.8499755859375,633.8499755859375,1215458
2023-11-02 13:15:00+05:30,633.7000122070312,637.3499755859375,633.0,635.7999877929688,635.7999877929688,1424847
2023-11-02 14:15:00+05:30,635.7999877929688,638.2000122070312,634.7000122070312,635.5,635.5,2040138
2023-11-02 15:15:00+05:30,635.5,638.0,635.5,637.9000244140625,637.9000244140625,926207
2023-11-03 09:15:00+05:30,657.0999755859375,657.0999755859375,647.0,652.5,652.5,3074667
2023-11-03 10:15:00+05:30,652.5999755859375,655.0,651.25,653.9500122070312,653.9500122070312,1883089
2023-11-03 11:15:00+05:30,653.9500122070312,654.0,649.0499877929688,651.0499877929688,651.0499877929688,1846175
2023-11-03 12:15:00+05:30,651.0499877929688,652.9500122070312,650.5999755859375,651.5,651.5,1272950
2023-11-03 13:15:00+05:30,651.5,652.1500244140625,650.4500122070312,651.3499755859375,651.3499755859375,1332859
2023-11-03 14:15:00+05:30,651.4500122070312,652.2000122070312,647.2000122070312,647.4000244140625,647.4000244140625,2444568
2023-11-03 15:15:00+05:30,647.5,647.5,646.2000122070312,647.5,647.5,1295461
2023-11-06 09:15:00+05:30,652.1500244140625,652.1500244140625,646.75,648.4000244140625,648.4000244140625,0
2023-11-06 10:15:00+05:30,648.4500122070312,649.4500122070312,644.0999755859375,644.5999755859375,644.5999755859375,1942124
2023-11-06 11:15:00+05:30,644.4500122070312,646.8499755859375,643.2000122070312,645.0999755859375,645.0999755859375,1416611
2023-11-06 12:15:00+05:30,645.1500244140625,647.9000244140625,645.0499877929688,647.5,647.5,1413525
2023-11-06 13:15:00+05:30,647.5,647.75,645.5499877929688,646.5999755859375,646.5999755859375,975561
2023-11-06 14:15:00+05:30,646.6500244140625,648.5999755859375,645.4000244140625,645.9500122070312,645.9500122070312,1958174
2023-11-06 15:15:00+05:30,646.0,646.75,645.25,646.0499877929688,646.0499877929688,1144471
2023-11-07 09:15:00+05:30,645.75,648.3499755859375,644.0499877929688,648.0999755859375,648.0999755859375,0
2023-11-07 10:15:00+05:30,648.0999755859375,649.8499755859375,646.75,648.25,648.25,940930
2023-11-07 11:15:00+05:30,648.25,648.5,645.5499877929688,646.2000122070312,646.2000122070312,621347
2023-11-07 12:15:00+05:30,646.1500244140625,646.6500244140625,645.0,645.4000244140625,645.4000244140625,548571
2023-11-07 13:15:00+05:30,645.4500122070312,647.0,644.5,645.7999877929688,645.7999877929688,991349
2023-11-07 14:15:00+05:30,645.9000244140625,646.25,644.7000122070312,644.9000244140625,644.9000244140625,763377
2023-11-07 15:15:00+05:30,644.9000244140625,645.7999877929688,644.0999755859375,644.7999877929688,644.7999877929688,849106
2023-11-08 09:15:00+05:30,647.9500122070312,649.0,646.25,647.5,647.5,0
2023-11-08 10:15:00+05:30,647.5999755859375,648.0,645.7999877929688,647.0,647.0,587448
2023-11-08 11:15:00+05:30,647.0,647.5,645.2000122070312,645.6500244140625,645.6500244140625,721534
2023-11-08 12:15:00+05:30,645.7999877929688,646.3499755859375,645.4000244140625,645.7999877929688,645.7999877929688,500471
2023-11-08 13:15:00+05:30,645.9500122070312,646.1500244140625,644.7999877929688,645.5,645.5,1379174
2023-11-08 14:15:00+05:30,645.5,646.2999877929688,642.0499877929688,642.3499755859375,642.3499755859375,1628878
2023-11-08 15:15:00+05:30,642.3499755859375,644.0,641.9000244140625,642.5499877929688,642.5499877929688,742316
2023-11-09 09:15:00+05:30,644.4000244140625,653.0,642.75,652.9000244140625,652.9000244140625,0
2023-11-09 10:15:00+05:30,652.75,653.5499877929688,650.5,651.8499755859375,651.8499755859375,1421835
2023-11-09 11:15:00+05:30,651.8499755859375,652.5,650.5,651.2000122070312,651.2000122070312,790178
2023-11-09 12:15:00+05:30,651.0499877929688,652.5999755859375,651.0,651.3499755859375,651.3499755859375,996019
2023-11-09 13:15:00+05:30,651.6500244140625,652.0999755859375,648.75,649.75,649.75,2392803
2023-11-09 14:15:00+05:30,649.9500122070312,650.0999755859375,647.75,649.5999755859375,649.5999755859375,1303036
2023-11-09 15:15:00+05:30,649.5999755859375,650.0,648.0,648.5,648.5,617580
2023-11-10 09:15:00+05:30,649.3499755859375,652.0,644.0,646.2000122070312,646.2000122070312,0
2023-11-10 10:15:00+05:30,646.2000122070312,647.5999755859375,645.5499877929688,646.7000122070312,646.7000122070312,616634
2023-11-10 11:15:00+05:30,646.7000122070312,651.5,646.1500244140625,651.1500244140625,651.1500244140625,808737
2023-11-10 12:15:00+05:30,651.2000122070312,652.9500122070312,648.7999877929688,649.8499755859375,649.8499755859375,918939
2023-11-10 13:15:00+05:30,649.9000244140625,651.6500244140625,649.0,650.0,650.0,700162
2023-11-10 14:15:00+05:30,650.0,651.2999877929688,648.0499877929688,650.4500122070312,650.4500122070312,906246
2023-11-10 15:15:00+05:30,650.4500122070312,652.0,650.2999877929688,652.0,652.0,523550
2023-11-13 09:15:00+05:30,651.5,652.9000244140625,649.2999877929688,651.6500244140625,651.6500244140625,0
2023-11-13 10:15:00+05:30,651.8499755859375,652.5,649.5,651.0499877929688,651.0499877929688,447924
2023-11-13 11:15:00+05:30,651.0,651.3499755859375,650.25,651.0999755859375,651.0999755859375,236251
2023-11-13 12:15:00+05:30,651.0999755859375,652.7999877929688,650.9000244140625,652.3499755859375,652.3499755859375,344440
2023-11-13 13:15:00+05:30,652.3499755859375,653.9500122070312,651.8499755859375,652.5499877929688,652.5499877929688,470708
2023-11-13 14:15:00+05:30,652.5,653.5499877929688,652.0999755859375,653.2000122070312,653.2000122070312,574225
2023-11-13 15:15:00+05:30,653.25,653.75,653.0,653.5999755859375,653.5999755859375,379153
2023-11-15 09:15:00+05:30,659.9000244140625,661.4000244140625,656.5499877929688,660.0,660.0,0
2023-11-15 10:15:00+05:30,659.9500122070312,661.0499877929688,659.4000244140625,660.5,660.5,1077783
2023-11-15 11:15:00+05:30,660.4500122070312,661.0,659.0,660.0499877929688,660.0499877929688,1014478
2023-11-15 12:15:00+05:30,660.0499877929688,664.25,659.8499755859375,664.0999755859375,664.0999755859375,1461773
2023-11-15 13:15:00+05:30,663.8499755859375,665.6500244140625,663.0499877929688,665.0,665.0,1186226
2023-11-15 14:15:00+05:30,665.0999755859375,672.0,665.0,671.9500122070312,671.9500122070312,2819879
2023-11-15 15:15:00+05:30,671.9500122070312,673.5,671.0,671.5,671.5,1213934
2023-11-16 09:15:00+05:30,674.0999755859375,678.4500122070312,671.0499877929688,676.9000244140625,676.9000244140625,0
2023-11-16 10:15:00+05:30,677.0,684.0,676.8499755859375,683.6500244140625,683.6500244140625,4574614
2023-11-16 11:15:00+05:30,683.7000122070312,685.5,681.25,682.0499877929688,682.0499877929688,2311570
2023-11-16 12:15:00+05:30,682.0499877929688,683.25,680.0,681.75,681.75,1630413
2023-11-16 13:15:00+05:30,681.8499755859375,682.0,680.2000122070312,681.3499755859375,681.3499755859375,1043172
2023-11-16 14:15:00+05:30,681.2000122070312,684.5999755859375,678.0,679.2999877929688,679.2999877929688,2836118
2023-11-16 15:15:00+05:30,679.3499755859375,680.8499755859375,678.5999755859375,679.9000244140625,679.9000244140625,1010788
2023-11-17 09:15:00+05:30,681.6500244140625,687.5,680.0499877929688,685.7000122070312,685.7000122070312,0
2023-11-17 10:15:00+05:30,685.6500244140625,686.5,684.5499877929688,685.0,685.0,947824
2023-11-17 11:15:00+05:30,684.9000244140625,684.9000244140625,682.2000122070312,683.5,683.5,1208684
2023-11-17 12:15:00+05:30,683.5999755859375,684.5,682.5999755859375,684.4000244140625,684.4000244140625,791778
2023-11-17 13:15:00+05:30,684.4500122070312,685.0,682.5499877929688,683.9000244140625,683.9000244140625,819809
2023-11-17 14:15:00+05:30,683.9000244140625,684.2000122070312,680.4500122070312,682.5499877929688,682.5499877929688,1273431
2023-11-17 15:15:00+05:30,682.5999755859375,682.6500244140625,680.4500122070312,681.5499877929688,681.5499877929688,922730
2023-11-20 09:15:00+05:30,681.9000244140625,686.75,680.0,680.2999877929688,680.2999877929688,0
2023-11-20 10:15:00+05:30,680.4500122070312,681.2000122070312,672.0999755859375,672.3499755859375,672.3499755859375,1667177
2023-11-20 11:15:00+05:30,672.2000122070312,676.0,670.7000122070312,675.5499877929688,675.5499877929688,1259280
2023-11-20 12:15:00+05:30,675.5999755859375,676.5,673.7999877929688,674.9000244140625,674.9000244140625,811490
2023-11-20 13:15:00+05:30,675.0,675.0499877929688,672.0,672.7000122070312,672.7000122070312,798549
2023-11-20 14:15:00+05:30,672.4500122070312,675.2999877929688,672.4500122070312,674.0499877929688,674.0499877929688,1015576
2023-11-20 15:15:00+05:30,674.0999755859375,675.0,673.75,674.7999877929688,674.7999877929688,485564
2023-11-21 09:15:00+05:30,675.5,679.4000244140625,675.3499755859375,676.25,676.25,0
2023-11-21 10:15:00+05:30,676.3499755859375,678.0,675.25,676.9000244140625,676.9000244140625,636552
2023-11-21 11:15:00+05:30,676.9000244140625,678.3499755859375,676.4000244140625,677.7000122070312,677.7000122070312,480188
2023-11-21 12:15:00+05:30,677.9500122070312,679.7000122070312,677.2000122070312,677.6500244140625,677.6500244140625,935570
2023-11-21 13:15:00+05:30,677.75,681.4000244140625,675.7000122070312,680.0499877929688,680.0499877929688,979538
2023-11-21 14:15:00+05:30,680.1500244140625,683.25,680.0,682.2000122070312,682.2000122070312,1954796
2023-11-21 15:15:00+05:30,682.1500244140625,682.3499755859375,680.7999877929688,681.0,681.0,704846
2023-11-22 09:15:00+05:30,683.9500122070312,687.2000122070312,682.0,682.2999877929688,682.2999877929688,0
2023-11-22 10:15:00+05:30,682.4000244140625,683.5499877929688,680.5499877929688,683.2999877929688,683.2999877929688,965069
2023-11-22 11:15:00+05:30,683.2999877929688,684.2999877929688,679.5,679.5,679.5,1024136
2023-11-22 12:15:00+05:30,679.5,680.25,676.4500122070312,676.5499877929688,676.5499877929688,1370588
2023-11-22 13:15:00+05:30,676.7000122070312,678.9000244140625,676.0499877929688,678.7999877929688,678.7999877929688,1158163
2023-11-22 14:15:00+05:30,678.7999877929688,681.9500122070312,678.5499877929688,681.0,681.0,1526192
2023-11-22 15:15:00+05:30,681.0499877929688,681.8499755859375,681.0,681.7000122070312,681.7000122070312,777554
2023-11-23 09:15:00+05:30,683.5,685.7000122070312,679.7000122070312,680.0,680.0,0
2023-11-23 10:15:00+05:30,680.1500244140625,681.25,677.0499877929688,680.7000122070312,680.7000122070312,927453
2023-11-23 11:15:00+05:30,680.8499755859375,681.9500122070312,679.3499755859375,679.7000122070312,679.7000122070312,727630
2023-11-23 12:15:00+05:30,679.7000122070312,680.0,678.1500244140625,679.0,679.0,603516
2023-11-23 13:15:00+05:30,679.0,680.2000122070312,678.7999877929688,679.6500244140625,679.6500244140625,455410
2023-11-23 14:15:00+05:30,679.75,680.5,678.0999755859375,679.9500122070312,679.9500122070312,994403
2023-11-23 15:15:00+05:30,679.8499755859375,680.5,679.4000244140625,680.4000244140625,680.4000244140625,429504
2023-11-24 09:15:00+05:30,681.9000244140625,681.9000244140625,671.5999755859375,674.5499877929688,674.5499877929688,0
2023-11-24 10:15:00+05:30,674.5499877929688,675.0499877929688,672.5999755859375,673.5999755859375,673.5999755859375,1086080
2023-11-24 11:15:00+05:30,673.4000244140625,676.0,673.1500244140625,675.2999877929688,675.2999877929688,643182
2023-11-24 12:15:00+05:30,675.2000122070312,676.3499755859375,673.4500122070312,674.7999877929688,674.7999877929688,571153
2023-11-24 13:15:00+05:30,674.9500122070312,675.3499755859375,672.6500244140625,674.3499755859375,674.3499755859375,607050
2023-11-24 14:15:00+05:30,674.2000122070312,675.5,672.75,672.9000244140625,672.9000244140625,872169
2023-11-24 15:15:00+05:30,672.9000244140625,674.9000244140625,672.25,673.5,673.5,953083
2023-11-28 09:15:00+05:30,677.25,688.0,674.25,684.5999755859375,684.5999755859375,0
2023-11-28 10:15:00+05:30,684.5,690.9500122070312,684.5,689.0,689.0,3008568
2023-11-28 11:15:00+05:30,689.0,693.7000122070312,687.75,693.2999877929688,693.2999877929688,1935871
2023-11-28 12:15:00+05:30,693.2999877929688,694.0,691.0999755859375,693.4500122070312,693.4500122070312,1800318
2023-11-28 13:15:00+05:30,693.5,696.0,693.1500244140625,694.0,694.0,2023788
2023-11-28 14:15:00+05:30,694.0,697.7000122070312,693.25,697.2000122070312,697.2000122070312,2467102
2023-11-28 15:15:00+05:30,697.2000122070312,699.4500122070312,697.2000122070312,698.0,698.0,1620891
2023-11-29 09:15:00+05:30,701.6500244140625,701.9000244140625,694.5,696.8499755859375,696.8499755859375,0
2023-11-29 10:15:00+05:30,697.0,699.75,696.4000244140625,698.7999877929688,698.7999877929688,887720
2023-11-29 11:15:00+05:30,698.7999877929688,702.0,698.7999877929688,701.25,701.25,1246782
2023-11-29 12:15:00+05:30,701.25,701.6500244140625,699.5499877929688,701.4000244140625,701.4000244140625,832819
2023-11-29 13:15:00+05:30,701.2999877929688,712.5499877929688,701.0,712.2000122070312,712.2000122070312,4726725
2023-11-29 14:15:00+05:30,712.0999755859375,714.4000244140625,709.3499755859375,712.9000244140625,712.9000244140625,3321061
2023-11-29 15:15:00+05:30,712.8499755859375,713.0,710.75,711.5499877929688,711.5499877929688,963406
2023-11-30 09:15:00+05:30,716.0499877929688,716.0499877929688,698.8499755859375,702.2000122070312,702.2000122070312,0
2023-11-30 10:15:00+05:30,702.0499877929688,703.4000244140625,697.0499877929688,700.0499877929688,700.0499877929688,2814207
2023-11-30 11:15:00+05:30,700.25,701.8499755859375,698.4000244140625,698.5,698.5,1479719
2023-11-30 12:15:00+05:30,698.5,703.7000122070312,698.0499877929688,703.25,703.25,1800294
2023-11-30 13:15:00+05:30,703.4000244140625,707.0,703.0,705.0999755859375,705.0999755859375,2732123
2023-11-30 14:15:00+05:30,705.3499755859375,707.4500122070312,704.2999877929688,706.8499755859375,706.8499755859375,5340686
2023-11-30 15:15:00+05:30,706.9000244140625,707.5,704.9000244140625,706.0,706.0,2583991
2023-12-01 09:15:00+05:30,707.5999755859375,710.0999755859375,703.9000244140625,705.5,705.5,0
2023-12-01 10:15:00+05:30,705.5,708.5,703.0499877929688,708.2000122070312,708.2000122070312,1682746
2023-12-01 11:15:00+05:30,708.2000122070312,709.2999877929688,705.5999755859375,705.7000122070312,705.7000122070312,1131468
2023-12-01 12:15:00+05:30,705.75,707.2999877929688,703.5999755859375,704.7999877929688,704.7999877929688,1353870
2023-12-01 13:15:00+05:30,704.9000244140625,707.9000244140625,703.9000244140625,705.5499877929688,705.5499877929688,849281
2023-12-01 14:15:00+05:30,705.4500122070312,707.2000122070312,705.25,705.5,705.5,2387464
2023-12-01 15:15:00+05:30,705.4000244140625,705.7999877929688,703.0,703.5999755859375,703.5999755859375,673212
2023-12-04 09:15:00+05:30,712.5,712.5,704.9500122070312,706.9500122070312,706.9500122070312,0
2023-12-04 10:15:00+05:30,706.9500122070312,709.2999877929688,706.0,708.0,708.0,1143900
2023-12-04 11:15:00+05:30,708.0,708.75,706.25,706.9000244140625,706.9000244140625,798619
2023-12-04 12:15:00+05:30,707.0,707.8499755859375,706.1500244140625,707.0499877929688,707.0499877929688,1107520
2023-12-04 13:15:00+05:30,707.0499877929688,709.9000244140625,707.0,707.6500244140625,707.6500244140625,1194495
2023-12-04 14:15:00+05:30,707.7000122070312,707.7999877929688,705.0,705.9000244140625,705.9000244140625,1651995
2023-12-04 15:15:00+05:30,705.9500122070312,706.2999877929688,705.0,706.0999755859375,706.0999755859375,762224
2023-12-05 09:15:00+05:30,705.9500122070312,714.9000244140625,705.75,710.25,710.25,0
2023-12-05 10:15:00+05:30,710.2999877929688,711.75,708.5,710.7000122070312,710.7000122070312,970876
2023-12-05 11:15:00+05:30,710.5999755859375,711.1500244140625,706.0,707.4000244140625,707.4000244140625,1150342
2023-12-05 12:15:00+05:30,707.4000244140625,709.2999877929688,705.6500244140625,706.0999755859375,706.0999755859375,836801
2023-12-05 13:15:00+05:30,706.3499755859375,708.9500122070312,705.5999755859375,708.4000244140625,708.4000244140625,864471
2023-12-05 14:15:00+05:30,708.4500122070312,713.4000244140625,706.8499755859375,708.4000244140625,708.4000244140625,2354220
2023-12-05 15:15:00+05:30,708.7000122070312,709.25,707.9000244140625,708.5499877929688,708.5499877929688,767904
2023-12-06 09:15:00+05:30,709.9000244140625,714.25,709.0,711.6500244140625,711.6500244140625,0
2023-12-06 10:15:00+05:30,711.6500244140625,715.5499877929688,711.25,712.2000122070312,712.2000122070312,1614260
2023-12-06 11:15:00+05:30,712.1500244140625,713.0499877929688,710.5,711.7999877929688,711.7999877929688,1242953
2023-12-06 12:15:00+05:30,711.7999877929688,712.2000122070312,709.2000122070312,709.7999877929688,709.7999877929688,845162
2023-12-06 13:15:00+05:30,709.8499755859375,715.8499755859375,709.5,713.9500122070312,713.9500122070312,1641499
2023-12-06 14:15:00+05:30,713.9500122070312,724.75,713.75,721.75,721.75,3875753
2023-12-06 15:15:00+05:30,721.75,723.0,721.5499877929688,722.2000122070312,722.2000122070312,908088
2023-12-07 09:15:00+05:30,724.75,725.0,716.0,722.0,722.0,0
2023-12-07 10:15:00+05:30,722.0,727.25,720.7000122070312,721.8499755859375,721.8499755859375,1659455
2023-12-07 11:15:00+05:30,721.9000244140625,724.7999877929688,720.0,722.0999755859375,722.0999755859375,1232163
2023-12-07 12:15:00+05:30,722.1500244140625,724.1500244140625,721.5,722.0999755859375,722.0999755859375,1053785
2023-12-07 13:15:00+05:30,722.2999877929688,723.6500244140625,720.4000244140625,722.0,722.0,738206
2023-12-07 14:15:00+05:30,722.0,726.4000244140625,720.0999755859375,722.5999755859375,722.5999755859375,2101804
2023-12-07 15:15:00+05:30,722.5999755859375,723.25,721.4000244140625,721.7999877929688,721.7999877929688,648359
2023-12-08 09:15:00+05:30,722.9500122070312,724.7999877929688,722.4000244140625,722.8499755859375,722.8499755859375,0
2023-12-08 10:15:00+05:30,722.8499755859375,727.5,718.7000122070312,719.7999877929688,719.7999877929688,1661838
2023-12-08 11:15:00+05:30,719.9500122070312,720.0999755859375,715.0499877929688,717.2999877929688,717.2999877929688,1039719
2023-12-08 12:15:00+05:30,717.2999877929688,718.2000122070312,710.7000122070312,712.25,712.25,1042295
2023-12-08 13:15:00+05:30,712.25,713.0,707.5,712.3499755859375,712.3499755859375,1259143
2023-12-08 14:15:00+05:30,712.4500122070312,715.5999755859375,712.1500244140625,714.9500122070312,714.9500122070312,1544210
2023-12-08 15:15:00+05:30,715.0,715.0,713.9000244140625,714.4000244140625,714.4000244140625,707726
2023-12-11 09:15:00+05:30,717.3499755859375,726.1500244140625,717.1500244140625,724.75,724.75,0
2023-12-11 10:15:00+05:30,724.5499877929688,724.9500122070312,720.2999877929688,723.4500122070312,723.4500122070312,940945
2023-12-11 11:15:00+05:30,723.4500122070312,724.4000244140625,721.1500244140625,721.3499755859375,721.3499755859375,571449
2023-12-11 12:15:00+05:30,721.3499755859375,722.0499877929688,718.5,720.5499877929688,720.5499877929688,1491231
2023-12-11 13:15:00+05:30,720.7999877929688,721.9500122070312,720.1500244140625,721.2999877929688,721.2999877929688,389350
2023-12-11 14:15:00+05:30,721.1500244140625,721.7999877929688,719.5,720.7999877929688,720.7999877929688,654252
2023-12-11 15:15:00+05:30,720.7999877929688,721.2999877929688,720.0999755859375,720.75,720.75,474255
2023-12-12 09:15:00+05:30,724.2000122070312,724.7999877929688,717.0,717.75,717.75,0
2023-12-12 10:15:00+05:30,717.4500122070312,719.3499755859375,714.0,718.9000244140625,718.9000244140625,980778
2023-12-12 11:15:00+05:30,718.9000244140625,722.3499755859375,717.5,722.2000122070312,722.2000122070312,944593
2023-12-12 12:15:00+05:30,722.1500244140625,722.6500244140625,716.5,717.5999755859375,717.5999755859375,699638
2023-12-12 13:15:00+05:30,717.5999755859375,719.3499755859375,716.5499877929688,716.8499755859375,716.8499755859375,529573
2023-12-12 14:15:00+05:30,716.5999755859375,717.4000244140625,713.0,715.7999877929688,715.7999877929688,1199948
2023-12-12 15:15:00+05:30,715.7999877929688,716.0,714.5999755859375,715.5999755859375,715.5999755859375,469247
2023-12-13 09:15:00+05:30,717.0,719.0499877929688,713.5,717.5,717.5,1308271
2023-12-13 10:15:00+05:30,717.5,717.75,714.8499755859375,716.25,716.25,437574
2023-12-13 11:15:00+05:30,716.25,719.5,714.7000122070312,716.9500122070312,716.9500122070312,575251
2023-12-13 12:15:00+05:30,716.5499877929688,720.5499877929688,716.0,719.4500122070312,719.4500122070312,712662
2023-12-13 13:15:00+05:30,719.4000244140625,721.1500244140625,719.0,719.4000244140625,719.4000244140625,976548
2023-12-13 14:15:00+05:30,719.4500122070312,721.4500122070312,717.7999877929688,720.4000244140625,720.4000244140625,1299272
2023-12-13 15:15:00+05:30,720.4000244140625,720.7999877929688,719.6500244140625,720.2999877929688,720.2999877929688,494164
2023-12-14 09:15:00+05:30,723.8499755859375,724.0499877929688,720.25,721.7000122070312,721.7000122070312,0
2023-12-14 10:15:00+05:30,721.5,722.7000122070312,719.2000122070312,720.5999755859375,720.5999755859375,750715
2023-12-14 11:15:00+05:30,720.6500244140625,721.5,719.5,720.7999877929688,720.7999877929688,587092
2023-12-14 12:15:00+05:30,720.7999877929688,721.0,719.5999755859375,719.9500122070312,719.9500122070312,536896
2023-12-14 13:15:00+05:30,720.0,722.0499877929688,719.8499755859375,720.9500122070312,720.9500122070312,1165591
2023-12-14 14:15:00+05:30,720.9500122070312,721.3499755859375,718.6500244140625,719.0,719.0,1593591
2023-12-14 15:15:00+05:30,719.0,720.7999877929688,718.6500244140625,719.75,719.75,707651
2023-12-15 09:15:00+05:30,723.3499755859375,730.6500244140625,721.2999877929688,729.1500244140625,729.1500244140625,0
2023-12-15 10:15:00+05:30,729.1500244140625,729.9000244140625,724.5499877929688,727.5,727.5,1159111
2023-12-15 11:15:00+05:30,727.5,729.25,726.1500244140625,726.5999755859375,726.5999755859375,851342
2023-12-15 12:15:00+05:30,726.5999755859375,728.4000244140625,726.3499755859375,727.9000244140625,727.9000244140625,653386
2023-12-15 13:15:00+05:30,727.7999877929688,728.9000244140625,725.0499877929688,726.5499877929688,726.5499877929688,867206
2023-12-15 14:15:00+05:30,726.4000244140625,733.0999755859375,725.75,732.5499877929688,732.5499877929688,3328598
2023-12-15 15:15:00+05:30,732.5,734.0,730.9000244140625,731.0999755859375,731.0999755859375,2019279
2023-12-18 09:15:00+05:30,732.9000244140625,734.75,728.1500244140625,732.0499877929688,732.0499877929688,0
2023-12-18 10:15:00+05:30,732.0499877929688,733.8499755859375,731.5,732.0,732.0,636623
2023-12-18 11:15:00+05:30,731.9500122070312,734.5,731.5999755859375,732.8499755859375,732.8499755859375,1171739
2023-12-18 12:15:00+05:30,732.7999877929688,733.0,729.4000244140625,729.7999877929688,729.7999877929688,604665
2023-12-18 13:15:00+05:30,729.75,732.0,729.4500122070312,731.5999755859375,731.5999755859375,447605
2023-12-18 14:15:00+05:30,731.5999755859375,731.7000122070312,730.3499755859375,731.0,731.0,603296
2023-12-18 15:15:00+05:30,731.0499877929688,731.5,730.0,730.0999755859375,730.0999755859375,356887
2023-12-19 09:15:00+05:30,731.25,732.5999755859375,726.0499877929688,727.0,727.0,0
2023-12-19 10:15:00+05:30,727.0,729.0499877929688,726.0499877929688,728.5,728.5,512584
2023-12-19 11:15:00+05:30,728.2999877929688,731.0999755859375,727.5499877929688,729.5,729.5,612787
2023-12-19 12:15:00+05:30,729.5,730.0,727.6500244140625,727.9500122070312,727.9500122070312,418940
2023-12-19 13:15:00+05:30,728.0,729.75,727.3499755859375,729.5999755859375,729.5999755859375,336053
2023-12-19 14:15:00+05:30,729.5999755859375,730.0,727.0,728.75,728.75,778850
2023-12-19 15:15:00+05:30,728.75,730.0,728.7000122070312,729.9500122070312,729.9500122070312,403367
2023-12-20 09:15:00+05:30,730.5,733.0,729.2000122070312,731.5,731.5,0
2023-12-20 10:15:00+05:30,731.75,731.75,729.75,730.4000244140625,730.4000244140625,513702
2023-12-20 11:15:00+05:30,730.5,730.8499755859375,727.1500244140625,727.9500122070312,727.9500122070312,670892
2023-12-20 12:15:00+05:30,727.9500122070312,728.0,725.4000244140625,725.7000122070312,725.7000122070312,567113
2023-12-20 13:15:00+05:30,725.75,726.3499755859375,709.0,710.2000122070312,710.2000122070312,2456051
2023-12-20 14:15:00+05:30,710.2000122070312,712.2000122070312,703.4000244140625,704.3499755859375,704.3499755859375,2286162
2023-12-20 15:15:00+05:30,704.0,706.0,703.2999877929688,706.0,706.0,665007
2023-12-21 09:15:00+05:30,700.0,711.4000244140625,696.8499755859375,710.7999877929688,710.7999877929688,0
2023-12-21 10:15:00+05:30,711.0,711.2999877929688,705.7000122070312,709.5499877929688,709.5499877929688,1189603
2023-12-21 11:15:00+05:30,709.5999755859375,711.5999755859375,707.25,711.5,711.5,747443
2023-12-21 12:15:00+05:30,711.5,711.9000244140625,709.0499877929688,711.0499877929688,711.0499877929688,635771
2023-12-21 13:15:00+05:30,710.8499755859375,711.7000122070312,704.0,705.4500122070312,705.4500122070312,887374
2023-12-21 14:15:00+05:30,705.2000122070312,710.0,705.2000122070312,708.5,708.5,849280
2023-12-21 15:15:00+05:30,708.4000244140625,710.75,708.2000122070312,709.9500122070312,709.9500122070312,498978
2023-12-22 09:15:00+05:30,715.0,729.4500122070312,712.3499755859375,728.3499755859375,728.3499755859375,3949204
2023-12-22 10:15:00+05:30,728.4000244140625,731.0,725.5999755859375,728.2999877929688,728.2999877929688,2207011
2023-12-22 11:15:00+05:30,728.2999877929688,728.5,722.5,723.2000122070312,723.2000122070312,1157769
2023-12-22 12:15:00+05:30,723.0,726.1500244140625,719.2000122070312,723.75,723.75,1665901
2023-12-22 13:15:00+05:30,723.7000122070312,725.0,720.9000244140625,723.9000244140625,723.9000244140625,981607
2023-12-22 14:15:00+05:30,723.8499755859375,726.9500122070312,723.2000122070312,724.5,724.5,1564611
2023-12-22 15:15:00+05:30,724.5,725.9000244140625,724.0999755859375,725.0499877929688,725.0499877929688,526821
2023-12-26 09:15:00+05:30,726.8499755859375,727.4000244140625,721.1500244140625,725.2000122070312,725.2000122070312,0
2023-12-26 10:15:00+05:30,725.2999877929688,725.7999877929688,723.5,724.7999877929688,724.7999877929688,565927
2023-12-26 11:15:00+05:30,725.0999755859375,725.4500122070312,722.4500122070312,723.0,723.0,606304
2023-12-26 12:15:00+05:30,723.0,723.75,719.4000244140625,721.0,721.0,924638
2023-12-26 13:15:00+05:30,721.0999755859375,722.1500244140625,718.0,718.8499755859375,718.8499755859375,895456
2023-12-26 14:15:00+05:30,718.8499755859375,723.6500244140625,716.5999755859375,719.0499877929688,719.0499877929688,2241174
2023-12-26 15:15:00+05:30,719.0499877929688,720.7000122070312,718.8499755859375,720.2999877929688,720.2999877929688,625659
2023-12-27 09:15:00+05:30,727.0999755859375,733.7999877929688,725.5499877929688,733.5999755859375,733.5999755859375,0
2023-12-27 10:15:00+05:30,733.6500244140625,738.4000244140625,732.5,736.25,736.25,3108645
2023-12-27 11:15:00+05:30,736.2999877929688,737.9500122070312,734.2999877929688,734.9500122070312,734.9500122070312,1348829
2023-12-27 12:15:00+05:30,735.0,736.6500244140625,732.25,734.9500122070312,734.9500122070312,1651578
2023-12-27 13:15:00+05:30,734.9500122070312,741.0,734.7999877929688,740.4500122070312,740.4500122070312,2496007
2023-12-27 14:15:00+05:30,740.2000122070312,741.6500244140625,739.0,741.2000122070312,741.2000122070312,2233512
2023-12-27 15:15:00+05:30,741.4500122070312,741.75,739.6500244140625,740.2999877929688,740.2999877929688,1170779
2023-12-28 09:15:00+05:30,741.8499755859375,745.4500122070312,739.0999755859375,743.3499755859375,743.3499755859375,0
2023-12-28 10:15:00+05:30,743.3499755859375,746.5,742.2999877929688,744.6500244140625,744.6500244140625,1487142
2023-12-28 11:15:00+05:30,744.6500244140625,747.75,744.2000122070312,746.2000122070312,746.2000122070312,1087636
2023-12-28 12:15:00+05:30,746.2999877929688,749.0,746.25,748.0999755859375,748.0999755859375,1614191
2023-12-28 13:15:00+05:30,748.0999755859375,751.7999877929688,747.2999877929688,750.4500122070312,750.4500122070312,1646175
2023-12-28 14:15:00+05:30,750.4000244140625,753.7999877929688,747.0499877929688,753.6500244140625,753.6500244140625,4095972
2023-12-28 15:15:00+05:30,753.6500244140625,757.9000244140625,753.25,754.0,754.0,2058257
2023-12-29 09:15:00+05:30,755.4000244140625,771.0999755859375,755.4000244140625,765.0,765.0,0
2023-12-29 10:15:00+05:30,765.0,802.9000244140625,764.5,795.7999877929688,795.7999877929688,15312274
2023-12-29 11:15:00+05:30,795.7999877929688,799.0,790.1500244140625,790.4500122070312,790.4500122070312,5426170
2023-12-29 12:15:00+05:30,790.5,792.7999877929688,785.0499877929688,785.9500122070312,785.9500122070312,3839571
2023-12-29 13:15:00+05:30,786.0,788.7999877929688,778.8499755859375,779.7999877929688,779.7999877929688,3949640
2023-12-29 14:15:00+05:30,779.7999877929688,786.1500244140625,779.3499755859375,779.6500244140625,779.6500244140625,4752083
2023-12-29 15:15:00+05:30,779.6500244140625,780.8499755859375,776.25,779.0999755859375,779.0999755859375,1754976
2024-01-01 09:15:00+05:30,783.7000122070312,795.9000244140625,782.0,792.9500122070312,792.9500122070312,0
2024-01-01 10:15:00+05:30,792.8499755859375,798.5,791.2000122070312,794.0999755859375,794.0999755859375,2316643
2024-01-01 11:15:00+05:30,794.1500244140625,794.5,790.7000122070312,792.2000122070312,792.2000122070312,1136665
2024-01-01 12:15:00+05:30,792.2999877929688,793.5999755859375,789.4000244140625,793.0,793.0,949340
2024-01-01 13:15:00+05:30,792.7999877929688,794.0,790.5,790.5,790.5,794375
2024-01-01 14:15:00+05:30,790.2999877929688,793.7999877929688,790.0,790.25,790.25,1297258
2024-01-01 15:15:00+05:30,790.2000122070312,792.0,788.2000122070312,792.0,792.0,716759
2024-01-02 09:15:00+05:30,799.0,803.4500122070312,783.4000244140625,785.25,785.25,0
2024-01-02 10:15:00+05:30,785.5,786.6500244140625,779.0,784.4500122070312,784.4500122070312,2192007
2024-01-02 11:15:00+05:30,784.1500244140625,786.8499755859375,783.0,785.4000244140625,785.4000244140625,954200
2024-01-02 12:15:00+05:30,785.3499755859375,787.0,782.7999877929688,784.7000122070312,784.7000122070312,1096479
2024-01-02 13:15:00+05:30,784.5499877929688,786.7000122070312,784.5499877929688,786.1500244140625,786.1500244140625,860696
2024-01-02 14:15:00+05:30,786.0999755859375,786.4500122070312,782.5999755859375,784.2999877929688,784.2999877929688,1987401
2024-01-02 15:15:00+05:30,784.2999877929688,786.0,783.75,785.9000244140625,785.9000244140625,974907
2024-01-03 09:15:00+05:30,787.0,788.2000122070312,776.2999877929688,780.7000122070312,780.7000122070312,0
2024-01-03 10:15:00+05:30,780.7000122070312,783.9000244140625,778.9000244140625,783.1500244140625,783.1500244140625,986719
2024-01-03 11:15:00+05:30,783.0499877929688,790.0,781.5499877929688,785.5,785.5,1535856
2024-01-03 12:15:00+05:30,785.6500244140625,786.25,780.6500244140625,781.8499755859375,781.8499755859375,797995
2024-01-03 13:15:00+05:30,781.9000244140625,782.7999877929688,780.3499755859375,781.0,781.0,674648
2024-01-03 14:15:00+05:30,780.9000244140625,783.75,780.0,781.0,781.0,1060142
2024-01-03 15:15:00+05:30,781.0499877929688,783.0,780.2999877929688,782.6500244140625,782.6500244140625,512447
2024-01-04 09:15:00+05:30,793.2999877929688,796.6500244140625,791.2999877929688,794.25,794.25,0
2024-01-04 10:15:00+05:30,794.1500244140625,801.7999877929688,793.5499877929688,800.4000244140625,800.4000244140625,3136894
2024-01-04 11:15:00+05:30,800.3499755859375,800.5999755859375,795.2999877929688,796.2000122070312,796.2000122070312,1643579
2024-01-04 12:15:00+05:30,796.1500244140625,797.2000122070312,795.0,795.7000122070312,795.7000122070312,929105
2024-01-04 13:15:00+05:30,795.7000122070312,798.5999755859375,794.2999877929688,796.4000244140625,796.4000244140625,1080145
2024-01-04 14:15:00+05:30,796.5,799.0,795.1500244140625,795.25,795.25,1591547
2024-01-04 15:15:00+05:30,795.3499755859375,796.5999755859375,794.5499877929688,795.9000244140625,795.9000244140625,1005296
2024-01-05 09:15:00+05:30,798.9000244140625,801.1500244140625,796.0,798.9500122070312,798.9500122070312,0
2024-01-05 10:15:00+05:30,798.8499755859375,805.7999877929688,795.1500244140625,797.0499877929688,797.0499877929688,2614802
2024-01-05 11:15:00+05:30,797.0499877929688,797.5,794.5999755859375,795.9500122070312,795.9500122070312,820518
2024-01-05 12:15:00+05:30,795.9000244140625,796.4000244140625,793.0,793.0499877929688,793.0499877929688,885140
2024-01-05 13:15:00+05:30,793.0499877929688,793.0499877929688,787.2000122070312,787.9500122070312,787.9500122070312,1492462
2024-01-05 14:15:00+05:30,787.9500122070312,793.7000122070312,787.25,789.9000244140625,789.9000244140625,2229019
2024-01-05 15:15:00+05:30,789.75,793.4500122070312,788.4000244140625,792.0,792.0,1275701
2024-01-08 09:15:00+05:30,796.3499755859375,800.25,791.1500244140625,797.1500244140625,797.1500244140625,0
2024-01-08 10:15:00+05:30,797.2000122070312,797.7000122070312,792.0,793.2999877929688,793.2999877929688,741636
2024-01-08 11:15:00+05:30,793.2000122070312,793.7000122070312,789.0,791.25,791.25,984903
2024-01-08 12:15:00+05:30,791.2999877929688,792.8499755859375,790.5,792.1500244140625,792.1500244140625,662229
2024-01-08 13:15:00+05:30,792.1500244140625,793.1500244140625,791.0,792.0999755859375,792.0999755859375,660472
2024-01-08 14:15:00+05:30,792.0,792.4000244140625,787.5,788.4000244140625,788.4000244140625,1055718
2024-01-08 15:15:00+05:30,788.25,790.9000244140625,787.9500122070312,789.8499755859375,789.8499755859375,784517
2024-01-09 09:15:00+05:30,799.8499755859375,801.9500122070312,793.25,800.25,800.25,0
2024-01-09 10:15:00+05:30,800.0999755859375,809.2000122070312,799.5,803.5,803.5,5102644
2024-01-09 11:15:00+05:30,803.5,804.2000122070312,798.5,799.7000122070312,799.7000122070312,1321744
2024-01-09 12:15:00+05:30,799.8499755859375,805.4500122070312,799.7000122070312,803.7999877929688,803.7999877929688,1000987
2024-01-09 13:15:00+05:30,803.7999877929688,803.8499755859375,800.2000122070312,801.9500122070312,801.9500122070312,637412
2024-01-09 14:15:00+05:30,801.9500122070312,802.25,797.4000244140625,799.2000122070312,799.2000122070312,1288755
2024-01-09 15:15:00+05:30,799.3499755859375,801.2000122070312,798.2000122070312,799.7999877929688,799.7999877929688,560737
2024-01-10 09:15:00+05:30,800.0,804.4500122070312,792.75,796.6500244140625,796.6500244140625,0
2024-01-10 10:15:00+05:30,796.9500122070312,799.4500122070312,795.5999755859375,797.5999755859375,797.5999755859375,617929
2024-01-10 11:15:00+05:30,797.25,798.0,796.0,797.2000122070312,797.2000122070312,421779
2024-01-10 12:15:00+05:30,797.25,803.0,796.8499755859375,802.0499877929688,802.0499877929688,1257975
2024-01-10 13:15:00+05:30,802.2999877929688,810.9000244140625,800.5,808.5499877929688,808.5499877929688,3051338
2024-01-10 14:15:00+05:30,808.5499877929688,809.8499755859375,806.2999877929688,808.2000122070312,808.2000122070312,1684265
2024-01-10 15:15:00+05:30,808.1500244140625,809.25,807.5499877929688,808.8499755859375,808.8499755859375,743458
2024-01-11 09:15:00+05:30,812.8499755859375,815.0,808.6500244140625,814.4000244140625,814.4000244140625,0
2024-01-11 10:15:00+05:30,814.5,816.0,812.2000122070312,813.9000244140625,813.9000244140625,1767036
2024-01-11 11:15:00+05:30,813.7000122070312,814.0499877929688,810.9000244140625,812.25,812.25,1023445
2024-01-11 12:15:00+05:30,812.25,812.5,810.25,812.2000122070312,812.2000122070312,672978
2024-01-11 13:15:00+05:30,812.2000122070312,817.5,811.0,813.5,813.5,2030842
2024-01-11 14:15:00+05:30,813.7999877929688,816.6500244140625,813.5499877929688,815.4000244140625,815.4000244140625,1790481
2024-01-11 15:15:00+05:30,815.4000244140625,816.0,814.9500122070312,815.6500244140625,815.6500244140625,995983
2024-01-12 09:15:00+05:30,818.0999755859375,818.1500244140625,809.2999877929688,815.2000122070312,815.2000122070312,0
2024-01-12 10:15:00+05:30,815.2999877929688,817.4000244140625,814.0499877929688,815.2000122070312,815.2000122070312,902478
2024-01-12 11:15:00+05:30,815.0999755859375,815.9000244140625,813.7000122070312,815.4000244140625,815.4000244140625,703352
2024-01-12 12:15:00+05:30,815.4000244140625,817.0,815.0,815.5,815.5,587605
2024-01-12 13:15:00+05:30,815.9000244140625,817.75,815.0,815.9000244140625,815.9000244140625,700055
2024-01-12 14:15:00+05:30,815.9000244140625,817.2000122070312,815.2999877929688,816.25,816.25,1524675
2024-01-12 15:15:00+05:30,816.1500244140625,817.5,816.0,817.4500122070312,817.4500122070312,777156
2024-01-15 09:15:00+05:30,820.0,820.4000244140625,811.0,812.7999877929688,812.7999877929688,0
2024-01-15 10:15:00+05:30,812.7999877929688,814.9000244140625,812.25,813.75,813.75,507524
2024-01-15 11:15:00+05:30,814.0,814.0,811.4500122070312,814.0,814.0,530080
2024-01-15 12:15:00+05:30,813.9500122070312,814.5499877929688,813.0499877929688,813.4000244140625,813.4000244140625,382730
2024-01-15 13:15:00+05:30,813.4500122070312,813.75,811.5,812.9000244140625,812.9000244140625,559354
2024-01-15 14:15:00+05:30,813.0,813.7999877929688,812.1500244140625,812.5499877929688,812.5499877929688,611434
2024-01-15 15:15:00+05:30,812.5,813.2000122070312,811.2999877929688,813.2000122070312,813.2000122070312,491021
2024-01-16 09:15:00+05:30,812.5999755859375,827.0,812.5999755859375,821.75,821.75,0
2024-01-16 10:15:00+05:30,822.0,822.8499755859375,820.2000122070312,822.2000122070312,822.2000122070312,691697
2024-01-16 11:15:00+05:30,822.2000122070312,823.0,820.5499877929688,823.0,823.0,699272
2024-01-16 12:15:00+05:30,822.75,824.5,819.75,820.9000244140625,820.9000244140625,1954611
2024-01-16 13:15:00+05:30,820.8499755859375,821.0,814.4500122070312,819.2000122070312,819.2000122070312,1350685
2024-01-16 14:15:00+05:30,819.5,821.2000122070312,817.25,818.7999877929688,818.7999877929688,951176
2024-01-16 15:15:00+05:30,818.6500244140625,819.4000244140625,817.5,818.0,818.0,760329
2024-01-17 09:15:00+05:30,811.0,813.0,805.25,812.7999877929688,812.7999877929688,0
2024-01-17 10:15:00+05:30,812.6500244140625,812.7000122070312,809.0,810.9500122070312,810.9500122070312,654407
2024-01-17 11:15:00+05:30,810.9500122070312,812.2000122070312,804.4500122070312,807.25,807.25,1373230
2024-01-17 12:15:00+05:30,807.1500244140625,809.7999877929688,806.2000122070312,807.7999877929688,807.7999877929688,649986
2024-01-17 13:15:00+05:30,807.7999877929688,810.5,805.25,809.0,809.0,738188
2024-01-17 14:15:00+05:30,809.0,809.0,804.0999755859375,805.9500122070312,805.9500122070312,1327651
2024-01-17 15:15:00+05:30,805.8499755859375,807.5,804.0,807.5,807.5,640246
2024-01-18 09:15:00+05:30,807.9500122070312,818.5,797.0,807.7000122070312,807.7000122070312,0
2024-01-18 10:15:00+05:30,807.7000122070312,813.4500122070312,804.0999755859375,811.9500122070312,811.9500122070312,1520657
2024-01-18 11:15:00+05:30,811.9500122070312,814.8499755859375,810.4000244140625,813.5,813.5,1173358
2024-01-18 12:15:00+05:30,813.5,816.2999877929688,812.5,814.5999755859375,814.5999755859375,1064427
2024-01-18 13:15:00+05:30,814.5499877929688,816.25,813.7999877929688,815.2000122070312,815.2000122070312,612731
2024-01-18 14:15:00+05:30,815.3499755859375,822.7999877929688,813.0999755859375,818.2999877929688,818.2999877929688,1933353
2024-01-18 15:15:00+05:30,818.4500122070312,820.0,818.0499877929688,819.5499877929688,819.5499877929688,842572
2024-01-19 09:15:00+05:30,824.0,825.2999877929688,821.0499877929688,823.7999877929688,823.7999877929688,0
2024-01-19 10:15:00+05:30,823.5,824.0,820.4500122070312,821.6500244140625,821.6500244140625,666150
2024-01-19 11:15:00+05:30,821.5999755859375,826.0,821.0999755859375,822.7000122070312,822.7000122070312,964989
2024-01-19 12:15:00+05:30,822.7000122070312,822.75,821.0,822.2999877929688,822.2999877929688,497984
2024-01-19 13:15:00+05:30,822.2999877929688,823.2999877929688,819.5,821.5,821.5,594771
2024-01-19 14:15:00+05:30,821.5,823.5,820.9500122070312,823.4000244140625,823.4000244140625,875593
2024-01-19 15:15:00+05:30,823.4500122070312,825.0,823.0999755859375,823.6500244140625,823.6500244140625,478554
2024-01-23 09:15:00+05:30,823.9000244140625,827.5,820.2999877929688,822.0999755859375,822.0999755859375,0
2024-01-23 10:15:00+05:30,821.9000244140625,822.8499755859375,814.0,816.9000244140625,816.9000244140625,1007841
2024-01-23 11:15:00+05:30,816.7999877929688,820.2000122070312,808.5499877929688,809.0999755859375,809.0999755859375,1436470
2024-01-23 12:15:00+05:30,809.0499877929688,811.0,802.2000122070312,804.2999877929688,804.2999877929688,1056583
2024-01-23 13:15:00+05:30,804.5499877929688,805.7999877929688,800.6500244140625,801.7999877929688,801.7999877929688,765646
2024-01-23 14:15:00+05:30,801.7999877929688,802.25,796.3499755859375,799.7000122070312,799.7000122070312,2116320
2024-01-23 15:15:00+05:30,799.75,802.5499877929688,799.25,802.5,802.5,992040
2024-01-24 09:15:00+05:30,802.4000244140625,808.4500122070312,789.2999877929688,804.2000122070312,804.2000122070312,3048235
2024-01-24 10:15:00+05:30,804.5,807.5499877929688,803.5499877929688,805.7999877929688,805.7999877929688,650635
2024-01-24 11:15:00+05:30,805.7999877929688,806.0999755859375,797.7999877929688,798.2000122070312,798.2000122070312,782222
2024-01-24 12:15:00+05:30,798.5,805.4000244140625,797.2999877929688,805.1500244140625,805.1500244140625,609975
2024-01-24 13:15:00+05:30,805.3499755859375,806.8499755859375,803.5,806.1500244140625,806.1500244140625,596548
2024-01-24 14:15:00+05:30,806.3499755859375,811.5499877929688,805.5999755859375,810.9500122070312,810.9500122070312,1098960
2024-01-24 15:15:00+05:30,810.8499755859375,812.0,810.6500244140625,812.0,812.0,429368
2024-01-25 09:15:00+05:30,812.0499877929688,813.0999755859375,808.0,808.6500244140625,808.6500244140625,0
2024-01-25 10:15:00+05:30,808.6500244140625,808.75,800.2999877929688,802.75,802.75,1289512
2024-01-25 11:15:00+05:30,802.6500244140625,809.6500244140625,802.0999755859375,807.4500122070312,807.4500122070312,996748
2024-01-25 12:15:00+05:30,807.4500122070312,812.0,806.7999877929688,811.9000244140625,811.9000244140625,735313
2024-01-25 13:15:00+05:30,811.5,813.0,810.5499877929688,812.0999755859375,812.0999755859375,1183960
2024-01-25 14:15:00+05:30,812.0499877929688,813.6500244140625,809.4500122070312,812.5,812.5,2943572
2024-01-25 15:15:00+05:30,812.3499755859375,812.5,809.0,810.5499877929688,810.5499877929688,905229
2024-01-29 09:15:00+05:30,812.0,818.4000244140625,811.2000122070312,815.8499755859375,815.8499755859375,0
2024-01-29 10:15:00+05:30,815.9000244140625,822.9000244140625,814.7999877929688,822.4500122070312,822.4500122070312,1631459
2024-01-29 11:15:00+05:30,822.4500122070312,835.8499755859375,822.4000244140625,834.75,834.75,3125576
2024-01-29 12:15:00+05:30,834.75,838.0,833.0499877929688,836.0,836.0,1875013
2024-01-29 13:15:00+05:30,836.25,839.3499755859375,832.7999877929688,838.0499877929688,838.0499877929688,1164925
2024-01-29 14:15:00+05:30,838.0499877929688,843.5,837.9000244140625,841.3499755859375,841.3499755859375,2648100
2024-01-29 15:15:00+05:30,841.2000122070312,841.5,839.5,840.5499877929688,840.5499877929688,836090
2024-01-30 09:15:00+05:30,844.5,853.9500122070312,844.5,850.2000122070312,850.2000122070312,0
2024-01-30 10:15:00+05:30,850.2000122070312,853.4000244140625,848.0999755859375,850.75,850.75,1259580
2024-01-30 11:15:00+05:30,850.5999755859375,856.4000244140625,849.5999755859375,855.25,855.25,1318250
2024-01-30 12:15:00+05:30,855.2999877929688,865.7000122070312,854.8499755859375,865.2999877929688,865.2999877929688,2718375
2024-01-30 13:15:00+05:30,865.2999877929688,885.9500122070312,864.8499755859375,874.7999877929688,874.7999877929688,6200415
2024-01-30 14:15:00+05:30,875.0,875.0,854.5499877929688,859.5999755859375,859.5999755859375,4144679
2024-01-30 15:15:00+05:30,859.6500244140625,864.9000244140625,859.5,864.9000244140625,864.9000244140625,984369
2024-01-31 09:15:00+05:30,866.4500122070312,896.4000244140625,866.0,888.4500122070312,888.4500122070312,0
2024-01-31 10:15:00+05:30,888.4500122070312,888.75,876.5,877.75,877.75,3700166
2024-01-31 11:15:00+05:30,877.75,880.9500122070312,874.4500122070312,879.0499877929688,879.0499877929688,2343757
2024-01-31 12:15:00+05:30,879.0499877929688,880.0,873.4500122070312,879.9000244140625,879.9000244140625,1769011
2024-01-31 13:15:00+05:30,879.75,886.0,878.0,881.5499877929688,881.5499877929688,2121642
2024-01-31 14:15:00+05:30,881.5,884.9500122070312,879.0499877929688,882.8499755859375,882.8499755859375,2670327
2024-01-31 15:15:00+05:30,883.0,886.0,882.6500244140625,884.7999877929688,884.7999877929688,1517497
2024-02-01 09:15:00+05:30,893.2000122070312,896.1500244140625,885.25,888.7000122070312,888.7000122070312,0
2024-02-01 10:15:00+05:30,888.75,892.0,887.2999877929688,890.9500122070312,890.9500122070312,1362814
2024-02-01 11:15:00+05:30,891.0,891.0,879.25,886.5499877929688,886.5499877929688,2296062
2024-02-01 12:15:00+05:30,886.25,887.9000244140625,881.75,887.0,887.0,1154862
2024-02-01 13:15:00+05:30,887.25,890.2999877929688,882.9000244140625,883.25,883.25,1240804
2024-02-01 14:15:00+05:30,883.3499755859375,884.8499755859375,878.3499755859375,878.5,878.5,1655582
2024-02-01 15:15:00+05:30,878.75,879.7999877929688,876.5,879.0999755859375,879.0999755859375,1544095
2024-02-02 09:15:00+05:30,886.1500244140625,890.5999755859375,882.4000244140625,888.0,888.0,3507678
2024-02-02 10:15:00+05:30,887.6500244140625,892.7999877929688,887.0,890.0999755859375,890.0999755859375,1851064
2024-02-02 11:15:00+05:30,890.0999755859375,895.5,889.8499755859375,890.0999755859375,890.0999755859375,1831015
2024-02-02 12:15:00+05:30,890.4500122070312,891.5,881.7999877929688,882.5499877929688,882.5499877929688,1863470
2024-02-02 13:15:00+05:30,882.3499755859375,884.9500122070312,881.2000122070312,884.75,884.75,1039751
2024-02-02 14:15:00+05:30,884.6500244140625,885.25,877.2000122070312,878.0499877929688,878.0499877929688,1656888
2024-02-02 15:15:00+05:30,878.1500244140625,883.2999877929688,876.9000244140625,878.75,878.75,1250165
2024-02-05 09:15:00+05:30,927.5999755859375,949.7999877929688,916.25,938.7000122070312,938.7000122070312,7641055
2024-02-05 10:15:00+05:30,939.0999755859375,943.9500122070312,936.7000122070312,940.0999755859375,940.0999755859375,3352746
2024-02-05 11:15:00+05:30,940.4000244140625,942.6500244140625,936.4500122070312,937.5999755859375,937.5999755859375,2699718
2024-02-05 12:15:00+05:30,937.5999755859375,938.5,933.7000122070312,935.0499877929688,935.0499877929688,2190361
2024-02-05 13:15:00+05:30,935.0,935.4000244140625,929.0,931.2999877929688,931.2999877929688,3192633
2024-02-05 14:15:00+05:30,931.5999755859375,931.5999755859375,920.0,926.0,926.0,4811553
2024-02-05 15:15:00+05:30,926.0,930.0,924.7999877929688,929.75,929.75,1790932
2024-02-06 09:15:00+05:30,936.7000122070312,941.0,928.5999755859375,939.25,939.25,0
2024-02-06 10:15:00+05:30,939.25,940.3499755859375,933.25,938.0,938.0,1857829
2024-02-06 11:15:00+05:30,938.1500244140625,939.0,934.5999755859375,936.2999877929688,936.2999877929688,1092408
2024-02-06 12:15:00+05:30,936.25,940.7000122070312,935.8499755859375,939.3499755859375,939.3499755859375,1430047
2024-02-06 13:15:00+05:30,939.5499877929688,941.0999755859375,937.0,939.5,939.5,1221027
2024-02-06 14:15:00+05:30,939.5999755859375,940.0,937.5,939.4500122070312,939.4500122070312,1599109
2024-02-06 15:15:00+05:30,939.5,940.5999755859375,938.0,939.7000122070312,939.7000122070312,1074963
2024-02-07 09:15:00+05:30,943.4500122070312,943.5999755859375,937.4000244140625,940.4000244140625,940.4000244140625,0
2024-02-07 10:15:00+05:30,940.4000244140625,941.0,931.5,933.2000122070312,933.2000122070312,1562460
2024-02-07 11:15:00+05:30,933.1500244140625,933.9000244140625,928.0999755859375,932.4000244140625,932.4000244140625,1309586
2024-02-07 12:15:00+05:30,932.4000244140625,934.0,929.5,931.6500244140625,931.6500244140625,747884
2024-02-07 13:15:00+05:30,931.5999755859375,937.75,931.3499755859375,936.0,936.0,820458
2024-02-07 14:15:00+05:30,936.4000244140625,937.0,932.25,933.75,933.75,841429
2024-02-07 15:15:00+05:30,933.5999755859375,935.0,933.0,934.9500122070312,934.9500122070312,565167
2024-02-08 09:15:00+05:30,936.9500122070312,939.5999755859375,928.7000122070312,933.7000122070312,933.7000122070312,0
2024-02-08 10:15:00+05:30,933.75,933.75,926.0999755859375,926.25,926.25,1579924
2024-02-08 11:15:00+05:30,926.1500244140625,926.7000122070312,918.9000244140625,924.25,924.25,2427126
2024-02-08 12:15:00+05:30,924.25,928.0,923.0,927.5499877929688,927.5499877929688,1035742
2024-02-08 13:15:00+05:30,927.5999755859375,929.5,923.25,923.5999755859375,923.5999755859375,1131557
2024-02-08 14:15:00+05:30,923.5999755859375,926.8499755859375,921.2000122070312,924.7999877929688,924.7999877929688,2197959
2024-02-08 15:15:00+05:30,924.7999877929688,925.8499755859375,924.0999755859375,925.0,925.0,1107219
2024-02-09 09:15:00+05:30,926.0,927.2000122070312,909.0999755859375,920.25,920.25,0
2024-02-09 10:15:00+05:30,920.25,920.5499877929688,906.0499877929688,910.9500122070312,910.9500122070312,1209262
2024-02-09 11:15:00+05:30,911.0,915.9500122070312,906.5499877929688,911.3499755859375,911.3499755859375,935128
2024-02-09 12:15:00+05:30,911.3499755859375,916.7000122070312,911.0,913.0999755859375,913.0999755859375,902746
2024-02-09 13:15:00+05:30,913.0999755859375,914.5,908.8499755859375,912.4000244140625,912.4000244140625,999863
2024-02-09 14:15:00+05:30,912.5,916.2000122070312,911.9500122070312,915.5499877929688,915.5499877929688,1084613
2024-02-09 15:15:00+05:30,915.5999755859375,915.9500122070312,914.5,915.7000122070312,915.7000122070312,438673
2024-02-12 09:15:00+05:30,917.25,924.75,911.0499877929688,913.2000122070312,913.2000122070312,0
2024-02-12 10:15:00+05:30,913.2000122070312,915.6500244140625,908.0,912.5,912.5,947493
2024-02-12 11:15:00+05:30,912.6500244140625,913.7000122070312,908.0499877929688,910.0499877929688,910.0499877929688,530496
2024-02-12 12:15:00+05:30,910.0499877929688,920.5,910.0499877929688,917.5,917.5,961993
2024-02-12 13:15:00+05:30,917.5,922.5,917.0499877929688,920.75,920.75,804252
2024-02-12 14:15:00+05:30,920.7999877929688,921.7999877929688,909.3499755859375,910.0,910.0,1223080
2024-02-12 15:15:00+05:30,910.0,912.75,908.7000122070312,912.0,912.0,810449
2024-02-13 09:15:00+05:30,911.2999877929688,918.9500122070312,906.2000122070312,914.75,914.75,0
2024-02-13 10:15:00+05:30,914.9500122070312,916.9000244140625,911.6500244140625,914.9500122070312,914.9500122070312,1071263
2024-02-13 11:15:00+05:30,914.9500122070312,915.7000122070312,901.5999755859375,902.7000122070312,902.7000122070312,1272853
2024-02-13 12:15:00+05:30,902.7999877929688,905.9000244140625,894.0999755859375,898.9000244140625,898.9000244140625,1750662
2024-02-13 13:15:00+05:30,898.9000244140625,905.3499755859375,898.5499877929688,903.5999755859375,903.5999755859375,1106285
2024-02-13 14:15:00+05:30,903.5999755859375,907.9500122070312,902.5,907.6500244140625,907.6500244140625,821659
2024-02-13 15:15:00+05:30,907.75,908.75,906.5,906.9000244140625,906.9000244140625,383675
2024-02-14 09:15:00+05:30,899.9000244140625,908.75,895.0999755859375,908.2000122070312,908.2000122070312,0
2024-02-14 10:15:00+05:30,908.4500122070312,909.0,904.25,906.5,906.5,767396
2024-02-14 11:15:00+05:30,906.6500244140625,910.0,906.0,907.5999755859375,907.5999755859375,517896
2024-02-14 12:15:00+05:30,907.7999877929688,912.6500244140625,907.75,909.8499755859375,909.8499755859375,766371
2024-02-14 13:15:00+05:30,909.5499877929688,914.0,907.0,913.5999755859375,913.5999755859375,1172597
2024-02-14 14:15:00+05:30,913.75,919.75,912.5,917.3499755859375,917.3499755859375,1049495
2024-02-14 15:15:00+05:30,917.3499755859375,919.9500122070312,917.25,918.5,918.5,483396
2024-02-15 09:15:00+05:30,922.0999755859375,927.0,917.2000122070312,919.5,919.5,0
2024-02-15 10:15:00+05:30,919.5,921.5999755859375,918.0,920.5999755859375,920.5999755859375,828532
2024-02-15 11:15:00+05:30,920.8499755859375,921.9500122070312,919.2000122070312,920.5499877929688,920.5499877929688,446929
2024-02-15 12:15:00+05:30,920.5499877929688,920.75,916.5499877929688,920.0499877929688,920.0499877929688,717354
2024-02-15 13:15:00+05:30,920.25,925.4500122070312,919.5,922.5,922.5,966913
2024-02-15 14:15:00+05:30,922.3499755859375,922.9000244140625,919.0499877929688,920.75,920.75,816878
2024-02-15 15:15:00+05:30,920.75,921.0,919.5999755859375,920.1500244140625,920.1500244140625,596595
2024-02-16 09:15:00+05:30,925.0999755859375,947.3499755859375,925.0999755859375,941.7999877929688,941.7999877929688,0
2024-02-16 10:15:00+05:30,941.7000122070312,948.7000122070312,941.2000122070312,943.2999877929688,943.2999877929688,2511042
2024-02-16 11:15:00+05:30,943.0,943.6500244140625,937.5,940.4000244140625,940.4000244140625,1489125
2024-02-16 12:15:00+05:30,940.2000122070312,943.0,939.5,942.5499877929688,942.5499877929688,833749
2024-02-16 13:15:00+05:30,942.5499877929688,942.7000122070312,938.3499755859375,939.7999877929688,939.7999877929688,772274
2024-02-16 14:15:00+05:30,939.6500244140625,941.1500244140625,937.5,938.4000244140625,938.4000244140625,1100819
2024-02-16 15:15:00+05:30,938.4000244140625,939.1500244140625,937.25,938.0,938.0,727030
2024-02-19 09:15:00+05:30,941.8499755859375,942.6500244140625,931.5,933.9000244140625,933.9000244140625,0
2024-02-19 10:15:00+05:30,934.0499877929688,935.5,932.5,933.7999877929688,933.7999877929688,539430
2024-02-19 11:15:00+05:30,933.6500244140625,934.5499877929688,932.0,933.2000122070312,933.2000122070312,443865
2024-02-19 12:15:00+05:30,933.0,934.0,932.0,932.9500122070312,932.9500122070312,506477
2024-02-19 13:15:00+05:30,933.2999877929688,933.7999877929688,931.2000122070312,933.5,933.5,501439
2024-02-19 14:15:00+05:30,933.4500122070312,933.5999755859375,931.0499877929688,932.7999877929688,932.7999877929688,640447
2024-02-19 15:15:00+05:30,932.7999877929688,934.0,932.0,932.5999755859375,932.5999755859375,396239
2024-02-20 09:15:00+05:30,933.8499755859375,933.8499755859375,923.0499877929688,927.7000122070312,927.7000122070312,0
2024-02-20 10:15:00+05:30,927.7000122070312,928.9500122070312,925.5999755859375,926.7000122070312,926.7000122070312,542697
2024-02-20 11:15:00+05:30,926.7000122070312,929.6500244140625,925.5999755859375,927.9500122070312,927.9500122070312,460009
2024-02-20 12:15:00+05:30,927.9500122070312,930.0,927.7000122070312,928.25,928.25,424413
2024-02-20 13:15:00+05:30,928.0999755859375,928.5,920.5499877929688,924.7000122070312,924.7000122070312,647629
2024-02-20 14:15:00+05:30,924.9000244140625,926.9000244140625,924.0499877929688,925.75,925.75,808214
2024-02-20 15:15:00+05:30,925.75,928.4500122070312,925.0,926.3499755859375,926.3499755859375,494767
2024-02-21 09:15:00+05:30,926.0,937.1500244140625,926.0,934.0,934.0,0
2024-02-21 10:15:00+05:30,934.0,935.25,927.3499755859375,927.9500122070312,927.9500122070312,840185
2024-02-21 11:15:00+05:30,927.9500122070312,929.25,925.5999755859375,928.0,928.0,564507
2024-02-21 12:15:00+05:30,927.9000244140625,930.8499755859375,927.5,928.0499877929688,928.0499877929688,479592
2024-02-21 13:15:00+05:30,928.0499877929688,928.0499877929688,923.2000122070312,924.25,924.25,666007
2024-02-21 14:15:00+05:30,924.0499877929688,925.8499755859375,916.5,923.3499755859375,923.3499755859375,1464606
2024-02-21 15:15:00+05:30,923.4000244140625,923.75,920.0,921.5,921.5,436272
2024-02-22 09:15:00+05:30,924.0499877929688,926.9500122070312,914.75,921.0999755859375,921.0999755859375,0
2024-02-22 10:15:00+05:30,921.2000122070312,922.2999877929688,918.6500244140625,921.0499877929688,921.0499877929688,705673
2024-02-22 11:15:00+05:30,920.8499755859375,923.5,919.75,922.7999877929688,922.7999877929688,486928
2024-02-22 12:15:00+05:30,922.75,922.9500122070312,919.5999755859375,921.5,921.5,395708
2024-02-22 13:15:00+05:30,921.2000122070312,927.5999755859375,920.9000244140625,924.7000122070312,924.7000122070312,773208
2024-02-22 14:15:00+05:30,924.7000122070312,933.0,923.75,932.0499877929688,932.0499877929688,1664290
2024-02-22 15:15:00+05:30,931.9000244140625,933.7999877929688,931.0,932.0,932.0,640248
2024-02-23 09:15:00+05:30,935.0,937.4500122070312,932.5499877929688,933.3499755859375,933.3499755859375,1832075
2024-02-23 10:15:00+05:30,933.5499877929688,933.7999877929688,929.4500122070312,933.5,933.5,857047
2024-02-23 11:15:00+05:30,933.2000122070312,936.0,932.2999877929688,935.75,935.75,697227
2024-02-23 12:15:00+05:30,935.7000122070312,939.75,935.5,936.3499755859375,936.3499755859375,982051
2024-02-23 13:15:00+05:30,936.3499755859375,938.0999755859375,933.9000244140625,935.7999877929688,935.7999877929688,822133
2024-02-23 14:15:00+05:30,936.0,939.25,935.7000122070312,937.1500244140625,937.1500244140625,1226936
2024-02-23 15:15:00+05:30,937.1500244140625,938.8499755859375,935.0,935.0499877929688,935.0499877929688,626387
2024-02-26 09:15:00+05:30,936.1500244140625,944.5999755859375,933.2999877929688,941.2000122070312,941.2000122070312,0
2024-02-26 10:15:00+05:30,941.2000122070312,942.3499755859375,937.0499877929688,937.0999755859375,937.0999755859375,670937
2024-02-26 11:15:00+05:30,937.3499755859375,938.4000244140625,934.2999877929688,938.0,938.0,680086
2024-02-26 12:15:00+05:30,938.0,940.0999755859375,936.6500244140625,939.9000244140625,939.9000244140625,525544
2024-02-26 13:15:00+05:30,939.75,941.9000244140625,939.7000122070312,940.1500244140625,940.1500244140625,676631
2024-02-26 14:15:00+05:30,940.0,940.75,936.4000244140625,937.4500122070312,937.4500122070312,709661
2024-02-26 15:15:00+05:30,937.3499755859375,937.4500122070312,935.6500244140625,936.9500122070312,936.9500122070312,393643
2024-02-27 09:15:00+05:30,936.75,943.7999877929688,935.5,939.7000122070312,939.7000122070312,0
2024-02-27 10:15:00+05:30,939.7000122070312,947.6500244140625,938.5499877929688,946.0,946.0,1192540
2024-02-27 11:15:00+05:30,946.0,948.0,943.5,944.5,944.5,1049135
2024-02-27 12:15:00+05:30,944.5,953.9500122070312,943.75,952.0,952.0,2237987
2024-02-27 13:15:00+05:30,952.0,956.7000122070312,950.25,952.9500122070312,952.9500122070312,1673853
2024-02-27 14:15:00+05:30,953.0499877929688,965.0,952.6500244140625,962.0,962.0,4149035
2024-02-27 15:15:00+05:30,962.1500244140625,963.5999755859375,960.9000244140625,963.5499877929688,963.5499877929688,1203111
2024-02-28 09:15:00+05:30,966.5499877929688,976.0,966.0499877929688,971.2999877929688,971.2999877929688,0
2024-02-28 10:15:00+05:30,971.5,973.0,960.2999877929688,965.6500244140625,965.6500244140625,2291520
2024-02-28 11:15:00+05:30,965.8499755859375,967.7000122070312,955.6500244140625,958.4000244140625,958.4000244140625,1540248
2024-02-28 12:15:00+05:30,958.7000122070312,960.9500122070312,950.4000244140625,950.9500122070312,950.9500122070312,1013653
2024-02-28 13:15:00+05:30,950.7999877929688,960.0,950.7999877929688,959.5999755859375,959.5999755859375,1643644
2024-02-28 14:15:00+05:30,959.4500122070312,960.2000122070312,955.0,958.9000244140625,958.9000244140625,1574474
2024-02-28 15:15:00+05:30,958.9500122070312,958.9500122070312,955.5499877929688,958.0499877929688,958.0499877929688,879651
2024-02-29 09:15:00+05:30,958.5,958.5,948.4000244140625,950.1500244140625,950.1500244140625,0
2024-02-29 10:15:00+05:30,950.1500244140625,953.0,943.0999755859375,949.7999877929688,949.7999877929688,1441869
2024-02-29 11:15:00+05:30,949.9500122070312,955.0,949.8499755859375,952.9500122070312,952.9500122070312,773817
2024-02-29 12:15:00+05:30,952.9500122070312,955.5,950.8499755859375,952.3499755859375,952.3499755859375,649249
2024-02-29 13:15:00+05:30,952.4000244140625,953.5,947.7999877929688,950.3499755859375,950.3499755859375,820635
2024-02-29 14:15:00+05:30,950.3499755859375,954.0,947.3499755859375,950.1500244140625,950.1500244140625,2869824
2024-02-29 15:15:00+05:30,950.0999755859375,954.7999877929688,949.7000122070312,954.0,954.0,1741439
2024-03-01 09:15:00+05:30,960.0,973.7000122070312,959.1500244140625,970.9500122070312,970.9500122070312,0
2024-03-01 10:15:00+05:30,970.7000122070312,971.0,967.5,968.7999877929688,968.7999877929688,893184
2024-03-01 11:15:00+05:30,968.75,978.2999877929688,968.6500244140625,975.0999755859375,975.0999755859375,1955039
2024-03-01 12:15:00+05:30,975.3499755859375,978.0,973.9500122070312,976.0,976.0,859710
2024-03-01 13:15:00+05:30,975.8499755859375,977.9000244140625,972.5,975.5499877929688,975.5499877929688,1134587
2024-03-01 14:15:00+05:30,975.4500122070312,980.2000122070312,975.0999755859375,976.0499877929688,976.0499877929688,2161602
2024-03-01 15:15:00+05:30,976.0499877929688,979.0,975.25,978.0,978.0,840023
2024-03-04 09:15:00+05:30,994.6500244140625,994.6500244140625,980.1500244140625,983.5,983.5,831715
2024-03-04 10:15:00+05:30,983.2999877929688,989.0,983.0,985.9000244140625,985.9000244140625,852021
2024-03-04 11:15:00+05:30,985.9000244140625,988.4000244140625,984.2000122070312,987.8499755859375,987.8499755859375,478050
2024-03-04 12:15:00+05:30,987.9500122070312,990.8499755859375,985.1500244140625,986.5999755859375,986.5999755859375,750524
2024-03-04 13:15:00+05:30,986.5999755859375,988.4000244140625,985.0999755859375,988.0999755859375,988.0999755859375,370748
2024-03-04 14:15:00+05:30,988.0499877929688,989.5,985.75,987.25,987.25,620736
2024-03-04 15:15:00+05:30,987.0,988.9500122070312,986.0999755859375,988.9000244140625,988.9000244140625,396023
2024-03-05 09:15:00+05:30,1017.5,1065.0,1005.5999755859375,1053.5,1053.5,25370596
2024-03-05 10:15:00+05:30,1053.3499755859375,1055.6500244140625,1025.5,1026.050048828125,1026.050048828125,9700550
2024-03-05 11:15:00+05:30,1025.5999755859375,1036.949951171875,1022.4500122070312,1032.0,1032.0,5396619
2024-03-05 12:15:00+05:30,1032.050048828125,1032.5,1023.5,1025.3499755859375,1025.3499755859375,2171890
2024-03-05 13:15:00+05:30,1025.199951171875,1025.449951171875,1010.0,1019.9500122070312,1019.9500122070312,5266689
2024-03-05 14:15:00+05:30,1020.0,1026.949951171875,1018.0,1022.4500122070312,1022.4500122070312,3834468
2024-03-05 15:15:00+05:30,1022.4500122070312,1023.9500122070312,1019.5499877929688,1022.5999755859375,1022.5999755859375,1977669
2024-03-06 09:15:00+05:30,1025.5,1030.300048828125,1011.5,1016.75,1016.75,0
2024-03-06 10:15:00+05:30,1016.5,1022.9000244140625,1009.0,1013.5,1013.5,2216580
2024-03-06 11:15:00+05:30,1013.5,1017.2999877929688,1010.2000122070312,1012.7999877929688,1012.7999877929688,1094478
2024-03-06 12:15:00+05:30,1012.7999877929688,1014.5,1009.5,1014.1500244140625,1014.1500244140625,1030600
2024-03-06 13:15:00+05:30,1014.1500244140625,1019.7999877929688,1009.5999755859375,1018.2999877929688,1018.2999877929688,1480259
2024-03-06 14:15:00+05:30,1018.2000122070312,1019.0,1015.0,1018.4500122070312,1018.4500122070312,1669105
2024-03-06 15:15:00+05:30,1018.4500122070312,1018.9000244140625,1016.8499755859375,1018.0999755859375,1018.0999755859375,865599
2024-03-07 09:15:00+05:30,1026.4000244140625,1033.0,1014.4500122070312,1029.5999755859375,1029.5999755859375,0
2024-03-07 10:15:00+05:30,1029.5999755859375,1030.550048828125,1024.25,1029.3499755859375,1029.3499755859375,1555394
2024-03-07 11:15:00+05:30,1029.199951171875,1043.8499755859375,1028.3499755859375,1038.75,1038.75,2517353
2024-03-07 12:15:00+05:30,1038.4000244140625,1045.8499755859375,1035.25,1040.800048828125,1040.800048828125,2341581
2024-03-07 13:15:00+05:30,1040.800048828125,1047.0,1031.3499755859375,1036.8499755859375,1036.8499755859375,2858621
2024-03-07 14:15:00+05:30,1037.0,1042.0,1036.75,1039.050048828125,1039.050048828125,1878810
2024-03-07 15:15:00+05:30,1039.0999755859375,1040.5,1037.3499755859375,1037.5,1037.5,1067375
2024-03-11 09:15:00+05:30,1031.6500244140625,1033.949951171875,1025.0999755859375,1027.300048828125,1027.300048828125,0
2024-03-11 10:15:00+05:30,1027.449951171875,1030.75,1026.449951171875,1028.300048828125,1028.300048828125,860120
2024-03-11 11:15:00+05:30,1028.0999755859375,1028.5,1021.0,1023.7000122070312,1023.7000122070312,1032762
2024-03-11 12:15:00+05:30,1023.7000122070312,1029.25,1023.0,1027.300048828125,1027.300048828125,537690
2024-03-11 13:15:00+05:30,1027.199951171875,1031.0,1026.949951171875,1027.5999755859375,1027.5999755859375,617347
2024-03-11 14:15:00+05:30,1027.449951171875,1031.0,1025.25,1027.8499755859375,1027.8499755859375,1142829
2024-03-11 15:15:00+05:30,1027.800048828125,1029.0,1026.0999755859375,1028.0,1028.0,595465
2024-03-12 09:15:00+05:30,1025.9000244140625,1037.0,1025.9000244140625,1032.0999755859375,1032.0999755859375,0
2024-03-12 10:15:00+05:30,1032.4000244140625,1032.949951171875,1014.75,1020.0,1020.0,1481334
2024-03-12 11:15:00+05:30,1020.0,1021.7999877929688,1011.3499755859375,1014.25,1014.25,1129224
2024-03-12 12:15:00+05:30,1013.9500122070312,1021.0,1013.9500122070312,1017.2000122070312,1017.2000122070312,733259
2024-03-12 13:15:00+05:30,1017.2000122070312,1020.8499755859375,1016.5,1017.0,1017.0,683914
2024-03-12 14:15:00+05:30,1017.0499877929688,1019.6500244140625,1014.0,1016.1500244140625,1016.1500244140625,1432021
2024-03-12 15:15:00+05:30,1015.75,1019.5,1015.5999755859375,1019.0499877929688,1019.0499877929688,612637
2024-03-13 09:15:00+05:30,1021.0,1021.0,991.0,1004.0999755859375,1004.0999755859375,0
2024-03-13 10:15:00+05:30,1004.25,1007.7999877929688,997.0,999.7000122070312,999.7000122070312,1405301
2024-03-13 11:15:00+05:30,1000.0499877929688,1001.7000122070312,987.0499877929688,987.5999755859375,987.5999755859375,1702173
2024-03-13 12:15:00+05:30,987.5999755859375,997.2000122070312,985.0999755859375,996.0,996.0,1715102
2024-03-13 13:15:00+05:30,996.5499877929688,996.5499877929688,982.9000244140625,982.9000244140625,982.9000244140625,1467723
2024-03-13 14:15:00+05:30,982.9000244140625,982.9000244140625,963.75,972.0,972.0,5103553
2024-03-13 15:15:00+05:30,972.0,973.7999877929688,967.8499755859375,973.5499877929688,973.5499877929688,1282230
2024-03-14 09:15:00+05:30,963.9500122070312,982.0,955.7000122070312,959.7000122070312,959.7000122070312,0
2024-03-14 10:15:00+05:30,960.0,972.0,956.6500244140625,970.0499877929688,970.0499877929688,3698180
2024-03-14 11:15:00+05:30,970.0499877929688,978.2999877929688,964.0,974.7000122070312,974.7000122070312,3500928
2024-03-14 12:15:00+05:30,974.0999755859375,977.5,964.6500244140625,968.4000244140625,968.4000244140625,2356484
2024-03-14 13:15:00+05:30,968.25,969.9500122070312,962.5499877929688,964.5,964.5,1200918
2024-03-14 14:15:00+05:30,964.5,968.5,963.6500244140625,968.3499755859375,968.3499755859375,2107268
2024-03-14 15:15:00+05:30,968.3499755859375,968.9000244140625,966.5999755859375,968.5,968.5,1141018
2024-03-15 09:15:00+05:30,967.5999755859375,979.7000122070312,952.0,953.6500244140625,953.6500244140625,0
2024-03-15 10:15:00+05:30,953.6500244140625,957.4000244140625,940.0,944.6500244140625,944.6500244140625,2804660
2024-03-15 11:15:00+05:30,944.6500244140625,948.7000122070312,940.1500244140625,945.25,945.25,1315719
2024-03-15 12:15:00+05:30,945.25,952.75,943.0499877929688,951.5,951.5,1345583
2024-03-15 13:15:00+05:30,951.7000122070312,959.9000244140625,950.0499877929688,955.0999755859375,955.0999755859375,1771649
2024-03-15 14:15:00+05:30,955.0999755859375,960.1500244140625,942.2999877929688,943.75,943.75,7829104
2024-03-15 15:15:00+05:30,943.7999877929688,945.4500122070312,940.2000122070312,942.0,942.0,4412786
2024-03-18 09:15:00+05:30,943.7999877929688,958.4500122070312,939.0,953.75,953.75,0
2024-03-18 10:15:00+05:30,953.75,963.4500122070312,953.7000122070312,955.4000244140625,955.4000244140625,1724228
2024-03-18 11:15:00+05:30,955.25,965.9500122070312,954.4000244140625,963.2999877929688,963.2999877929688,1349166
2024-03-18 12:15:00+05:30,963.2000122070312,964.3499755859375,959.0,961.9000244140625,961.9000244140625,1044508
2024-03-18 13:15:00+05:30,961.9000244140625,965.5999755859375,960.0,964.0499877929688,964.0499877929688,894874
2024-03-18 14:15:00+05:30,964.4000244140625,974.5499877929688,961.3499755859375,972.7999877929688,972.7999877929688,3055895
2024-03-18 15:15:00+05:30,972.7999877929688,973.3499755859375,970.5499877929688,971.7999877929688,971.7999877929688,1026957
2024-03-19 09:15:00+05:30,968.4500122070312,970.5499877929688,961.0999755859375,966.4000244140625,966.4000244140625,0
2024-03-19 10:15:00+05:30,966.75,966.8499755859375,956.2999877929688,962.7000122070312,962.7000122070312,1781760
2024-03-19 11:15:00+05:30,962.4000244140625,962.7000122070312,951.8499755859375,954.8499755859375,954.8499755859375,1311431
2024-03-19 12:15:00+05:30,954.8499755859375,961.2999877929688,954.5999755859375,960.3499755859375,960.3499755859375,861537
2024-03-19 13:15:00+05:30,960.3499755859375,960.9000244140625,955.25,958.5,958.5,797771
2024-03-19 14:15:00+05:30,958.5,960.4500122070312,956.0499877929688,957.8499755859375,957.8499755859375,1227037
2024-03-19 15:15:00+05:30,957.7999877929688,958.7000122070312,955.5499877929688,957.75,957.75,677503
2024-03-20 09:15:00+05:30,960.25,965.0,936.4000244140625,938.2999877929688,938.2999877929688,0
2024-03-20 10:15:00+05:30,938.2000122070312,942.5499877929688,921.7000122070312,935.1500244140625,935.1500244140625,3713884
2024-03-20 11:15:00+05:30,934.6500244140625,939.4000244140625,930.0999755859375,933.7999877929688,933.7999877929688,1538685
2024-03-20 12:15:00+05:30,933.7999877929688,949.2999877929688,933.4500122070312,948.6500244140625,948.6500244140625,2006610
2024-03-20 13:15:00+05:30,948.6500244140625,950.5999755859375,941.9500122070312,944.25,944.25,1426251
2024-03-20 14:15:00+05:30,944.2999877929688,946.0,938.0499877929688,939.5,939.5,1487613
2024-03-20 15:15:00+05:30,939.5,945.0,939.0999755859375,944.2999877929688,944.2999877929688,620910
2024-03-21 09:15:00+05:30,953.8499755859375,958.5,946.0499877929688,955.0499877929688,955.0499877929688,0
2024-03-21 10:15:00+05:30,955.0,963.75,954.2999877929688,962.7999877929688,962.7999877929688,1989240
2024-03-21 11:15:00+05:30,962.7999877929688,965.0,956.75,957.2000122070312,957.2000122070312,1447706
2024-03-21 12:15:00+05:30,956.8499755859375,963.0,956.6500244140625,961.5999755859375,961.5999755859375,925653
2024-03-21 13:15:00+05:30,961.5999755859375,963.0,960.4000244140625,962.0,962.0,628164
2024-03-21 14:15:00+05:30,961.6500244140625,969.1500244140625,961.2000122070312,966.7999877929688,966.7999877929688,2247108
2024-03-21 15:15:00+05:30,966.7999877929688,967.2999877929688,962.4500122070312,965.5499877929688,965.5499877929688,901231
2024-03-22 09:15:00+05:30,963.0,966.0,950.5499877929688,963.3499755859375,963.3499755859375,0
2024-03-22 10:15:00+05:30,963.4000244140625,973.5,962.25,970.0999755859375,970.0999755859375,2278167
2024-03-22 11:15:00+05:30,970.0999755859375,986.1500244140625,969.1500244140625,981.4000244140625,981.4000244140625,3033286
2024-03-22 12:15:00+05:30,981.3499755859375,985.0,979.5499877929688,981.25,981.25,1273371
2024-03-22 13:15:00+05:30,981.25,985.3499755859375,980.3499755859375,980.5499877929688,980.5499877929688,1003898
2024-03-22 14:15:00+05:30,980.5,982.9500122070312,977.7000122070312,977.9000244140625,977.9000244140625,1918590
2024-03-22 15:15:00+05:30,977.9000244140625,981.7999877929688,977.9000244140625,979.2999877929688,979.2999877929688,1040355
2024-03-26 09:15:00+05:30,978.2000122070312,994.9000244140625,978.2000122070312,991.5,991.5,0
2024-03-26 10:15:00+05:30,991.5999755859375,991.6500244140625,985.0,985.2000122070312,985.2000122070312,1279167
2024-03-26 11:15:00+05:30,985.2000122070312,990.0,985.2000122070312,988.4500122070312,988.4500122070312,991932
2024-03-26 12:15:00+05:30,988.5,989.5,986.5999755859375,987.7999877929688,987.7999877929688,882493
2024-03-26 13:15:00+05:30,987.5499877929688,989.5499877929688,987.25,989.0,989.0,504748
2024-03-26 14:15:00+05:30,989.0,989.0499877929688,985.0,986.0,986.0,1183711
2024-03-26 15:15:00+05:30,985.8499755859375,987.9000244140625,985.5,986.2000122070312,986.2000122070312,770050
2024-03-27 09:15:00+05:30,991.5,994.9500122070312,986.0,987.2999877929688,987.2999877929688,0
2024-03-27 10:15:00+05:30,987.2000122070312,990.6500244140625,986.5,988.0,988.0,590901
2024-03-27 11:15:00+05:30,988.3499755859375,991.7000122070312,987.75,990.0,990.0,472159
2024-03-27 12:15:00+05:30,990.2999877929688,991.7999877929688,988.0,988.7999877929688,988.7999877929688,575317
2024-03-27 13:15:00+05:30,988.7999877929688,989.5999755859375,986.5999755859375,989.0,989.0,593602
2024-03-27 14:15:00+05:30,989.0,989.0,977.5499877929688,979.5999755859375,979.5999755859375,1442546
2024-03-27 15:15:00+05:30,979.0999755859375,986.9000244140625,976.7999877929688,980.0,980.0,1069345
2024-03-28 09:15:00+05:30,981.0499877929688,986.9000244140625,979.0,980.75,980.75,0
2024-03-28 10:15:00+05:30,980.9000244140625,988.1500244140625,980.1500244140625,986.5,986.5,1083449
2024-03-28 11:15:00+05:30,986.75,987.9000244140625,983.4500122070312,986.2000122070312,986.2000122070312,821883
2024-03-28 12:15:00+05:30,986.2000122070312,988.3499755859375,985.3499755859375,986.9000244140625,986.9000244140625,609194
2024-03-28 13:15:00+05:30,986.9000244140625,995.9000244140625,986.9000244140625,995.5999755859375,995.5999755859375,1404676
2024-03-28 14:15:00+05:30,995.75,999.8499755859375,988.75,989.9000244140625,989.9000244140625,2959367
2024-03-28 15:15:00+05:30,990.2000122070312,995.9000244140625,989.9000244140625,993.0,993.0,780689
2024-04-01 09:15:00+05:30,1002.2999877929688,1008.5999755859375,1001.0,1004.7999877929688,1004.7999877929688,0
2024-04-01 10:15:00+05:30,1004.7000122070312,1006.5999755859375,1002.5999755859375,1004.9500122070312,1004.9500122070312,873806
2024-04-01 11:15:00+05:30,1004.75,1009.7999877929688,1004.6500244140625,1008.0,1008.0,716532
2024-04-01 12:15:00+05:30,1008.0,1009.2000122070312,1004.4500122070312,1005.25,1005.25,496340
2024-04-01 13:15:00+05:30,1005.3499755859375,1007.9000244140625,998.5999755859375,998.9500122070312,998.9500122070312,838159
2024-04-01 14:15:00+05:30,999.1500244140625,999.5,987.5499877929688,991.9500122070312,991.9500122070312,2998676
2024-04-01 15:15:00+05:30,992.0,994.9000244140625,991.4000244140625,993.6500244140625,993.6500244140625,659435
2024-04-02 09:15:00+05:30,995.1500244140625,1000.7999877929688,993.4500122070312,999.25,999.25,0
2024-04-02 10:15:00+05:30,999.25,1003.3499755859375,996.3499755859375,1001.9000244140625,1001.9000244140625,1309408
2024-04-02 11:15:00+05:30,1001.7999877929688,1008.0,1001.25,1005.0,1005.0,1558799
2024-04-02 12:15:00+05:30,1004.7999877929688,1007.0,1004.0499877929688,1006.5499877929688,1006.5499877929688,537135
2024-04-02 13:15:00+05:30,1006.4000244140625,1006.5499877929688,1000.5999755859375,1002.7999877929688,1002.7999877929688,752158
2024-04-02 14:15:00+05:30,1002.7999877929688,1004.9500122070312,1002.0999755859375,1004.5,1004.5,971210
2024-04-02 15:15:00+05:30,1004.5,1006.9000244140625,1003.75,1006.0999755859375,1006.0999755859375,630256
2024-04-03 09:15:00+05:30,1000.4000244140625,1005.7999877929688,994.5999755859375,1000.0999755859375,1000.0999755859375,0
2024-04-03 10:15:00+05:30,1000.4500122070312,1002.5499877929688,998.3499755859375,1001.25,1001.25,811249
2024-04-03 11:15:00+05:30,1001.4500122070312,1003.0,999.3499755859375,1002.8499755859375,1002.8499755859375,604679
2024-04-03 12:15:00+05:30,1002.9500122070312,1005.7999877929688,1002.0499877929688,1002.2000122070312,1002.2000122070312,758659
2024-04-03 13:15:00+05:30,1002.2999877929688,1014.2999877929688,1002.0499877929688,1011.4500122070312,1011.4500122070312,1985596
2024-04-03 14:15:00+05:30,1011.4500122070312,1013.5,1007.25,1009.3499755859375,1009.3499755859375,1286532
2024-04-03 15:15:00+05:30,1009.0,1010.2000122070312,1008.0999755859375,1010.0,1010.0,620293
2024-04-04 09:15:00+05:30,1016.0,1016.0,1007.3499755859375,1009.1500244140625,1009.1500244140625,0
2024-04-04 10:15:00+05:30,1009.3499755859375,1012.9000244140625,1003.0499877929688,1007.0,1007.0,1298653
2024-04-04 11:15:00+05:30,1007.0,1007.4500122070312,999.5,1000.5999755859375,1000.5999755859375,963609
2024-04-04 12:15:00+05:30,1000.5,1007.6500244140625,998.25,1007.4000244140625,1007.4000244140625,1189706
2024-04-04 13:15:00+05:30,1007.2999877929688,1013.7999877929688,1006.0999755859375,1011.4000244140625,1011.4000244140625,1394677
2024-04-04 14:15:00+05:30,1011.3499755859375,1012.75,1008.0999755859375,1011.5499877929688,1011.5499877929688,1317914
2024-04-04 15:15:00+05:30,1011.75,1014.0,1011.1500244140625,1011.5999755859375,1011.5999755859375,692566
2024-04-05 09:15:00+05:30,1011.9000244140625,1011.9000244140625,1004.5,1008.0999755859375,1008.0999755859375,0
2024-04-05 10:15:00+05:30,1008.1500244140625,1011.0,1007.0999755859375,1010.0,1010.0,530346
2024-04-05 11:15:00+05:30,1010.0,1010.3499755859375,1006.1500244140625,1006.2999877929688,1006.2999877929688,564614
2024-04-05 12:15:00+05:30,1006.25,1009.4000244140625,1005.5,1007.25,1007.25,468648
2024-04-05 13:15:00+05:30,1007.0499877929688,1008.7000122070312,1006.25,1007.5999755859375,1007.5999755859375,318881
2024-04-05 14:15:00+05:30,1007.7000122070312,1008.5499877929688,1005.5499877929688,1007.25,1007.25,817286
2024-04-05 15:15:00+05:30,1007.25,1008.2000122070312,1006.5999755859375,1007.0999755859375,1007.0999755859375,447336
2024-04-08 09:15:00+05:30,1010.0999755859375,1011.9000244140625,1004.0,1010.9000244140625,1010.9000244140625,0
2024-04-08 10:15:00+05:30,1010.7000122070312,1014.5,1007.8499755859375,1013.2999877929688,1013.2999877929688,1077877
2024-04-08 11:15:00+05:30,1013.25,1014.7000122070312,1010.5999755859375,1012.9500122070312,1012.9500122070312,600229
2024-04-08 12:15:00+05:30,1012.5499877929688,1016.3499755859375,1012.5,1014.3499755859375,1014.3499755859375,579176
2024-04-08 13:15:00+05:30,1014.5,1014.7999877929688,1010.0499877929688,1012.4000244140625,1012.4000244140625,481104
2024-04-08 14:15:00+05:30,1012.0499877929688,1014.5,1011.8499755859375,1013.0999755859375,1013.0999755859375,758985
2024-04-08 15:15:00+05:30,1013.0999755859375,1013.8499755859375,1012.5499877929688,1012.7000122070312,1012.7000122070312,432308
2024-04-09 09:15:00+05:30,1022.5499877929688,1029.300048828125,1016.3499755859375,1018.25,1018.25,0
2024-04-09 10:15:00+05:30,1018.25,1020.3499755859375,1014.2000122070312,1015.9500122070312,1015.9500122070312,1001536
2024-04-09 11:15:00+05:30,1015.9500122070312,1018.0,1015.4000244140625,1016.0,1016.0,419643
2024-04-09 12:15:00+05:30,1015.9000244140625,1017.8499755859375,1012.75,1015.3499755859375,1015.3499755859375,588294
2024-04-09 13:15:00+05:30,1015.5999755859375,1015.75,1005.2000122070312,1005.4500122070312,1005.4500122070312,1091052
2024-04-09 14:15:00+05:30,1005.8499755859375,1011.5,1005.0499877929688,1008.5499877929688,1008.5499877929688,1194045
2024-04-09 15:15:00+05:30,1008.5999755859375,1009.5,1007.0,1008.0,1008.0,637328
2024-04-10 09:15:00+05:30,1012.7000122070312,1020.3499755859375,1010.5,1012.5,1012.5,0
2024-04-10 10:15:00+05:30,1012.75,1015.0,1011.5,1014.4500122070312,1014.4500122070312,426459
2024-04-10 11:15:00+05:30,1014.25,1014.7000122070312,1010.5499877929688,1012.5,1012.5,405347
2024-04-10 12:15:00+05:30,1012.5,1014.2000122070312,1011.6500244140625,1013.2999877929688,1013.2999877929688,480229
2024-04-10 13:15:00+05:30,1013.2999877929688,1013.9500122070312,1011.0999755859375,1013.3499755859375,1013.3499755859375,577251
2024-04-10 14:15:00+05:30,1013.2000122070312,1014.2000122070312,1011.6500244140625,1013.75,1013.75,833154
2024-04-10 15:15:00+05:30,1013.6500244140625,1014.0499877929688,1012.4500122070312,1014.0,1014.0,481214
2024-04-12 09:15:00+05:30,1014.8499755859375,1029.0,1014.0,1024.800048828125,1024.800048828125,0
2024-04-12 10:15:00+05:30,1025.0,1027.3499755859375,1020.9500122070312,1026.8499755859375,1026.8499755859375,1173501
2024-04-12 11:15:00+05:30,1026.8499755859375,1028.550048828125,1024.800048828125,1026.9000244140625,1026.9000244140625,1043371
2024-04-12 12:15:00+05:30,1027.0,1027.0,1019.1500244140625,1021.4000244140625,1021.4000244140625,1363693
2024-04-12 13:15:00+05:30,1021.6500244140625,1023.25,1018.0,1018.7999877929688,1018.7999877929688,1234981
2024-04-12 14:15:00+05:30,1018.5499877929688,1022.7999877929688,1017.0,1018.2999877929688,1018.2999877929688,1967359
2024-04-12 15:15:00+05:30,1018.25,1020.0,1017.4000244140625,1020.0,1020.0,759456
2024-04-15 09:15:00+05:30,998.8499755859375,1003.75,978.9500122070312,995.7999877929688,995.7999877929688,0
2024-04-15 10:15:00+05:30,995.75,1005.0,992.5,998.2999877929688,998.2999877929688,2065002
2024-04-15 11:15:00+05:30,998.2999877929688,1003.8499755859375,997.0499877929688,1003.5,1003.5,906190
2024-04-15 12:15:00+05:30,1003.3499755859375,1006.7999877929688,1000.0,1002.6500244140625,1002.6500244140625,937272
2024-04-15 13:15:00+05:30,1003.0,1006.7999877929688,1002.0999755859375,1004.8499755859375,1004.8499755859375,816150
2024-04-15 14:15:00+05:30,1004.75,1005.0,996.4500122070312,1000.25,1000.25,1390929
2024-04-15 15:15:00+05:30,1000.25,1001.5,996.0,997.9500122070312,997.9500122070312,659443
2024-04-16 09:15:00+05:30,986.0,1004.6500244140625,986.0,1001.1500244140625,1001.1500244140625,0
2024-04-16 10:15:00+05:30,1001.0,1004.25,995.7000122070312,1000.4000244140625,1000.4000244140625,1226582
2024-04-16 11:15:00+05:30,1000.4500122070312,1000.5499877929688,992.0,993.8499755859375,993.8499755859375,1022563
2024-04-16 12:15:00+05:30,994.0,994.75,985.2999877929688,985.2999877929688,985.2999877929688,1290829
2024-04-16 13:15:00+05:30,985.3499755859375,996.9000244140625,985.0,995.5499877929688,995.5499877929688,1383495
2024-04-16 14:15:00+05:30,995.5499877929688,996.9000244140625,989.75,993.4000244140625,993.4000244140625,1245867
2024-04-16 15:15:00+05:30,993.5,993.75,991.6500244140625,992.0,992.0,561936
2024-04-18 09:15:00+05:30,997.5,1003.0999755859375,993.5,993.9000244140625,993.9000244140625,0
2024-04-18 10:15:00+05:30,993.9000244140625,995.6500244140625,989.0,994.4500122070312,994.4500122070312,1548520
2024-04-18 11:15:00+05:30,994.5999755859375,995.2000122070312,990.6500244140625,993.3499755859375,993.3499755859375,988031
2024-04-18 12:15:00+05:30,993.2000122070312,995.4000244140625,989.4000244140625,994.75,994.75,1150048
2024-04-18 13:15:00+05:30,994.7000122070312,994.7999877929688,984.5,986.2999877929688,986.2999877929688,1773913
2024-04-18 14:15:00+05:30,986.2999877929688,988.4000244140625,966.5,971.6500244140625,971.6500244140625,3911793
2024-04-18 15:15:00+05:30,971.6500244140625,978.0,970.0,978.0,978.0,1475293
2024-04-19 09:15:00+05:30,962.0499877929688,967.9000244140625,952.2000122070312,956.7999877929688,956.7999877929688,0
2024-04-19 10:15:00+05:30,956.8499755859375,957.3499755859375,944.0,946.25,946.25,3029428
2024-04-19 11:15:00+05:30,946.25,954.75,945.5,954.7000122070312,954.7000122070312,1880779
2024-04-19 12:15:00+05:30,954.75,961.2000122070312,953.0,958.5,958.5,1847292
2024-04-19 13:15:00+05:30,958.4000244140625,965.5,955.5,962.8499755859375,962.8499755859375,1609336
2024-04-19 14:15:00+05:30,962.8499755859375,964.7000122070312,958.7000122070312,963.5,963.5,1920124
2024-04-19 15:15:00+05:30,963.4500122070312,964.9500122070312,962.8499755859375,964.2000122070312,964.2000122070312,599383
2024-04-22 09:15:00+05:30,974.5,976.75,969.0499877929688,972.4500122070312,972.4500122070312,0
2024-04-22 10:15:00+05:30,972.75,973.7999877929688,966.0,971.7000122070312,971.7000122070312,1173515
2024-04-22 11:15:00+05:30,971.4500122070312,973.1500244140625,970.3499755859375,971.0,971.0,588962
2024-04-22 12:15:00+05:30,970.7999877929688,972.7000122070312,970.0,971.2000122070312,971.2000122070312,460465
2024-04-22 13:15:00+05:30,970.75,971.75,969.0499877929688,970.7999877929688,970.7999877929688,499320
2024-04-22 14:15:00+05:30,970.7999877929688,973.7999877929688,969.3499755859375,973.75,973.75,1083916
2024-04-22 15:15:00+05:30,973.7999877929688,975.5,973.0,974.4000244140625,974.4000244140625,538118
2024-04-23 09:15:00+05:30,976.0,986.8499755859375,976.0,984.4000244140625,984.4000244140625,0
2024-04-23 10:15:00+05:30,984.4500122070312,988.4500122070312,981.5999755859375,988.2000122070312,988.2000122070312,961940
2024-04-23 11:15:00+05:30,988.25,988.25,983.7000122070312,986.7999877929688,986.7999877929688,645376
2024-04-23 12:15:00+05:30,986.6500244140625,986.9500122070312,984.4000244140625,984.9000244140625,984.9000244140625,486588
2024-04-23 13:15:00+05:30,984.9000244140625,990.0,983.2000122070312,988.7000122070312,988.7000122070312,816630
2024-04-23 14:15:00+05:30,988.6500244140625,994.4500122070312,984.3499755859375,986.8499755859375,986.8499755859375,2286959
2024-04-23 15:15:00+05:30,986.9000244140625,988.0999755859375,985.6500244140625,987.75,987.75,652268
2024-04-24 09:15:00+05:30,993.2000122070312,995.9000244140625,990.0999755859375,990.2000122070312,990.2000122070312,0
2024-04-24 10:15:00+05:30,990.1500244140625,993.7000122070312,989.4500122070312,990.7000122070312,990.7000122070312,876151
2024-04-24 11:15:00+05:30,990.4000244140625,991.2000122070312,989.4500122070312,990.0999755859375,990.0999755859375,369354
2024-04-24 12:15:00+05:30,990.25,990.2999877929688,988.0,988.9500122070312,988.9500122070312,454400
2024-04-24 13:15:00+05:30,988.9000244140625,991.9000244140625,988.5499877929688,991.8499755859375,991.8499755859375,391561
2024-04-24 14:15:00+05:30,991.8499755859375,993.0,990.1500244140625,991.7000122070312,991.7000122070312,630109
2024-04-24 15:15:00+05:30,991.7000122070312,992.0,990.5499877929688,990.7999877929688,990.7999877929688,397241
2024-04-25 09:15:00+05:30,992.9500122070312,996.0,990.8499755859375,993.8499755859375,993.8499755859375,1684871
2024-04-25 10:15:00+05:30,993.7999877929688,994.9500122070312,990.9500122070312,992.9500122070312,992.9500122070312,1062962
2024-04-25 11:15:00+05:30,992.9500122070312,994.25,992.0999755859375,993.2999877929688,993.2999877929688,415762
2024-04-25 12:15:00+05:30,993.5999755859375,994.4000244140625,991.9500122070312,993.7999877929688,993.7999877929688,558826
2024-04-25 13:15:00+05:30,993.8499755859375,1001.4000244140625,993.4000244140625,1001.0999755859375,1001.0999755859375,1462300
2024-04-25 14:15:00+05:30,1000.7999877929688,1002.5,998.1500244140625,1000.2999877929688,1000.2999877929688,2091569
2024-04-25 15:15:00+05:30,1000.3499755859375,1003.2999877929688,999.7000122070312,1002.7999877929688,1002.7999877929688,1076426
2024-04-26 09:15:00+05:30,1007.8499755859375,1007.8499755859375,1001.25,1003.4500122070312,1003.4500122070312,0
2024-04-26 10:15:00+05:30,1003.5499877929688,1007.4000244140625,1002.2000122070312,1004.5,1004.5,1181937
2024-04-26 11:15:00+05:30,1004.7999877929688,1006.0499877929688,1002.0,1003.4000244140625,1003.4000244140625,1245281
2024-04-26 12:15:00+05:30,1003.3499755859375,1004.2999877929688,999.1500244140625,1000.9500122070312,1000.9500122070312,882193
2024-04-26 13:15:00+05:30,1000.9000244140625,1001.9500122070312,996.5999755859375,1000.5,1000.5,972156
2024-04-26 14:15:00+05:30,1000.0999755859375,1000.7000122070312,997.25,999.9500122070312,999.9500122070312,1285826
2024-04-26 15:15:00+05:30,999.9500122070312,1001.8499755859375,999.0,999.5,999.5,674591
2024-04-29 09:15:00+05:30,1004.4000244140625,1005.5499877929688,999.2999877929688,1000.9000244140625,1000.9000244140625,0
2024-04-29 10:15:00+05:30,1000.9500122070312,1003.6500244140625,1000.0999755859375,1001.7000122070312,1001.7000122070312,554861
2024-04-29 11:15:00+05:30,1001.7000122070312,1002.5499877929688,1000.1500244140625,1001.3499755859375,1001.3499755859375,366124
2024-04-29 12:15:00+05:30,1001.3499755859375,1001.4500122070312,999.0499877929688,1000.0499877929688,1000.0499877929688,470352
2024-04-29 13:15:00+05:30,1000.0,1001.5999755859375,999.2999877929688,999.5499877929688,999.5499877929688,476110
2024-04-29 14:15:00+05:30,999.5,1002.0,999.5,1000.7000122070312,1000.7000122070312,863354
2024-04-29 15:15:00+05:30,1000.7000122070312,1001.2000122070312,999.4500122070312,1000.75,1000.75,555471
2024-04-30 09:15:00+05:30,1000.8499755859375,1019.4000244140625,1000.8499755859375,1017.6500244140625,1017.6500244140625,0
2024-04-30 10:15:00+05:30,1017.6500244140625,1018.7000122070312,1012.5,1014.2000122070312,1014.2000122070312,940926
2024-04-30 11:15:00+05:30,1014.2000122070312,1017.0,1013.5,1016.0999755859375,1016.0999755859375,574624
2024-04-30 12:15:00+05:30,1016.0999755859375,1017.4000244140625,1013.5,1013.9500122070312,1013.9500122070312,544874
2024-04-30 13:15:00+05:30,1013.9500122070312,1017.5,1013.4000244140625,1014.7000122070312,1014.7000122070312,789080
2024-04-30 14:15:00+05:30,1014.8499755859375,1016.5,1007.0499877929688,1007.5,1007.5,1703415
2024-04-30 15:15:00+05:30,1007.2999877929688,1009.0,1006.1500244140625,1008.9500122070312,1008.9500122070312,1004387
2024-05-02 09:15:00+05:30,1017.75,1021.0,1012.1500244140625,1019.0999755859375,1019.0999755859375,0
2024-05-02 10:15:00+05:30,1019.2000122070312,1028.5999755859375,1017.9000244140625,1025.75,1025.75,2508999
2024-05-02 11:15:00+05:30,1025.800048828125,1030.0,1024.550048828125,1027.550048828125,1027.550048828125,1894412
2024-05-02 12:15:00+05:30,1027.449951171875,1028.0,1022.3499755859375,1025.550048828125,1025.550048828125,1091200
2024-05-02 13:15:00+05:30,1025.550048828125,1028.5,1025.050048828125,1027.0,1027.0,810621
2024-05-02 14:15:00+05:30,1027.0,1029.5,1023.0,1029.1500244140625,1029.1500244140625,2026528
2024-05-02 15:15:00+05:30,1028.8499755859375,1029.8499755859375,1027.4000244140625,1029.8499755859375,1029.8499755859375,1252294
2024-05-03 09:15:00+05:30,1037.3499755859375,1040.1500244140625,1030.0,1031.0999755859375,1031.0999755859375,0
2024-05-03 10:15:00+05:30,1031.449951171875,1031.5,1023.2000122070312,1024.8499755859375,1024.8499755859375,1405561
2024-05-03 11:15:00+05:30,1024.6500244140625,1024.8499755859375,1012.5,1014.5,1014.5,1432375
2024-05-03 12:15:00+05:30,1014.2000122070312,1019.0999755859375,1008.4500122070312,1010.5999755859375,1010.5999755859375,1426368
2024-05-03 13:15:00+05:30,1010.9000244140625,1013.0,996.1500244140625,1009.5499877929688,1009.5499877929688,2406181
2024-05-03 14:15:00+05:30,1009.5,1014.0999755859375,1007.5,1014.0499877929688,1014.0499877929688,1782429
2024-05-03 15:15:00+05:30,1014.0999755859375,1016.7000122070312,1012.3499755859375,1014.3499755859375,1014.3499755859375,906453
2024-05-06 09:15:00+05:30,1019.4000244140625,1019.4000244140625,1005.0,1008.75,1008.75,0
2024-05-06 10:15:00+05:30,1008.8499755859375,1017.1500244140625,1005.5,1014.1500244140625,1014.1500244140625,781191
2024-05-06 11:15:00+05:30,1014.1500244140625,1015.75,1010.2999877929688,1015.1500244140625,1015.1500244140625,426751
2024-05-06 12:15:00+05:30,1014.9500122070312,1015.5499877929688,1007.6500244140625,1007.9000244140625,1007.9000244140625,371884
2024-05-06 13:15:00+05:30,1007.7999877929688,1012.3499755859375,1005.9500122070312,1008.9500122070312,1008.9500122070312,465092
2024-05-06 14:15:00+05:30,1008.75,1016.7000122070312,1008.25,1016.1500244140625,1016.1500244140625,1216314
2024-05-06 15:15:00+05:30,1016.2000122070312,1017.4500122070312,1015.3499755859375,1016.4000244140625,1016.4000244140625,660957
2024-05-07 09:15:00+05:30,1016.5,1017.5999755859375,1008.0999755859375,1014.7999877929688,1014.7999877929688,1063025
2024-05-07 10:15:00+05:30,1014.5999755859375,1014.9500122070312,999.0499877929688,999.4500122070312,999.4500122070312,1383303
2024-05-07 11:15:00+05:30,999.4500122070312,1000.25,992.0,994.75,994.75,1250526
2024-05-07 12:15:00+05:30,994.75,996.9500122070312,989.2999877929688,990.4000244140625,990.4000244140625,868537
2024-05-07 13:15:00+05:30,990.25,995.5499877929688,989.5,992.75,992.75,1208949
2024-05-07 14:15:00+05:30,993.0,993.1500244140625,982.0499877929688,989.2999877929688,989.2999877929688,2396493
2024-05-07 15:15:00+05:30,989.2999877929688,989.3499755859375,986.0,988.7000122070312,988.7000122070312,701529
2024-05-08 09:15:00+05:30,987.0,998.5,977.7000122070312,997.9000244140625,997.9000244140625,0
2024-05-08 10:15:00+05:30,997.9000244140625,998.0499877929688,991.1500244140625,995.3499755859375,995.3499755859375,757760
2024-05-08 11:15:00+05:30,995.5499877929688,1007.9500122070312,995.2000122070312,1006.3499755859375,1006.3499755859375,1015677
2024-05-08 12:15:00+05:30,1006.8499755859375,1015.0,1005.8499755859375,1009.7999877929688,1009.7999877929688,1239516
2024-05-08 13:15:00+05:30,1009.7999877929688,1013.6500244140625,1006.0999755859375,1008.0,1008.0,809238
2024-05-08 14:15:00+05:30,1008.0499877929688,1013.5999755859375,1005.0,1012.2000122070312,1012.2000122070312,986851
2024-05-08 15:15:00+05:30,1012.2000122070312,1014.0,1011.1500244140625,1012.4000244140625,1012.4000244140625,562447
2024-05-09 09:15:00+05:30,1009.8499755859375,1029.5999755859375,1008.0,1024.8499755859375,1024.8499755859375,0
2024-05-09 10:15:00+05:30,1024.800048828125,1037.050048828125,1018.25,1033.0,1033.0,3232729
2024-05-09 11:15:00+05:30,1033.050048828125,1041.8499755859375,1032.5999755859375,1037.0,1037.0,4039481
2024-05-09 12:15:00+05:30,1037.0,1042.949951171875,1030.5,1033.4000244140625,1033.4000244140625,2621273
2024-05-09 13:15:00+05:30,1033.1500244140625,1037.699951171875,1030.0999755859375,1036.25,1036.25,1485507
2024-05-09 14:15:00+05:30,1036.5,1036.6500244140625,1024.1500244140625,1029.5,1029.5,2941553
2024-05-09 15:15:00+05:30,1029.5,1032.5,1028.699951171875,1030.0,1030.0,973974
2024-05-10 09:15:00+05:30,1036.949951171875,1047.699951171875,1030.4000244140625,1035.9000244140625,1035.9000244140625,0
2024-05-10 10:15:00+05:30,1036.0,1042.25,1034.5,1037.0,1037.0,1748690
2024-05-10 11:15:00+05:30,1037.0,1039.949951171875,1035.0,1036.4000244140625,1036.4000244140625,911465
2024-05-10 12:15:00+05:30,1036.5,1036.949951171875,1032.1500244140625,1034.449951171875,1034.449951171875,721584
2024-05-10 13:15:00+05:30,1034.25,1049.550048828125,1034.0,1048.300048828125,1048.300048828125,2033071
2024-05-10 14:15:00+05:30,1049.050048828125,1050.25,1043.300048828125,1045.300048828125,1045.300048828125,2916959
2024-05-10 15:15:00+05:30,1045.199951171875,1048.75,1044.8499755859375,1047.0,1047.0,1027852
2024-05-13 09:15:00+05:30,995.25,1007.0999755859375,950.4000244140625,954.6500244140625,954.6500244140625,14310184
2024-05-13 10:15:00+05:30,954.4500122070312,961.1500244140625,947.9500122070312,958.5,958.5,10119717
2024-05-13 11:15:00+05:30,958.5,964.0,956.5999755859375,962.9000244140625,962.9000244140625,4556727
2024-05-13 12:15:00+05:30,962.8499755859375,963.0,958.0,960.5,960.5,3683171
2024-05-13 13:15:00+05:30,960.1500244140625,962.0,953.0499877929688,961.3499755859375,961.3499755859375,3417789
2024-05-13 14:15:00+05:30,961.4500122070312,966.2999877929688,956.0499877929688,960.5,960.5,7201965
2024-05-13 15:15:00+05:30,960.5,960.9500122070312,957.0499877929688,959.0,959.0,2282281
2024-05-14 09:15:00+05:30,961.2999877929688,964.2999877929688,953.3499755859375,955.2000122070312,955.2000122070312,0
2024-05-14 10:15:00+05:30,955.1500244140625,962.4000244140625,954.0999755859375,962.0,962.0,2292365
2024-05-14 11:15:00+05:30,962.25,963.0,959.1500244140625,959.9500122070312,959.9500122070312,1160194
2024-05-14 12:15:00+05:30,959.9500122070312,963.6500244140625,959.2000122070312,962.4000244140625,962.4000244140625,1199635
2024-05-14 13:15:00+05:30,962.4500122070312,968.0,960.5,965.0499877929688,965.0499877929688,2083491
2024-05-14 14:15:00+05:30,965.0999755859375,966.0,962.7999877929688,964.75,964.75,1936978
2024-05-14 15:15:00+05:30,964.7000122070312,965.0499877929688,963.8499755859375,964.6500244140625,964.6500244140625,1338627
2024-05-15 09:15:00+05:30,967.8499755859375,972.8499755859375,958.0,960.0499877929688,960.0499877929688,0
2024-05-15 10:15:00+05:30,959.75,960.2000122070312,953.3499755859375,956.9000244140625,956.9000244140625,2567315
2024-05-15 11:15:00+05:30,956.9000244140625,958.4500122070312,954.5,954.5499877929688,954.5499877929688,1402143
2024-05-15 12:15:00+05:30,954.5499877929688,955.2999877929688,949.5499877929688,950.75,950.75,3168176
2024-05-15 13:15:00+05:30,950.75,952.25,949.5999755859375,951.5,951.5,1891011
2024-05-15 14:15:00+05:30,951.4000244140625,951.75,946.5,947.5999755859375,947.5999755859375,3321705
2024-05-15 15:15:00+05:30,947.5,947.5999755859375,945.1500244140625,946.0,946.0,1997319
2024-05-16 09:15:00+05:30,953.2000122070312,953.2000122070312,934.0,939.2999877929688,939.2999877929688,6990289
2024-05-16 10:15:00+05:30,939.4500122070312,941.5,930.5499877929688,931.0,931.0,3659588
2024-05-16 11:15:00+05:30,930.9500122070312,934.1500244140625,927.0,933.9000244140625,933.9000244140625,3717540
2024-05-16 12:15:00+05:30,933.9000244140625,934.3499755859375,923.3499755859375,924.9500122070312,924.9500122070312,3985348
2024-05-16 13:15:00+05:30,924.9500122070312,925.5999755859375,919.0,921.6500244140625,921.6500244140625,4644361
2024-05-16 14:15:00+05:30,921.5999755859375,937.4500122070312,921.5999755859375,937.2000122070312,937.2000122070312,6122351
2024-05-16 15:15:00+05:30,937.0999755859375,940.0,936.5,939.0,939.0,2116404
2024-05-17 09:15:00+05:30,943.7999877929688,953.2999877929688,941.9500122070312,942.6500244140625,942.6500244140625,0
2024-05-17 10:15:00+05:30,942.5999755859375,948.5,941.0499877929688,947.8499755859375,947.8499755859375,1873754
2024-05-17 11:15:00+05:30,947.5999755859375,947.8499755859375,944.5999755859375,944.8499755859375,944.8499755859375,953267
2024-05-17 12:15:00+05:30,944.5999755859375,947.0499877929688,944.0,945.3499755859375,945.3499755859375,987629
2024-05-17 13:15:00+05:30,945.5,947.2999877929688,945.2000122070312,946.0,946.0,790983
2024-05-17 14:15:00+05:30,945.9500122070312,949.1500244140625,945.0499877929688,946.75,946.75,1636898
2024-05-17 15:15:00+05:30,946.7000122070312,946.8499755859375,944.2999877929688,945.0,945.0,1054451
2024-05-21 09:15:00+05:30,955.7999877929688,955.7999877929688,948.7000122070312,951.0499877929688,951.0499877929688,965267
2024-05-21 10:15:00+05:30,951.0499877929688,955.0,950.5999755859375,954.6500244140625,954.6500244140625,1679134
2024-05-21 11:15:00+05:30,954.6500244140625,954.7000122070312,952.0499877929688,952.0499877929688,952.0499877929688,913211
2024-05-21 12:15:00+05:30,952.0999755859375,956.5499877929688,951.7000122070312,954.0,954.0,1162386
2024-05-21 13:15:00+05:30,953.9500122070312,954.7000122070312,951.0999755859375,951.6500244140625,951.6500244140625,822886
2024-05-21 14:15:00+05:30,951.7999877929688,952.5999755859375,950.0,950.9500122070312,950.9500122070312,1676757
2024-05-21 15:15:00+05:30,950.9500122070312,951.5,950.5,951.2999877929688,951.2999877929688,899121
2024-05-22 09:15:00+05:30,953.7999877929688,954.7999877929688,942.5999755859375,949.0,949.0,0
2024-05-22 10:15:00+05:30,949.0,952.7999877929688,947.0499877929688,951.8499755859375,951.8499755859375,1379437
2024-05-22 11:15:00+05:30,951.8499755859375,953.0,949.75,951.7000122070312,951.7000122070312,953499
2024-05-22 12:15:00+05:30,951.7000122070312,952.25,949.0,949.7000122070312,949.7000122070312,834428
2024-05-22 13:15:00+05:30,949.7000122070312,950.7000122070312,947.8499755859375,948.5,948.5,920248
2024-05-22 14:15:00+05:30,948.4000244140625,949.2999877929688,945.0999755859375,947.0499877929688,947.0499877929688,1609598
2024-05-22 15:15:00+05:30,946.9000244140625,948.2000122070312,946.8499755859375,948.0,948.0,565962
2024-05-23 09:15:00+05:30,951.4000244140625,951.4000244140625,945.0999755859375,948.7999877929688,948.7999877929688,0
2024-05-23 10:15:00+05:30,948.7999877929688,949.4500122070312,946.6500244140625,947.6500244140625,947.6500244140625,938937
2024-05-23 11:15:00+05:30,947.5999755859375,952.4500122070312,947.2999877929688,950.9500122070312,950.9500122070312,1223617
2024-05-23 12:15:00+05:30,951.0,954.9500122070312,950.7000122070312,951.75,951.75,1420425
2024-05-23 13:15:00+05:30,951.9500122070312,961.8499755859375,951.0,961.5999755859375,961.5999755859375,2392615
2024-05-23 14:15:00+05:30,961.4000244140625,963.2999877929688,958.7000122070312,962.9500122070312,962.9500122070312,2811579
2024-05-23 15:15:00+05:30,962.7999877929688,962.9500122070312,961.0499877929688,962.0,962.0,829494
2024-05-24 09:15:00+05:30,961.9500122070312,969.7000122070312,959.3499755859375,964.7999877929688,964.7999877929688,0
2024-05-24 10:15:00+05:30,964.7999877929688,970.5,964.5499877929688,969.2000122070312,969.2000122070312,1821491
2024-05-24 11:15:00+05:30,969.1500244140625,970.5,965.4000244140625,966.0999755859375,966.0999755859375,1021005
2024-05-24 12:15:00+05:30,966.2999877929688,969.0,965.1500244140625,966.5999755859375,966.5999755859375,695945
2024-05-24 13:15:00+05:30,966.5,970.8499755859375,966.3499755859375,968.2000122070312,968.2000122070312,1007691
2024-05-24 14:15:00+05:30,968.0999755859375,968.4000244140625,960.0499877929688,960.2000122070312,960.2000122070312,1540549
2024-05-24 15:15:00+05:30,960.4000244140625,961.0,958.0999755859375,959.5,959.5,834383
2024-05-27 09:15:00+05:30,964.75,965.9000244140625,952.2000122070312,957.25,957.25,0
2024-05-27 10:15:00+05:30,957.0499877929688,962.7000122070312,956.0999755859375,961.7999877929688,961.7999877929688,933663
2024-05-27 11:15:00+05:30,961.6500244140625,964.5,961.5,963.1500244140625,963.1500244140625,854322
2024-05-27 12:15:00+05:30,963.0,963.9000244140625,961.25,962.0,962.0,528235
2024-05-27 13:15:00+05:30,962.0,963.7000122070312,961.3499755859375,962.9000244140625,962.9000244140625,565971
2024-05-27 14:15:00+05:30,963.0,963.4000244140625,957.0,958.0,958.0,1070330
2024-05-27 15:15:00+05:30,958.0,959.7000122070312,957.7999877929688,958.5,958.5,303102
2024-05-28 09:15:00+05:30,957.7000122070312,961.9000244140625,952.5999755859375,954.9000244140625,954.9000244140625,0
2024-05-28 10:15:00+05:30,954.9500122070312,958.0,954.0,957.2000122070312,957.2000122070312,642763
2024-05-28 11:15:00+05:30,957.5,957.8499755859375,948.9500122070312,948.9500122070312,948.9500122070312,1032650
2024-05-28 12:15:00+05:30,948.5999755859375,952.0999755859375,946.0,950.5499877929688,950.5499877929688,939638
2024-05-28 13:15:00+05:30,950.5499877929688,951.7999877929688,948.3499755859375,949.8499755859375,949.8499755859375,603539
2024-05-28 14:15:00+05:30,950.0499877929688,951.9000244140625,947.0499877929688,947.6500244140625,947.6500244140625,1371162
2024-05-28 15:15:00+05:30,947.6500244140625,947.9500122070312,946.25,947.5,947.5,669775
2024-05-29 09:15:00+05:30,945.0,946.2999877929688,938.9000244140625,940.5499877929688,940.5499877929688,0
2024-05-29 10:15:00+05:30,940.5,945.9500122070312,939.7999877929688,943.5499877929688,943.5499877929688,1111597
2024-05-29 11:15:00+05:30,943.5499877929688,946.75,942.2000122070312,946.0,946.0,781731
2024-05-29 12:15:00+05:30,946.0,946.75,942.5499877929688,945.9500122070312,945.9500122070312,926978
2024-05-29 13:15:00+05:30,945.9500122070312,950.3499755859375,945.5,947.8499755859375,947.8499755859375,970037
2024-05-29 14:15:00+05:30,947.75,948.75,942.4000244140625,942.9000244140625,942.9000244140625,1297426
2024-05-29 15:15:00+05:30,942.9000244140625,944.0,942.0999755859375,943.5,943.5,881443
2024-05-30 09:15:00+05:30,944.8499755859375,951.3499755859375,938.0,938.25,938.25,0
2024-05-30 10:15:00+05:30,938.25,941.9000244140625,937.4000244140625,937.7999877929688,937.7999877929688,1109174
2024-05-30 11:15:00+05:30,937.75,938.25,933.0999755859375,934.6500244140625,934.6500244140625,1099264
2024-05-30 12:15:00+05:30,934.6500244140625,936.0,933.2000122070312,933.6500244140625,933.6500244140625,736369
2024-05-30 13:15:00+05:30,933.6500244140625,934.2000122070312,930.0,930.2000122070312,930.2000122070312,1452989
2024-05-30 14:15:00+05:30,930.0999755859375,931.5,922.7000122070312,922.9500122070312,922.9500122070312,2523384
2024-05-30 15:15:00+05:30,923.0499877929688,929.4500122070312,921.2000122070312,929.3499755859375,929.3499755859375,1480302
2024-05-31 09:15:00+05:30,933.3499755859375,937.2000122070312,923.9500122070312,930.1500244140625,930.1500244140625,2832063
2024-05-31 10:15:00+05:30,929.8499755859375,932.0,925.9000244140625,928.7000122070312,928.7000122070312,1225877
2024-05-31 11:15:00+05:30,928.5499877929688,930.6500244140625,927.0,928.8499755859375,928.8499755859375,1059233
2024-05-31 12:15:00+05:30,928.75,929.7000122070312,927.0,927.7000122070312,927.7000122070312,850828
2024-05-31 13:15:00+05:30,927.7000122070312,930.4500122070312,926.3499755859375,927.2999877929688,927.2999877929688,1785232
2024-05-31 14:15:00+05:30,927.2999877929688,927.4000244140625,920.2999877929688,922.9000244140625,922.9000244140625,4307022
2024-05-31 15:15:00+05:30,922.7000122070312,924.75,922.5999755859375,924.5,924.5,2225762
2024-06-03 09:15:00+05:30,962.8499755859375,962.8499755859375,943.5999755859375,946.7999877929688,946.7999877929688,0
2024-06-03 10:15:00+05:30,946.75,947.25,934.0499877929688,937.0999755859375,937.0999755859375,2249877
2024-06-03 11:15:00+05:30,936.9000244140625,946.4500122070312,935.7000122070312,945.7999877929688,945.7999877929688,1604075
2024-06-03 12:15:00+05:30,945.9500122070312,948.5,944.9000244140625,948.0,948.0,1212219
2024-06-03 13:15:00+05:30,948.2000122070312,952.5,944.0499877929688,951.0,951.0,1612817
2024-06-03 14:15:00+05:30,951.0,952.4000244140625,948.4500122070312,950.7999877929688,950.7999877929688,1263184
2024-06-03 15:15:00+05:30,950.7999877929688,951.7999877929688,950.0999755859375,951.5,951.5,593613
2024-06-04 09:15:00+05:30,936.6500244140625,939.4000244140625,905.2000122070312,930.9500122070312,930.9500122070312,0
2024-06-04 10:15:00+05:30,930.6500244140625,932.9500122070312,900.0,900.25,900.25,3324210
2024-06-04 11:15:00+05:30,900.25,909.7000122070312,860.0,865.4500122070312,865.4500122070312,4824121
2024-06-04 12:15:00+05:30,865.5499877929688,902.0,855.4000244140625,901.3499755859375,901.3499755859375,4632865
2024-06-04 13:15:00+05:30,901.5499877929688,923.5499877929688,896.0499877929688,908.2000122070312,908.2000122070312,3859954
2024-06-04 14:15:00+05:30,908.2000122070312,909.7000122070312,897.25,907.7000122070312,907.7000122070312,3456177
2024-06-04 15:15:00+05:30,907.6500244140625,908.9500122070312,902.25,904.9500122070312,904.9500122070312,938651
2024-06-05 09:15:00+05:30,919.0999755859375,922.0,890.0999755859375,910.75,910.75,0
2024-06-05 10:15:00+05:30,910.75,921.4000244140625,905.5,919.9500122070312,919.9500122070312,1895343
2024-06-05 11:15:00+05:30,920.0,924.5499877929688,912.0999755859375,919.4500122070312,919.4500122070312,1567440
2024-06-05 12:15:00+05:30,919.4000244140625,926.6500244140625,914.2999877929688,923.7000122070312,923.7000122070312,1259772
2024-06-05 13:15:00+05:30,923.6500244140625,933.6500244140625,921.7999877929688,928.0,928.0,1896675
2024-06-05 14:15:00+05:30,928.0,933.0,924.5,931.8499755859375,931.8499755859375,1642482
2024-06-05 15:15:00+05:30,931.5,932.25,927.0,927.7999877929688,927.7999877929688,859956
2024-06-06 09:15:00+05:30,935.0,943.0,931.8499755859375,939.0999755859375,939.0999755859375,0
2024-06-06 10:15:00+05:30,939.5,946.0,939.0999755859375,945.0499877929688,945.0499877929688,1938151
2024-06-06 11:15:00+05:30,945.0999755859375,945.1500244140625,935.25,939.7000122070312,939.7000122070312,1686628
2024-06-06 12:15:00+05:30,939.7000122070312,940.6500244140625,934.3499755859375,937.7999877929688,937.7999877929688,1049385
2024-06-06 13:15:00+05:30,937.75,940.75,936.0499877929688,937.7000122070312,937.7000122070312,1029367
2024-06-06 14:15:00+05:30,938.2000122070312,939.0,933.8499755859375,938.25,938.25,1966156
2024-06-06 15:15:00+05:30,938.2000122070312,939.5,937.2999877929688,939.5,939.5,866647
2024-06-07 09:15:00+05:30,940.0999755859375,949.0,935.3499755859375,947.0999755859375,947.0999755859375,0
2024-06-07 10:15:00+05:30,947.5,950.0,945.7000122070312,949.0,949.0,1157011
2024-06-07 11:15:00+05:30,949.0,954.9000244140625,947.5,954.5,954.5,1754009
2024-06-07 12:15:00+05:30,954.5,965.0,952.0999755859375,960.75,960.75,3175191
2024-06-07 13:15:00+05:30,960.4500122070312,963.7000122070312,957.4000244140625,963.4000244140625,963.4000244140625,1612185
2024-06-07 14:15:00+05:30,963.2999877929688,973.0,963.2000122070312,971.0,971.0,4803873
2024-06-07 15:15:00+05:30,971.0999755859375,971.9000244140625,969.0999755859375,970.0,970.0,1231578
2024-06-10 09:15:00+05:30,976.9500122070312,984.8499755859375,972.2000122070312,976.5,976.5,0
2024-06-10 10:15:00+05:30,976.4000244140625,978.3499755859375,973.1500244140625,974.2000122070312,974.2000122070312,1113769
2024-06-10 11:15:00+05:30,974.4000244140625,975.9500122070312,972.5999755859375,972.9000244140625,972.9000244140625,567903
2024-06-10 12:15:00+05:30,973.0,974.5,970.5999755859375,972.4500122070312,972.4500122070312,748331
2024-06-10 13:15:00+05:30,972.5,974.0,972.0999755859375,973.7999877929688,973.7999877929688,481954
2024-06-10 14:15:00+05:30,973.6500244140625,976.5999755859375,969.0999755859375,974.2000122070312,974.2000122070312,1493795
2024-06-10 15:15:00+05:30,974.2000122070312,975.6500244140625,973.25,974.5,974.5,586712
2024-06-11 09:15:00+05:30,972.4000244140625,988.4000244140625,966.6500244140625,987.5999755859375,987.5999755859375,0
2024-06-11 10:15:00+05:30,987.6500244140625,991.25,985.1500244140625,988.1500244140625,988.1500244140625,3132935
2024-06-11 11:15:00+05:30,988.2999877929688,989.2000122070312,986.25,987.4000244140625,987.4000244140625,805056
2024-06-11 12:15:00+05:30,987.4500122070312,988.5,983.9000244140625,987.5,987.5,1345069
2024-06-11 13:15:00+05:30,987.7000122070312,989.9000244140625,984.5499877929688,985.2999877929688,985.2999877929688,1269495
2024-06-11 14:15:00+05:30,985.4000244140625,992.4500122070312,983.5,987.4000244140625,987.4000244140625,2807331
2024-06-11 15:15:00+05:30,987.4000244140625,987.5,985.0999755859375,986.5,986.5,724550
2024-06-12 09:15:00+05:30,994.0,1010.0999755859375,990.75,1000.5999755859375,1000.5999755859375,0
2024-06-12 10:15:00+05:30,1000.7000122070312,1002.6500244140625,993.3499755859375,995.5499877929688,995.5499877929688,2186685
2024-06-12 11:15:00+05:30,995.5499877929688,996.4000244140625,991.7999877929688,993.7999877929688,993.7999877929688,1383439
2024-06-12 12:15:00+05:30,993.8499755859375,995.0999755859375,990.0499877929688,991.9500122070312,991.9500122070312,1430636
2024-06-12 13:15:00+05:30,992.0,992.5,987.0,992.25,992.25,1513920
2024-06-12 14:15:00+05:30,991.75,991.9500122070312,987.5,988.7999877929688,988.7999877929688,2168390
2024-06-12 15:15:00+05:30,988.9500122070312,989.8499755859375,988.1500244140625,989.2999877929688,989.2999877929688,1204851
2024-06-13 09:15:00+05:30,999.75,999.75,988.7000122070312,991.2999877929688,991.2999877929688,0
2024-06-13 10:15:00+05:30,991.25,993.9000244140625,983.5999755859375,983.5999755859375,983.5999755859375,1382277
2024-06-13 11:15:00+05:30,983.9500122070312,988.7000122070312,980.7999877929688,987.9000244140625,987.9000244140625,1555229
2024-06-13 12:15:00+05:30,987.9000244140625,990.6500244140625,984.0999755859375,987.7999877929688,987.7999877929688,1208891
2024-06-13 13:15:00+05:30,987.7000122070312,988.5,984.7000122070312,985.2000122070312,985.2000122070312,799022
2024-06-13 14:15:00+05:30,985.1500244140625,990.9500122070312,983.3499755859375,985.8499755859375,985.8499755859375,3154283
2024-06-13 15:15:00+05:30,985.8499755859375,986.25,985.1500244140625,985.5,985.5,1064920
2024-06-14 09:15:00+05:30,987.5,991.9500122070312,981.4500122070312,985.0499877929688,985.0499877929688,0
2024-06-14 10:15:00+05:30,985.0,991.8499755859375,984.5,989.9000244140625,989.9000244140625,1655102
2024-06-14 11:15:00+05:30,989.7000122070312,990.5,988.25,989.4500122070312,989.4500122070312,596030
2024-06-14 12:15:00+05:30,989.5999755859375,990.9500122070312,988.25,989.5499877929688,989.5499877929688,756479
2024-06-14 13:15:00+05:30,989.5999755859375,995.8499755859375,987.1500244140625,993.2999877929688,993.2999877929688,1752447
2024-06-14 14:15:00+05:30,993.5,997.25,993.1500244140625,993.2999877929688,993.2999877929688,2741369
2024-06-14 15:15:00+05:30,993.0499877929688,993.75,991.5,992.2000122070312,992.2000122070312,772970
2024-06-18 09:15:00+05:30,997.7000122070312,1003.5,994.0,994.3499755859375,994.3499755859375,0
2024-06-18 10:15:00+05:30,994.25,996.4500122070312,991.0999755859375,993.4500122070312,993.4500122070312,1427966
2024-06-18 11:15:00+05:30,993.4000244140625,993.9500122070312,985.7000122070312,989.0499877929688,989.0499877929688,1315221
2024-06-18 12:15:00+05:30,989.0499877929688,990.7000122070312,987.0,989.0,989.0,885592
2024-06-18 13:15:00+05:30,988.9000244140625,989.2999877929688,986.0499877929688,986.0999755859375,986.0999755859375,590023
2024-06-18 14:15:00+05:30,986.0999755859375,987.4500122070312,984.0,985.9000244140625,985.9000244140625,1537950
2024-06-18 15:15:00+05:30,985.8499755859375,986.7000122070312,985.0499877929688,986.4000244140625,986.4000244140625,776513
2024-06-19 09:15:00+05:30,991.8499755859375,994.8499755859375,982.0,983.1500244140625,983.1500244140625,0
2024-06-19 10:15:00+05:30,983.2000122070312,985.9500122070312,978.0,984.5999755859375,984.5999755859375,1412208
2024-06-19 11:15:00+05:30,984.6500244140625,987.3499755859375,982.25,982.8499755859375,982.8499755859375,598520
2024-06-19 12:15:00+05:30,983.0499877929688,985.75,980.0499877929688,981.8499755859375,981.8499755859375,602351
2024-06-19 13:15:00+05:30,981.8499755859375,983.0,979.3499755859375,980.5999755859375,980.5999755859375,635370
2024-06-19 14:15:00+05:30,980.9000244140625,981.5499877929688,976.25,976.2999877929688,976.2999877929688,1134269
2024-06-19 15:15:00+05:30,976.2999877929688,977.7000122070312,975.25,977.6500244140625,977.6500244140625,576810
2024-06-20 09:15:00+05:30,980.9000244140625,988.0,978.1500244140625,983.5,983.5,0
2024-06-20 10:15:00+05:30,983.3499755859375,985.25,981.5,984.0,984.0,627938
2024-06-20 11:15:00+05:30,984.0,984.7000122070312,981.9500122070312,982.6500244140625,982.6500244140625,453007
2024-06-20 12:15:00+05:30,982.6500244140625,982.9000244140625,976.7999877929688,978.5,978.5,846643
2024-06-20 13:15:00+05:30,978.5,982.0,978.25,979.9000244140625,979.9000244140625,807847
2024-06-20 14:15:00+05:30,980.0,981.0,977.5,978.6500244140625,978.6500244140625,893350
2024-06-20 15:15:00+05:30,978.75,979.9000244140625,977.0,979.0999755859375,979.0999755859375,619805
2024-06-21 09:15:00+05:30,979.0,980.7999877929688,966.7999877929688,972.25,972.25,0
2024-06-21 10:15:00+05:30,972.2000122070312,975.5,969.0999755859375,972.2000122070312,972.2000122070312,1148521
2024-06-21 11:15:00+05:30,972.1500244140625,974.2999877929688,970.5499877929688,972.5499877929688,972.5499877929688,668265
2024-06-21 12:15:00+05:30,972.7000122070312,972.75,961.4500122070312,964.4000244140625,964.4000244140625,1471555
2024-06-21 13:15:00+05:30,964.75,966.9500122070312,961.4000244140625,966.75,966.75,1442695
2024-06-21 14:15:00+05:30,966.75,967.6500244140625,959.0499877929688,959.5999755859375,959.5999755859375,4276652
2024-06-21 15:15:00+05:30,959.5499877929688,960.5499877929688,958.25,960.0,960.0,2031176
2024-06-24 09:15:00+05:30,959.9500122070312,960.4500122070312,950.2000122070312,957.8499755859375,957.8499755859375,0
2024-06-24 10:15:00+05:30,958.2000122070312,962.7000122070312,955.25,960.1500244140625,960.1500244140625,814071
2024-06-24 11:15:00+05:30,960.5,963.5,958.0,961.5,961.5,857085
2024-06-24 12:15:00+05:30,961.25,961.7000122070312,958.5,960.75,960.75,502258
2024-06-24 13:15:00+05:30,960.7999877929688,962.8499755859375,957.2000122070312,957.7000122070312,957.7000122070312,610015
2024-06-24 14:15:00+05:30,957.8499755859375,959.3499755859375,956.5,958.5499877929688,958.5499877929688,903753
2024-06-24 15:15:00+05:30,958.7000122070312,959.0,957.3499755859375,959.0,959.0,540283
2024-06-25 09:15:00+05:30,960.4000244140625,962.8499755859375,954.0999755859375,955.0,955.0,0
2024-06-25 10:15:00+05:30,954.9500122070312,956.0,950.0,951.7000122070312,951.7000122070312,1187473
2024-06-25 11:15:00+05:30,951.4000244140625,953.9000244140625,949.5,951.8499755859375,951.8499755859375,1242999
2024-06-25 12:15:00+05:30,951.7999877929688,954.1500244140625,951.2999877929688,953.9000244140625,953.9000244140625,693545
2024-06-25 13:15:00+05:30,953.9000244140625,957.0,953.1500244140625,954.4500122070312,954.4500122070312,1139297
2024-06-25 14:15:00+05:30,954.5999755859375,955.8499755859375,953.2000122070312,955.5499877929688,955.5499877929688,986173
2024-06-25 15:15:00+05:30,955.5499877929688,955.6500244140625,954.2000122070312,955.5,955.5,449486
2024-06-26 09:15:00+05:30,958.3499755859375,962.2999877929688,956.25,958.2999877929688,958.2999877929688,0
2024-06-26 10:15:00+05:30,958.25,960.5,957.2999877929688,959.4500122070312,959.4500122070312,650787
2024-06-26 11:15:00+05:30,959.3499755859375,961.8499755859375,959.0,960.7000122070312,960.7000122070312,757658
2024-06-26 12:15:00+05:30,960.3499755859375,960.9000244140625,953.25,954.2000122070312,954.2000122070312,1096324
2024-06-26 13:15:00+05:30,954.2000122070312,955.2000122070312,952.4500122070312,953.9500122070312,953.9500122070312,589004
2024-06-26 14:15:00+05:30,954.25,954.9500122070312,950.0999755859375,951.9500122070312,951.9500122070312,1242686
2024-06-26 15:15:00+05:30,951.9500122070312,952.5,951.0999755859375,952.5,952.5,642541
2024-06-27 09:15:00+05:30,953.7000122070312,956.75,951.8499755859375,953.7000122070312,953.7000122070312,0
2024-06-27 10:15:00+05:30,954.0,954.9000244140625,950.3499755859375,953.0,953.0,2124744
2024-06-27 11:15:00+05:30,952.9500122070312,954.75,951.4000244140625,953.8499755859375,953.8499755859375,1277539
2024-06-27 12:15:00+05:30,953.8499755859375,954.9000244140625,952.3499755859375,953.7999877929688,953.7999877929688,1213267
2024-06-27 13:15:00+05:30,953.7999877929688,955.9500122070312,953.0499877929688,954.4500122070312,954.4500122070312,1732217
2024-06-27 14:15:00+05:30,954.4000244140625,974.7999877929688,948.7000122070312,973.9500122070312,973.9500122070312,8471233
2024-06-27 15:15:00+05:30,974.1500244140625,974.7000122070312,970.2999877929688,972.0999755859375,972.0999755859375,1884185
2024-06-28 09:15:00+05:30,975.0,989.5499877929688,973.4500122070312,985.1500244140625,985.1500244140625,0
2024-06-28 10:15:00+05:30,985.1500244140625,993.25,985.0,990.9500122070312,990.9500122070312,3212564
2024-06-28 11:15:00+05:30,991.4000244140625,995.0,989.9500122070312,993.7999877929688,993.7999877929688,2492903
2024-06-28 12:15:00+05:30,994.0,995.4500122070312,990.0,994.7999877929688,994.7999877929688,2530883
2024-06-28 13:15:00+05:30,994.7999877929688,998.5,994.0,995.0,995.0,2357644
2024-06-28 14:15:00+05:30,995.0,996.75,989.0,990.0999755859375,990.0999755859375,4162535
2024-06-28 15:15:00+05:30,990.2000122070312,990.7000122070312,986.1500244140625,989.4500122070312,989.4500122070312,1514921
2024-07-01 09:15:00+05:30,989.75,997.4500122070312,989.75,992.0999755859375,992.0999755859375,0
2024-07-01 10:15:00+05:30,992.0,993.1500244140625,985.7999877929688,986.0,986.0,1531848
2024-07-01 11:15:00+05:30,985.7999877929688,992.0,985.2000122070312,991.2999877929688,991.2999877929688,1306713
2024-07-01 12:15:00+05:30,991.2999877929688,995.9500122070312,991.2999877929688,993.75,993.75,1267701
2024-07-01 13:15:00+05:30,993.5999755859375,1003.3499755859375,993.5999755859375,1003.25,1003.25,2675035
2024-07-01 14:15:00+05:30,1003.25,1005.5,999.25,1001.9000244140625,1001.9000244140625,3414364
2024-07-01 15:15:00+05:30,1002.0,1002.9000244140625,1000.0,1000.4500122070312,1000.4500122070312,1030642
2024-07-02 09:15:00+05:30,992.0999755859375,1005.0,984.0,988.6500244140625,988.6500244140625,0
2024-07-02 10:15:00+05:30,988.5,991.1500244140625,987.5,991.1500244140625,991.1500244140625,873666
2024-07-02 11:15:00+05:30,991.0999755859375,993.0,982.4500122070312,982.9000244140625,982.9000244140625,1400740
2024-07-02 12:15:00+05:30,982.8499755859375,985.5,979.5499877929688,982.5999755859375,982.5999755859375,2235398
2024-07-02 13:15:00+05:30,982.6500244140625,984.0,980.4500122070312,983.9500122070312,983.9500122070312,611255
2024-07-02 14:15:00+05:30,984.0,985.9000244140625,981.0,981.5999755859375,981.5999755859375,1029824
2024-07-02 15:15:00+05:30,981.5499877929688,983.7000122070312,980.0,983.2000122070312,983.2000122070312,699390
2024-07-03 09:15:00+05:30,984.9500122070312,987.25,973.5999755859375,976.75,976.75,0
2024-07-03 10:15:00+05:30,976.75,977.2999877929688,975.1500244140625,975.5,975.5,949312
2024-07-03 11:15:00+05:30,975.4500122070312,979.5999755859375,974.75,979.0,979.0,583403
2024-07-03 12:15:00+05:30,979.1500244140625,980.2999877929688,977.0,977.7000122070312,977.7000122070312,464459
2024-07-03 13:15:00+05:30,977.7000122070312,978.5,974.2000122070312,977.3499755859375,977.3499755859375,734401
2024-07-03 14:15:00+05:30,977.3499755859375,977.5,974.0,975.4500122070312,975.4500122070312,1133453
2024-07-03 15:15:00+05:30,975.4000244140625,977.25,974.5999755859375,976.9000244140625,976.9000244140625,688319
2024-07-04 09:15:00+05:30,980.1500244140625,996.9000244140625,980.0,991.25,991.25,3346233
2024-07-04 10:15:00+05:30,991.25,991.5999755859375,985.0999755859375,986.25,986.25,1399125
2024-07-04 11:15:00+05:30,986.25,987.7999877929688,985.25,986.2000122070312,986.2000122070312,480470
2024-07-04 12:15:00+05:30,986.1500244140625,989.7999877929688,984.8499755859375,987.2999877929688,987.2999877929688,620153
2024-07-04 13:15:00+05:30,987.3499755859375,994.0,987.0999755859375,991.25,991.25,1114571
2024-07-04 14:15:00+05:30,991.25,995.6500244140625,988.0,993.8499755859375,993.8499755859375,2335633
2024-07-04 15:15:00+05:30,994.0,1004.0,992.0999755859375,1002.7999877929688,1002.7999877929688,2839817
2024-07-05 09:15:00+05:30,1004.7000122070312,1006.1500244140625,995.5499877929688,1000.3499755859375,1000.3499755859375,0
2024-07-05 10:15:00+05:30,1000.5,1001.0,995.8499755859375,996.0999755859375,996.0999755859375,909998
2024-07-05 11:15:00+05:30,996.1500244140625,998.0,992.8499755859375,997.5,997.5,762536
2024-07-05 12:15:00+05:30,997.5999755859375,1000.25,995.6500244140625,998.25,998.25,684879
2024-07-05 13:15:00+05:30,998.25,999.4000244140625,994.8499755859375,995.7000122070312,995.7000122070312,576602
2024-07-05 14:15:00+05:30,995.7000122070312,995.75,989.9500122070312,994.2999877929688,994.2999877929688,1969516
2024-07-05 15:15:00+05:30,994.25,995.25,991.0,992.9500122070312,992.9500122070312,678043
2024-07-08 09:15:00+05:30,1005.0,1016.5999755859375,1002.2999877929688,1003.75,1003.75,0
2024-07-08 10:15:00+05:30,1003.4000244140625,1008.2999877929688,998.0499877929688,999.2000122070312,999.2000122070312,1672315
2024-07-08 11:15:00+05:30,999.4000244140625,1002.5,998.0499877929688,999.5499877929688,999.5499877929688,813340
2024-07-08 12:15:00+05:30,999.4000244140625,1000.9000244140625,996.2000122070312,999.3499755859375,999.3499755859375,640780
2024-07-08 13:15:00+05:30,999.2999877929688,1001.7999877929688,997.0,999.3499755859375,999.3499755859375,926958
2024-07-08 14:15:00+05:30,999.4000244140625,1004.4000244140625,999.0999755859375,1002.0,1002.0,1991771
2024-07-08 15:15:00+05:30,1001.8499755859375,1005.0,1001.0999755859375,1002.9000244140625,1002.9000244140625,915854
2024-07-09 09:15:00+05:30,1001.3499755859375,1011.0499877929688,999.0999755859375,1005.0499877929688,1005.0499877929688,0
2024-07-09 10:15:00+05:30,1004.8499755859375,1008.4500122070312,1003.3499755859375,1006.75,1006.75,801331
2024-07-09 11:15:00+05:30,1007.0,1009.4500122070312,1006.2000122070312,1009.0,1009.0,567385
2024-07-09 12:15:00+05:30,1008.9500122070312,1014.6500244140625,1008.3499755859375,1012.5999755859375,1012.5999755859375,1591543
2024-07-09 13:15:00+05:30,1012.2999877929688,1015.0,1011.2000122070312,1012.75,1012.75,1306671
2024-07-09 14:15:00+05:30,1013.0,1017.0,1011.4000244140625,1015.1500244140625,1015.1500244140625,2441834
2024-07-09 15:15:00+05:30,1015.1500244140625,1015.4000244140625,1014.0,1014.7000122070312,1014.7000122070312,854501
2024-07-10 09:15:00+05:30,1012.9500122070312,1019.8499755859375,1006.5,1008.0999755859375,1008.0999755859375,4652104
2024-07-10 10:15:00+05:30,1007.75,1009.7000122070312,986.3499755859375,999.25,999.25,3038066
2024-07-10 11:15:00+05:30,999.5499877929688,1009.0,997.25,1003.5999755859375,1003.5999755859375,1488150
2024-07-10 12:15:00+05:30,1003.5999755859375,1009.0,1003.0,1006.0,1006.0,961096
2024-07-10 13:15:00+05:30,1006.5,1008.5,998.8499755859375,1002.9500122070312,1002.9500122070312,1047656
2024-07-10 14:15:00+05:30,1002.9000244140625,1006.2999877929688,999.75,1006.2999877929688,1006.2999877929688,1326577
2024-07-10 15:15:00+05:30,1006.2999877929688,1006.75,1004.2999877929688,1006.0,1006.0,894736
2024-07-11 09:15:00+05:30,1008.75,1025.449951171875,1008.3499755859375,1014.0999755859375,1014.0999755859375,0
2024-07-11 10:15:00+05:30,1014.0999755859375,1022.4500122070312,1011.7999877929688,1021.0,1021.0,1676992
2024-07-11 11:15:00+05:30,1021.0999755859375,1022.0,1015.5999755859375,1020.7000122070312,1020.7000122070312,925044
2024-07-11 12:15:00+05:30,1020.9000244140625,1023.9500122070312,1020.4500122070312,1022.5499877929688,1022.5499877929688,1028904
2024-07-11 13:15:00+05:30,1022.6500244140625,1024.5999755859375,1020.0999755859375,1021.75,1021.75,936503
2024-07-11 14:15:00+05:30,1021.0999755859375,1023.6500244140625,1018.5499877929688,1020.2999877929688,1020.2999877929688,1739777
2024-07-11 15:15:00+05:30,1020.2999877929688,1022.8499755859375,1020.25,1020.7999877929688,1020.7999877929688,890988
2024-07-12 09:15:00+05:30,1022.4500122070312,1025.8499755859375,1016.1500244140625,1018.5999755859375,1018.5999755859375,0
2024-07-12 10:15:00+05:30,1018.4500122070312,1024.5999755859375,1017.9500122070312,1022.0999755859375,1022.0999755859375,1065275
2024-07-12 11:15:00+05:30,1022.0999755859375,1023.5,1020.5999755859375,1023.25,1023.25,702010
2024-07-12 12:15:00+05:30,1023.25,1023.9500122070312,1018.5,1022.9000244140625,1022.9000244140625,814496
2024-07-12 13:15:00+05:30,1022.8499755859375,1024.0,1019.5999755859375,1020.8499755859375,1020.8499755859375,645967
2024-07-12 14:15:00+05:30,1020.7999877929688,1021.5,1015.0,1016.75,1016.75,1633898
2024-07-12 15:15:00+05:30,1016.75,1018.4500122070312,1015.5499877929688,1018.0,1018.0,776194
2024-07-15 09:15:00+05:30,1017.6500244140625,1029.6500244140625,1017.6500244140625,1025.5,1025.5,0
2024-07-15 10:15:00+05:30,1025.800048828125,1027.4000244140625,1023.4500122070312,1025.5999755859375,1025.5999755859375,729114
2024-07-15 11:15:00+05:30,1025.9000244140625,1027.5,1023.0,1026.75,1026.75,726431
2024-07-15 12:15:00+05:30,1026.699951171875,1027.5,1025.550048828125,1026.449951171875,1026.449951171875,422072
2024-07-15 13:15:00+05:30,1026.550048828125,1027.5,1025.699951171875,1026.5,1026.5,531079
2024-07-15 14:15:00+05:30,1026.1500244140625,1026.5999755859375,1023.0,1024.0999755859375,1024.0999755859375,867237
2024-07-15 15:15:00+05:30,1024.0,1025.0,1023.8499755859375,1024.1500244140625,1024.1500244140625,383186
2024-07-16 09:15:00+05:30,1023.0499877929688,1027.5,1019.75,1026.25,1026.25,1495538
2024-07-16 10:15:00+05:30,1026.1500244140625,1029.5999755859375,1023.0,1024.800048828125,1024.800048828125,865800
2024-07-16 11:15:00+05:30,1024.550048828125,1025.8499755859375,1022.5999755859375,1025.5999755859375,1025.5999755859375,599558
2024-07-16 12:15:00+05:30,1025.5999755859375,1026.300048828125,1023.5999755859375,1025.4000244140625,1025.4000244140625,399125
2024-07-16 13:15:00+05:30,1025.4000244140625,1025.5,1020.2999877929688,1021.9000244140625,1021.9000244140625,470468
2024-07-16 14:15:00+05:30,1022.0999755859375,1023.2999877929688,1020.0999755859375,1020.8499755859375,1020.8499755859375,637014
2024-07-16 15:15:00+05:30,1020.9000244140625,1021.5999755859375,1019.3499755859375,1019.75,1019.75,356394
2024-07-18 09:15:00+05:30,1022.9000244140625,1022.9500122070312,1008.0,1019.3499755859375,1019.3499755859375,0
2024-07-18 10:15:00+05:30,1019.3499755859375,1019.9000244140625,1010.1500244140625,1010.25,1010.25,893955
2024-07-18 11:15:00+05:30,1010.25,1018.0,1009.0,1017.4500122070312,1017.4500122070312,692319
2024-07-18 12:15:00+05:30,1017.4000244140625,1021.0,1015.4500122070312,1021.0,1021.0,638652
2024-07-18 13:15:00+05:30,1021.0999755859375,1024.949951171875,1017.6500244140625,1023.9500122070312,1023.9500122070312,926489
2024-07-18 14:15:00+05:30,1023.75,1025.300048828125,1021.25,1025.199951171875,1025.199951171875,1422203
2024-07-18 15:15:00+05:30,1025.0999755859375,1026.75,1024.5999755859375,1024.5999755859375,1024.5999755859375,712312
2024-07-19 09:15:00+05:30,1023.3499755859375,1023.3499755859375,1012.0,1012.0,1012.0,1325635
2024-07-19 10:15:00+05:30,1012.2000122070312,1014.0999755859375,1005.0499877929688,1009.6500244140625,1009.6500244140625,895618
2024-07-19 11:15:00+05:30,1009.5999755859375,1009.9000244140625,1000.5,1006.0,1006.0,942451
2024-07-19 12:15:00+05:30,1006.1500244140625,1006.25,998.0,999.9500122070312,999.9500122070312,841487
2024-07-19 13:15:00+05:30,1000.0,1004.7999877929688,998.5,998.9000244140625,998.9000244140625,753439
2024-07-19 14:15:00+05:30,998.9500122070312,1000.0,989.2999877929688,989.7000122070312,989.7000122070312,1833509
2024-07-19 15:15:00+05:30,989.7000122070312,990.9500122070312,987.0999755859375,990.6500244140625,990.6500244140625,806103
2024-07-22 09:15:00+05:30,988.9500122070312,996.2999877929688,977.0,995.7000122070312,995.7000122070312,0
2024-07-22 10:15:00+05:30,995.8499755859375,1003.7000122070312,995.0499877929688,999.6500244140625,999.6500244140625,1023718
2024-07-22 11:15:00+05:30,999.6500244140625,1004.6500244140625,998.4000244140625,1000.5499877929688,1000.5499877929688,623604
2024-07-22 12:15:00+05:30,1000.5,1002.0999755859375,996.0,996.7999877929688,996.7999877929688,666909
2024-07-22 13:15:00+05:30,996.7999877929688,999.5999755859375,994.5999755859375,995.5499877929688,995.5499877929688,511688
2024-07-22 14:15:00+05:30,995.5,1008.0,994.2000122070312,1004.0499877929688,1004.0499877929688,1433255
2024-07-22 15:15:00+05:30,1004.0499877929688,1006.0,1000.5499877929688,1003.9000244140625,1003.9000244140625,794079
2024-07-23 09:15:00+05:30,1006.5499877929688,1008.3499755859375,995.9500122070312,996.6500244140625,996.6500244140625,0
2024-07-23 10:15:00+05:30,996.4000244140625,1005.7999877929688,995.0499877929688,1004.7000122070312,1004.7000122070312,819128
2024-07-23 11:15:00+05:30,1004.6500244140625,1005.2000122070312,999.0,1001.7000122070312,1001.7000122070312,858496
2024-07-23 12:15:00+05:30,1001.7000122070312,1002.75,967.2000122070312,995.2999877929688,995.2999877929688,3666305
2024-07-23 13:15:00+05:30,995.2999877929688,1003.2999877929688,992.25,1002.2999877929688,1002.2999877929688,1664125
2024-07-23 14:15:00+05:30,1002.3499755859375,1006.7000122070312,999.5999755859375,1001.4000244140625,1001.4000244140625,1461089
2024-07-23 15:15:00+05:30,1001.3499755859375,1002.3499755859375,1000.0999755859375,1001.0,1001.0,428196
2024-07-24 09:15:00+05:30,997.7999877929688,1029.9000244140625,996.4000244140625,1028.75,1028.75,0
2024-07-24 10:15:00+05:30,1028.699951171875,1034.0999755859375,1024.0,1027.5,1027.5,2379693
2024-07-24 11:15:00+05:30,1027.4000244140625,1028.3499755859375,1023.2000122070312,1023.4000244140625,1023.4000244140625,880331
2024-07-24 12:15:00+05:30,1023.4000244140625,1024.75,1020.2000122070312,1022.8499755859375,1022.8499755859375,710309
2024-07-24 13:15:00+05:30,1022.75,1029.550048828125,1018.7999877929688,1023.5,1023.5,975751
2024-07-24 14:15:00+05:30,1023.5499877929688,1030.949951171875,1023.0499877929688,1027.699951171875,1027.699951171875,1239614
2024-07-24 15:15:00+05:30,1027.6500244140625,1028.25,1026.0,1026.0,1026.0,578628
2024-07-25 09:15:00+05:30,1027.3499755859375,1068.550048828125,1027.3499755859375,1064.0,1064.0,0
2024-07-25 10:15:00+05:30,1064.0,1084.5999755859375,1060.0,1080.4000244140625,1080.4000244140625,6325528
2024-07-25 11:15:00+05:30,1080.3499755859375,1084.0,1067.449951171875,1080.1500244140625,1080.1500244140625,3423724
2024-07-25 12:15:00+05:30,1080.449951171875,1083.8499755859375,1075.0999755859375,1080.3499755859375,1080.3499755859375,1974776
2024-07-25 13:15:00+05:30,1080.3499755859375,1089.449951171875,1080.0,1086.5,1086.5,3351841
2024-07-25 14:15:00+05:30,1086.5,1094.0,1084.800048828125,1089.6500244140625,1089.6500244140625,5272355
2024-07-25 15:15:00+05:30,1089.9000244140625,1092.0,1088.0,1089.5,1089.5,2002642
2024-07-26 09:15:00+05:30,1099.5,1103.1500244140625,1083.5999755859375,1086.300048828125,1086.300048828125,0
2024-07-26 10:15:00+05:30,1086.300048828125,1099.3499755859375,1084.3499755859375,1095.9000244140625,1095.9000244140625,2186288
2024-07-26 11:15:00+05:30,1096.0,1103.949951171875,1094.300048828125,1100.8499755859375,1100.8499755859375,2398479
2024-07-26 12:15:00+05:30,1100.8499755859375,1108.449951171875,1100.0,1105.0999755859375,1105.0999755859375,2253783
2024-07-26 13:15:00+05:30,1105.0999755859375,1110.0,1103.0,1110.0,1110.0,1722269
2024-07-26 14:15:00+05:30,1109.699951171875,1120.300048828125,1105.5999755859375,1119.800048828125,1119.800048828125,4371698
2024-07-26 15:15:00+05:30,1119.9000244140625,1119.949951171875,1115.5,1116.050048828125,1116.050048828125,1477345
2024-07-29 09:15:00+05:30,1121.4000244140625,1139.9000244140625,1118.8499755859375,1128.699951171875,1128.699951171875,0
2024-07-29 10:15:00+05:30,1129.0,1129.75,1119.3499755859375,1122.9000244140625,1122.9000244140625,1841763
2024-07-29 11:15:00+05:30,1122.9000244140625,1128.4000244140625,1121.1500244140625,1125.1500244140625,1125.1500244140625,1119628
2024-07-29 12:15:00+05:30,1125.0,1128.050048828125,1122.5999755859375,1122.8499755859375,1122.8499755859375,1044569
2024-07-29 13:15:00+05:30,1122.6500244140625,1125.0999755859375,1121.25,1121.5,1121.5,802723
2024-07-29 14:15:00+05:30,1121.300048828125,1125.0,1120.5999755859375,1124.9000244140625,1124.9000244140625,1270131
2024-07-29 15:15:00+05:30,1124.9000244140625,1125.0,1123.0,1124.0,1124.0,655438
2024-07-30 09:15:00+05:30,1121.5,1154.6500244140625,1118.699951171875,1152.300048828125,1152.300048828125,0
2024-07-30 10:15:00+05:30,1152.550048828125,1166.3499755859375,1149.699951171875,1164.9000244140625,1164.9000244140625,3895299
2024-07-30 11:15:00+05:30,1164.949951171875,1178.949951171875,1161.300048828125,1164.550048828125,1164.550048828125,6252744
2024-07-30 12:15:00+05:30,1165.0,1174.0,1159.699951171875,1160.949951171875,1160.949951171875,3698050
2024-07-30 13:15:00+05:30,1160.75,1168.3499755859375,1158.449951171875,1166.0999755859375,1166.0999755859375,2843030
2024-07-30 14:15:00+05:30,1166.050048828125,1168.199951171875,1159.75,1160.5,1160.5,3012319
2024-07-30 15:15:00+05:30,1160.5,1164.75,1160.1500244140625,1162.0,1162.0,1262397
2024-07-31 09:15:00+05:30,1163.9000244140625,1166.3499755859375,1146.0,1154.199951171875,1154.199951171875,3465168
2024-07-31 10:15:00+05:30,1154.199951171875,1165.0,1151.75,1159.050048828125,1159.050048828125,1721034
2024-07-31 11:15:00+05:30,1159.050048828125,1159.4000244140625,1151.300048828125,1155.4000244140625,1155.4000244140625,965213
2024-07-31 12:15:00+05:30,1155.4000244140625,1155.6500244140625,1152.699951171875,1155.4000244140625,1155.4000244140625,638717
2024-07-31 13:15:00+05:30,1155.8499755859375,1156.8499755859375,1150.25,1154.9000244140625,1154.9000244140625,933415
2024-07-31 14:15:00+05:30,1155.0,1159.4000244140625,1153.75,1155.8499755859375,1155.8499755859375,2124098
2024-07-31 15:15:00+05:30,1155.8499755859375,1159.449951171875,1155.25,1158.199951171875,1158.199951171875,1009060
2024-08-01 09:15:00+05:30,1167.0,1176.0,1159.199951171875,1165.0,1165.0,0
2024-08-01 10:15:00+05:30,1164.949951171875,1164.949951171875,1138.25,1148.4000244140625,1148.4000244140625,3402517
2024-08-01 11:15:00+05:30,1148.4000244140625,1148.5,1143.199951171875,1144.9000244140625,1144.9000244140625,1012076
2024-08-01 12:15:00+05:30,1145.0,1148.0,1141.0,1144.699951171875,1144.699951171875,1115410
2024-08-01 13:15:00+05:30,1144.5,1145.0,1136.699951171875,1137.25,1137.25,1045589
2024-08-01 14:15:00+05:30,1137.1500244140625,1146.0,1136.699951171875,1144.949951171875,1144.949951171875,2659844
2024-08-01 15:15:00+05:30,1145.1500244140625,1145.949951171875,1142.25,1142.25,1142.25,767704
2024-08-02 09:15:00+05:30,1104.1500244140625,1111.75,1092.050048828125,1104.9000244140625,1104.9000244140625,0
2024-08-02 10:15:00+05:30,1104.300048828125,1108.550048828125,1096.0,1102.800048828125,1102.800048828125,3764344
2024-08-02 11:15:00+05:30,1102.9000244140625,1106.5,1100.75,1103.0,1103.0,1583052
2024-08-02 12:15:00+05:30,1103.0,1108.4000244140625,1100.25,1101.300048828125,1101.300048828125,1646681
2024-08-02 13:15:00+05:30,1101.4000244140625,1105.300048828125,1097.5,1098.0999755859375,1098.0999755859375,1570668
2024-08-02 14:15:00+05:30,1098.5,1100.550048828125,1094.1500244140625,1098.5,1098.5,2495175
2024-08-02 15:15:00+05:30,1098.6500244140625,1098.699951171875,1093.5,1095.0,1095.0,1998407
2024-08-05 09:15:00+05:30,1053.800048828125,1064.949951171875,1038.550048828125,1051.550048828125,1051.550048828125,0
2024-08-05 10:15:00+05:30,1051.5999755859375,1051.75,1028.199951171875,1029.300048828125,1029.300048828125,3802034
2024-08-05 11:15:00+05:30,1028.8499755859375,1037.300048828125,1020.5,1037.300048828125,1037.300048828125,3455500
2024-08-05 12:15:00+05:30,1037.300048828125,1040.449951171875,1020.0,1026.5999755859375,1026.5999755859375,3183508
2024-08-05 13:15:00+05:30,1027.0,1036.0999755859375,1022.0,1025.5999755859375,1025.5999755859375,2836411
2024-08-05 14:15:00+05:30,1025.5999755859375,1027.0999755859375,1014.2999877929688,1015.5,1015.5,3994682
2024-08-05 15:15:00+05:30,1015.5,1017.6500244140625,1014.4000244140625,1015.4500122070312,1015.4500122070312,1594378
2024-08-06 09:15:00+05:30,1030.0,1060.4000244140625,1030.0,1040.9000244140625,1040.9000244140625,0
2024-08-06 10:15:00+05:30,1040.9000244140625,1042.5,1026.1500244140625,1029.199951171875,1029.199951171875,2303574
2024-08-06 11:15:00+05:30,1029.449951171875,1031.449951171875,1024.4000244140625,1028.449951171875,1028.449951171875,1245719
2024-08-06 12:15:00+05:30,1028.800048828125,1028.800048828125,1019.0499877929688,1019.7999877929688,1019.7999877929688,1235811
2024-08-06 13:15:00+05:30,1019.5,1021.9500122070312,1010.2000122070312,1011.0499877929688,1011.0499877929688,2058335
2024-08-06 14:15:00+05:30,1011.25,1016.5999755859375,1008.5999755859375,1011.7999877929688,1011.7999877929688,1975353
2024-08-06 15:15:00+05:30,1011.7999877929688,1019.5,1011.0499877929688,1018.5,1018.5,941787
2024-08-07 09:15:00+05:30,1039.0,1039.0,1015.7999877929688,1018.5499877929688,1018.5499877929688,0
2024-08-07 10:15:00+05:30,1018.5,1025.699951171875,1017.5999755859375,1020.25,1020.25,1258868
2024-08-07 11:15:00+05:30,1020.1500244140625,1020.9000244140625,1016.0999755859375,1019.4000244140625,1019.4000244140625,891890
2024-08-07 12:15:00+05:30,1019.2000122070312,1022.7000122070312,1015.0499877929688,1017.2999877929688,1017.2999877929688,1068431
2024-08-07 13:15:00+05:30,1017.2999877929688,1020.4500122070312,1015.25,1019.9000244140625,1019.9000244140625,773408
2024-08-07 14:15:00+05:30,1019.5999755859375,1026.550048828125,1019.4000244140625,1025.050048828125,1025.050048828125,1885782
2024-08-07 15:15:00+05:30,1025.050048828125,1027.449951171875,1024.4000244140625,1027.0,1027.0,810381
2024-08-08 09:15:00+05:30,1033.699951171875,1047.300048828125,1027.050048828125,1044.949951171875,1044.949951171875,6714484
2024-08-08 10:15:00+05:30,1044.800048828125,1051.050048828125,1038.75,1041.4000244140625,1041.4000244140625,2706787
2024-08-08 11:15:00+05:30,1041.4000244140625,1048.25,1039.5,1048.25,1048.25,1554957
2024-08-08 12:15:00+05:30,1048.25,1056.3499755859375,1044.5,1045.4000244140625,1045.4000244140625,3039795
2024-08-08 13:15:00+05:30,1045.4000244140625,1050.6500244140625,1043.0,1049.3499755859375,1049.3499755859375,1767546
2024-08-08 14:15:00+05:30,1049.0,1050.5,1040.75,1041.25,1041.25,2764510
2024-08-08 15:15:00+05:30,1041.199951171875,1042.0,1038.449951171875,1042.0,1042.0,977246
2024-08-09 09:15:00+05:30,1056.550048828125,1082.699951171875,1052.1500244140625,1073.0999755859375,1073.0999755859375,0
2024-08-09 10:15:00+05:30,1072.8499755859375,1078.3499755859375,1071.199951171875,1074.3499755859375,1074.3499755859375,1629981
2024-08-09 11:15:00+05:30,1074.4000244140625,1075.5,1068.800048828125,1069.6500244140625,1069.6500244140625,996833
2024-08-09 12:15:00+05:30,1069.550048828125,1073.8499755859375,1069.5,1070.9000244140625,1070.9000244140625,965499
2024-08-09 13:15:00+05:30,1070.8499755859375,1072.6500244140625,1069.550048828125,1070.300048828125,1070.300048828125,848475
2024-08-09 14:15:00+05:30,1070.1500244140625,1070.3499755859375,1066.0999755859375,1066.8499755859375,1066.8499755859375,1556774
2024-08-09 15:15:00+05:30,1066.800048828125,1072.0,1065.550048828125,1071.0,1071.0,1482721
2024-08-12 09:15:00+05:30,1062.25,1077.5,1056.0,1075.0,1075.0,0
2024-08-12 10:15:00+05:30,1074.9000244140625,1079.699951171875,1074.9000244140625,1077.800048828125,1077.800048828125,1622875
2024-08-12 11:15:00+05:30,1078.0,1079.449951171875,1076.0,1076.5,1076.5,1776471
2024-08-12 12:15:00+05:30,1076.4000244140625,1077.699951171875,1073.800048828125,1075.550048828125,1075.550048828125,678295
2024-08-12 13:15:00+05:30,1075.550048828125,1079.9000244140625,1075.0,1078.5,1078.5,737074
2024-08-12 14:15:00+05:30,1078.5,1079.0999755859375,1072.25,1077.050048828125,1077.050048828125,1682003
2024-08-12 15:15:00+05:30,1077.050048828125,1079.300048828125,1074.5,1075.4000244140625,1075.4000244140625,669644
2024-08-13 09:15:00+05:30,1072.75,1072.75,1060.300048828125,1062.1500244140625,1062.1500244140625,1969813
2024-08-13 10:15:00+05:30,1062.4000244140625,1065.0,1058.5999755859375,1064.699951171875,1064.699951171875,818285
2024-08-13 11:15:00+05:30,1064.800048828125,1064.9000244140625,1057.550048828125,1060.0999755859375,1060.0999755859375,676936
2024-08-13 12:15:00+05:30,1060.0999755859375,1060.25,1054.199951171875,1057.1500244140625,1057.1500244140625,887392
2024-08-13 13:15:00+05:30,1057.0999755859375,1058.5,1048.300048828125,1051.8499755859375,1051.8499755859375,915861
2024-08-13 14:15:00+05:30,1051.75,1053.8499755859375,1049.4000244140625,1051.3499755859375,1051.3499755859375,1352102
2024-08-13 15:15:00+05:30,1051.5999755859375,1059.0,1051.25,1056.3499755859375,1056.3499755859375,886008
2024-08-14 09:15:00+05:30,1057.699951171875,1066.949951171875,1053.25,1056.5999755859375,1056.5999755859375,2260420
2024-08-14 10:15:00+05:30,1056.5999755859375,1057.25,1047.0,1048.699951171875,1048.699951171875,877603
2024-08-14 11:15:00+05:30,1048.5999755859375,1057.6500244140625,1047.25,1057.4000244140625,1057.4000244140625,721165
2024-08-14 12:15:00+05:30,1056.800048828125,1059.5999755859375,1053.199951171875,1058.3499755859375,1058.3499755859375,584211
2024-08-14 13:15:00+05:30,1058.300048828125,1064.800048828125,1056.25,1062.3499755859375,1062.3499755859375,925585
2024-08-14 14:15:00+05:30,1062.3499755859375,1066.3499755859375,1057.550048828125,1061.550048828125,1061.550048828125,1850833
2024-08-14 15:15:00+05:30,1061.550048828125,1066.3499755859375,1061.1500244140625,1063.0,1063.0,986283
2024-08-16 09:15:00+05:30,1072.300048828125,1090.0,1072.300048828125,1084.8499755859375,1084.8499755859375,0
2024-08-16 10:15:00+05:30,1084.5999755859375,1087.0,1082.8499755859375,1084.3499755859375,1084.3499755859375,1263821
2024-08-16 11:15:00+05:30,1084.4000244140625,1089.5,1083.199951171875,1088.3499755859375,1088.3499755859375,1358277
2024-08-16 12:15:00+05:30,1088.3499755859375,1090.0,1087.1500244140625,1088.699951171875,1088.699951171875,836017
2024-08-16 13:15:00+05:30,1088.6500244140625,1089.8499755859375,1087.1500244140625,1089.449951171875,1089.449951171875,684553
2024-08-16 14:15:00+05:30,1089.199951171875,1099.9000244140625,1088.1500244140625,1097.800048828125,1097.800048828125,2464959
2024-08-16 15:15:00+05:30,1097.5999755859375,1099.949951171875,1096.0999755859375,1098.0,1098.0,869017
2024-08-19 09:15:00+05:30,1100.4000244140625,1104.25,1088.1500244140625,1091.449951171875,1091.449951171875,0
2024-08-19 10:15:00+05:30,1091.0999755859375,1091.550048828125,1086.0,1087.949951171875,1087.949951171875,784440
2024-08-19 11:15:00+05:30,1087.8499755859375,1090.0,1087.050048828125,1088.5,1088.5,503359
2024-08-19 12:15:00+05:30,1088.3499755859375,1095.9000244140625,1087.75,1095.9000244140625,1095.9000244140625,868242
2024-08-19 13:15:00+05:30,1095.9000244140625,1096.800048828125,1090.25,1093.5999755859375,1093.5999755859375,578579
2024-08-19 14:15:00+05:30,1093.5,1094.0,1085.800048828125,1087.199951171875,1087.199951171875,1212187
2024-08-19 15:15:00+05:30,1087.199951171875,1090.0,1086.6500244140625,1089.800048828125,1089.800048828125,619095
2024-08-20 09:15:00+05:30,1093.949951171875,1097.800048828125,1082.6500244140625,1084.800048828125,1084.800048828125,1822997
2024-08-20 10:15:00+05:30,1084.8499755859375,1085.9000244140625,1082.050048828125,1085.3499755859375,1085.3499755859375,831787
2024-08-20 11:15:00+05:30,1085.449951171875,1087.0,1083.0,1085.699951171875,1085.699951171875,536859
2024-08-20 12:15:00+05:30,1086.1500244140625,1089.6500244140625,1085.449951171875,1086.6500244140625,1086.6500244140625,743370
2024-08-20 13:15:00+05:30,1086.6500244140625,1087.0,1084.4000244140625,1085.0,1085.0,400658
2024-08-20 14:15:00+05:30,1085.050048828125,1087.5,1084.300048828125,1086.949951171875,1086.949951171875,849774
2024-08-20 15:15:00+05:30,1086.949951171875,1088.5,1086.3499755859375,1086.5999755859375,1086.5999755859375,432368
2024-08-21 09:15:00+05:30,1089.1500244140625,1095.300048828125,1084.6500244140625,1090.0,1090.0,1634527
2024-08-21 10:15:00+05:30,1090.050048828125,1090.199951171875,1085.300048828125,1086.1500244140625,1086.1500244140625,454190
2024-08-21 11:15:00+05:30,1086.449951171875,1087.300048828125,1085.0,1085.949951171875,1085.949951171875,311452
2024-08-21 12:15:00+05:30,1085.949951171875,1088.4000244140625,1085.6500244140625,1086.300048828125,1086.300048828125,421338
2024-08-21 13:15:00+05:30,1086.449951171875,1086.449951171875,1085.0,1085.8499755859375,1085.8499755859375,437137
2024-08-21 14:15:00+05:30,1085.8499755859375,1086.800048828125,1083.300048828125,1084.699951171875,1084.699951171875,905436
2024-08-21 15:15:00+05:30,1084.75,1087.0,1084.550048828125,1085.949951171875,1085.949951171875,701961
2024-08-22 09:15:00+05:30,1087.800048828125,1088.800048828125,1074.0,1077.5999755859375,1077.5999755859375,0
2024-08-22 10:15:00+05:30,1077.699951171875,1078.3499755859375,1073.300048828125,1076.5999755859375,1076.5999755859375,871203
2024-08-22 11:15:00+05:30,1076.3499755859375,1078.5,1074.550048828125,1076.300048828125,1076.300048828125,589032
2024-08-22 12:15:00+05:30,1076.25,1076.25,1072.199951171875,1072.449951171875,1072.449951171875,675083
2024-08-22 13:15:00+05:30,1072.4000244140625,1072.449951171875,1067.5999755859375,1069.949951171875,1069.949951171875,1370745
2024-08-22 14:15:00+05:30,1069.949951171875,1070.0999755859375,1065.449951171875,1067.3499755859375,1067.3499755859375,2638370
2024-08-22 15:15:00+05:30,1067.4000244140625,1072.5,1066.5999755859375,1068.449951171875,1068.449951171875,1188063
2024-08-23 09:15:00+05:30,1073.0,1083.0,1071.0999755859375,1080.1500244140625,1080.1500244140625,0
2024-08-23 10:15:00+05:30,1080.5,1088.75,1078.800048828125,1087.3499755859375,1087.3499755859375,1839612
2024-08-23 11:15:00+05:30,1087.3499755859375,1092.5999755859375,1086.949951171875,1088.300048828125,1088.300048828125,1204157
2024-08-23 12:15:00+05:30,1088.25,1090.949951171875,1087.199951171875,1088.800048828125,1088.800048828125,840141
2024-08-23 13:15:00+05:30,1088.800048828125,1090.699951171875,1085.5,1085.75,1085.75,947052
2024-08-23 14:15:00+05:30,1085.6500244140625,1086.300048828125,1082.199951171875,1084.5999755859375,1084.5999755859375,1491417
2024-08-23 15:15:00+05:30,1084.449951171875,1086.699951171875,1084.050048828125,1085.3499755859375,1085.3499755859375,798179
2024-08-26 09:15:00+05:30,1086.949951171875,1097.0,1083.0,1094.8499755859375,1094.8499755859375,0
2024-08-26 10:15:00+05:30,1095.050048828125,1102.0,1094.300048828125,1099.3499755859375,1099.3499755859375,1904112
2024-08-26 11:15:00+05:30,1099.0,1103.25,1097.25,1099.4000244140625,1099.4000244140625,1208237
2024-08-26 12:15:00+05:30,1099.5,1099.75,1093.800048828125,1094.5,1094.5,1071251
2024-08-26 13:15:00+05:30,1094.5,1094.5,1089.300048828125,1092.050048828125,1092.050048828125,854749
2024-08-26 14:15:00+05:30,1092.1500244140625,1095.1500244140625,1090.5,1092.8499755859375,1092.8499755859375,1123003
2024-08-26 15:15:00+05:30,1093.050048828125,1096.0,1090.699951171875,1092.4000244140625,1092.4000244140625,0
2024-08-27 09:15:00+05:30,1093.0,1096.550048828125,1083.699951171875,1083.949951171875,1083.949951171875,2746749
2024-08-27 10:15:00+05:30,1083.8499755859375,1088.9000244140625,1082.0,1083.199951171875,1083.199951171875,1486366
2024-08-27 11:15:00+05:30,1083.449951171875,1085.4000244140625,1076.0999755859375,1078.199951171875,1078.199951171875,1370749
2024-08-27 12:15:00+05:30,1078.199951171875,1081.1500244140625,1078.0,1079.9000244140625,1079.9000244140625,782764
2024-08-27 13:15:00+05:30,1079.800048828125,1080.199951171875,1077.5,1077.800048828125,1077.800048828125,736283
2024-08-27 14:15:00+05:30,1077.5,1078.0,1075.0,1076.949951171875,1076.949951171875,1157226
2024-08-27 15:15:00+05:30,1076.949951171875,1080.0,1076.6500244140625,1079.9000244140625,1079.9000244140625,530331
2024-08-28 09:15:00+05:30,1081.1500244140625,1088.699951171875,1075.75,1077.8499755859375,1077.8499755859375,0
2024-08-28 10:15:00+05:30,1077.8499755859375,1078.5,1070.0999755859375,1075.199951171875,1075.199951171875,1254252
2024-08-28 11:15:00+05:30,1075.199951171875,1081.0,1074.949951171875,1080.25,1080.25,951552
2024-08-28 12:15:00+05:30,1080.0999755859375,1080.6500244140625,1077.3499755859375,1077.699951171875,1077.699951171875,734523
2024-08-28 13:15:00+05:30,1077.75,1078.9000244140625,1075.5,1077.800048828125,1077.800048828125,619554
2024-08-28 14:15:00+05:30,1077.9000244140625,1078.949951171875,1074.0,1074.6500244140625,1074.6500244140625,1466296
2024-08-28 15:15:00+05:30,1074.6500244140625,1075.0,1072.0,1073.800048828125,1073.800048828125,596437
2024-08-29 09:15:00+05:30,1075.75,1085.5,1074.5999755859375,1081.3499755859375,1081.3499755859375,0
2024-08-29 10:15:00+05:30,1081.3499755859375,1081.75,1072.25,1074.8499755859375,1074.8499755859375,1403839
2024-08-29 11:15:00+05:30,1074.9000244140625,1075.75,1067.25,1067.5,1067.5,1900440
2024-08-29 12:15:00+05:30,1067.449951171875,1072.0,1066.0,1070.5,1070.5,1291483
2024-08-29 13:15:00+05:30,1070.5,1075.5,1070.5,1074.8499755859375,1074.8499755859375,1098683
2024-08-29 14:15:00+05:30,1074.75,1126.699951171875,1072.800048828125,1121.75,1121.75,17477724
2024-08-29 15:15:00+05:30,1121.9000244140625,1141.6500244140625,1112.0,1112.1500244140625,1112.1500244140625,14519675
2024-08-30 09:15:00+05:30,1109.550048828125,1113.449951171875,1101.9000244140625,1110.0,1110.0,3836081
2024-08-30 10:15:00+05:30,1110.0,1114.5,1105.25,1107.0999755859375,1107.0999755859375,1469210
2024-08-30 11:15:00+05:30,1107.25,1112.0,1106.300048828125,1109.800048828125,1109.800048828125,823424
2024-08-30 12:15:00+05:30,1109.5,1109.800048828125,1104.0999755859375,1106.5,1106.5,770432
2024-08-30 13:15:00+05:30,1106.4000244140625,1108.9000244140625,1105.699951171875,1107.949951171875,1107.949951171875,681619
2024-08-30 14:15:00+05:30,1107.3499755859375,1113.550048828125,1097.449951171875,1112.949951171875,1112.949951171875,6132768
2024-08-30 15:15:00+05:30,1112.8499755859375,1115.0,1107.050048828125,1109.5,1109.5,3924692
2024-09-02 09:15:00+05:30,1101.949951171875,1101.949951171875,1088.949951171875,1095.0,1095.0,0
2024-09-02 10:15:00+05:30,1095.0,1097.5,1092.449951171875,1092.5,1092.5,1347222
2024-09-02 11:15:00+05:30,1092.5,1092.949951171875,1088.800048828125,1089.699951171875,1089.699951171875,763342
2024-09-02 12:15:00+05:30,1089.699951171875,1092.8499755859375,1087.550048828125,1091.5,1091.5,671591
2024-09-02 13:15:00+05:30,1091.449951171875,1093.8499755859375,1091.1500244140625,1092.699951171875,1092.699951171875,465333
2024-09-02 14:15:00+05:30,1092.699951171875,1096.199951171875,1092.6500244140625,1092.699951171875,1092.699951171875,1164673
2024-09-02 15:15:00+05:30,1092.5999755859375,1093.300048828125,1090.1500244140625,1093.0,1093.0,602894
2024-09-03 09:15:00+05:30,1095.5,1099.9000244140625,1089.0,1090.699951171875,1090.699951171875,0
2024-09-03 10:15:00+05:30,1090.5,1091.0,1087.5,1089.8499755859375,1089.8499755859375,468231
2024-09-03 11:15:00+05:30,1089.8499755859375,1090.75,1088.050048828125,1090.0,1090.0,382186
2024-09-03 12:15:00+05:30,1090.0,1090.1500244140625,1086.0,1088.6500244140625,1088.6500244140625,484710
2024-09-03 13:15:00+05:30,1088.800048828125,1089.5,1085.8499755859375,1086.5999755859375,1086.5999755859375,385139
2024-09-03 14:15:00+05:30,1086.5999755859375,1088.800048828125,1082.199951171875,1083.550048828125,1083.550048828125,957584
2024-09-03 15:15:00+05:30,1083.5999755859375,1089.300048828125,1083.5999755859375,1085.0999755859375,1085.0999755859375,697522
2024-09-04 09:15:00+05:30,1077.050048828125,1085.0,1075.0,1079.9000244140625,1079.9000244140625,0
2024-09-04 10:15:00+05:30,1079.9000244140625,1079.9000244140625,1072.6500244140625,1075.949951171875,1075.949951171875,643648
2024-09-04 11:15:00+05:30,1076.0,1077.300048828125,1073.0999755859375,1077.300048828125,1077.300048828125,366374
2024-09-04 12:15:00+05:30,1077.3499755859375,1078.1500244140625,1074.300048828125,1077.300048828125,1077.300048828125,364573
2024-09-04 13:15:00+05:30,1077.050048828125,1079.75,1075.0,1075.300048828125,1075.300048828125,428696
2024-09-04 14:15:00+05:30,1075.550048828125,1080.949951171875,1073.5999755859375,1080.949951171875,1080.949951171875,1047284
2024-09-04 15:15:00+05:30,1080.8499755859375,1083.0,1080.199951171875,1081.0,1081.0,512728
2024-09-05 09:15:00+05:30,1084.800048828125,1084.8499755859375,1076.5999755859375,1080.0,1080.0,1216657
2024-09-05 10:15:00+05:30,1079.5999755859375,1080.25,1076.0,1076.949951171875,1076.949951171875,796748
2024-09-05 11:15:00+05:30,1077.050048828125,1077.4000244140625,1071.6500244140625,1074.199951171875,1074.199951171875,769606
2024-09-05 12:15:00+05:30,1074.1500244140625,1076.199951171875,1073.0,1075.050048828125,1075.050048828125,597519
2024-09-05 13:15:00+05:30,1075.0,1082.949951171875,1073.3499755859375,1073.6500244140625,1073.6500244140625,1533270
2024-09-05 14:15:00+05:30,1073.699951171875,1074.0,1068.3499755859375,1069.550048828125,1069.550048828125,2019371
2024-09-05 15:15:00+05:30,1069.550048828125,1070.1500244140625,1066.949951171875,1068.699951171875,1068.699951171875,964333
2024-09-06 09:15:00+05:30,1068.800048828125,1072.949951171875,1050.5,1052.8499755859375,1052.8499755859375,2042341
2024-09-06 10:15:00+05:30,1052.9000244140625,1057.0,1048.5,1050.4000244140625,1050.4000244140625,1232013
2024-09-06 11:15:00+05:30,1050.25,1054.949951171875,1047.550048828125,1050.75,1050.75,831079
2024-09-06 12:15:00+05:30,1050.699951171875,1053.199951171875,1045.050048828125,1046.6500244140625,1046.6500244140625,821351
2024-09-06 13:15:00+05:30,1046.699951171875,1050.5,1045.0,1045.6500244140625,1045.6500244140625,678235
2024-09-06 14:15:00+05:30,1045.550048828125,1050.699951171875,1040.699951171875,1050.5,1050.5,2138543
2024-09-06 15:15:00+05:30,1050.75,1053.0,1049.0999755859375,1050.6500244140625,1050.6500244140625,972257
2024-09-09 09:15:00+05:30,1049.300048828125,1049.300048828125,1032.050048828125,1032.5,1032.5,0
2024-09-09 10:15:00+05:30,1032.4000244140625,1038.75,1031.3499755859375,1036.050048828125,1036.050048828125,958642
2024-09-09 11:15:00+05:30,1036.0,1036.0,1026.25,1027.800048828125,1027.800048828125,964054
2024-09-09 12:15:00+05:30,1027.6500244140625,1031.0,1027.0,1030.800048828125,1030.800048828125,644343
2024-09-09 13:15:00+05:30,1030.5,1032.6500244140625,1028.0999755859375,1029.0,1029.0,643055
2024-09-09 14:15:00+05:30,1029.0999755859375,1040.75,1028.0999755859375,1039.949951171875,1039.949951171875,1398812
2024-09-09 15:15:00+05:30,1039.949951171875,1041.5,1038.0,1040.800048828125,1040.800048828125,655581
2024-09-10 09:15:00+05:30,1043.75,1046.5,1033.0,1034.6500244140625,1034.6500244140625,0
2024-09-10 10:15:00+05:30,1034.550048828125,1038.5999755859375,1034.0999755859375,1038.4000244140625,1038.4000244140625,600628
2024-09-10 11:15:00+05:30,1038.4000244140625,1044.0,1037.8499755859375,1040.6500244140625,1040.6500244140625,723918
2024-09-10 12:15:00+05:30,1040.550048828125,1042.5,1038.0,1041.4000244140625,1041.4000244140625,631300
2024-09-10 13:15:00+05:30,1041.4000244140625,1043.0,1036.25,1039.1500244140625,1039.1500244140625,881693
2024-09-10 14:15:00+05:30,1039.3499755859375,1039.449951171875,1032.5,1037.25,1037.25,1153223
2024-09-10 15:15:00+05:30,1037.25,1037.4000244140625,1034.1500244140625,1035.0,1035.0,604606
2024-09-11 09:15:00+05:30,1003.5499877929688,1010.4000244140625,979.0999755859375,980.75,980.75,14052796
2024-09-11 10:15:00+05:30,980.75,982.7999877929688,976.5,979.2000122070312,979.2000122070312,4768616
2024-09-11 11:15:00+05:30,979.1500244140625,983.0,975.0499877929688,982.0,982.0,3994014
2024-09-11 12:15:00+05:30,981.7999877929688,987.5999755859375,980.0499877929688,980.5,980.5,3028575
2024-09-11 13:15:00+05:30,980.5999755859375,982.0,973.0,973.2999877929688,973.2999877929688,2937884
2024-09-11 14:15:00+05:30,973.5,979.4500122070312,972.0,976.8499755859375,976.8499755859375,4689444
2024-09-11 15:15:00+05:30,976.9000244140625,977.2999877929688,972.1500244140625,976.4000244140625,976.4000244140625,2658120
2024-09-12 09:15:00+05:30,977.1500244140625,982.5999755859375,958.0,966.6500244140625,966.6500244140625,0
2024-09-12 10:15:00+05:30,967.0499877929688,975.3499755859375,966.75,973.8499755859375,973.8499755859375,4057697
2024-09-12 11:15:00+05:30,973.8499755859375,977.0,967.5,968.6500244140625,968.6500244140625,2195647
2024-09-12 12:15:00+05:30,968.6500244140625,969.0,965.0999755859375,968.0999755859375,968.0999755859375,1674989
2024-09-12 13:15:00+05:30,968.0999755859375,976.2999877929688,964.75,975.7999877929688,975.7999877929688,2522468
2024-09-12 14:15:00+05:30,975.7000122070312,988.0,973.1500244140625,985.7000122070312,985.7000122070312,5934367
2024-09-12 15:15:00+05:30,985.5999755859375,987.8499755859375,982.2999877929688,984.0,984.0,1531642
2024-09-13 09:15:00+05:30,992.9000244140625,1005.7000122070312,988.3499755859375,996.6500244140625,996.6500244140625,6158291
2024-09-13 10:15:00+05:30,996.5,997.9500122070312,993.4000244140625,995.5999755859375,995.5999755859375,1249657
2024-09-13 11:15:00+05:30,995.9000244140625,998.4000244140625,994.0999755859375,995.2999877929688,995.2999877929688,926204
2024-09-13 12:15:00+05:30,995.2999877929688,996.5,990.0499877929688,991.8499755859375,991.8499755859375,985750
2024-09-13 13:15:00+05:30,992.2000122070312,994.0,990.0,992.0,992.0,900595
2024-09-13 14:15:00+05:30,991.9000244140625,993.0,988.0,992.2000122070312,992.2000122070312,1932313
2024-09-13 15:15:00+05:30,992.2000122070312,994.25,991.0,991.8499755859375,991.8499755859375,1045200
2024-09-16 09:15:00+05:30,996.8499755859375,999.9000244140625,989.0,990.5,990.5,0
2024-09-16 10:15:00+05:30,990.5,992.4500122070312,985.4500122070312,989.25,989.25,898457
2024-09-16 11:15:00+05:30,989.4500122070312,989.7999877929688,984.5,987.6500244140625,987.6500244140625,551808
2024-09-16 12:15:00+05:30,987.6500244140625,989.9500122070312,986.5499877929688,988.0,988.0,473996
2024-09-16 13:15:00+05:30,988.0,990.0,986.4000244140625,988.5,988.5,395135
2024-09-16 14:15:00+05:30,988.0499877929688,990.4000244140625,985.3499755859375,988.5,988.5,896917
2024-09-16 15:15:00+05:30,988.4000244140625,989.2000122070312,986.5999755859375,988.4500122070312,988.4500122070312,524576
2024-09-17 09:15:00+05:30,993.9000244140625,993.9000244140625,963.6500244140625,966.7999877929688,966.7999877929688,23380496
2024-09-17 10:15:00+05:30,966.7999877929688,969.5999755859375,965.5999755859375,968.5,968.5,2069410
2024-09-17 11:15:00+05:30,968.5,969.9000244140625,966.2999877929688,966.4000244140625,966.4000244140625,1794753
2024-09-17 12:15:00+05:30,966.4000244140625,967.25,960.0499877929688,965.7000122070312,965.7000122070312,3276550
2024-09-17 13:15:00+05:30,965.75,968.7000122070312,963.3499755859375,968.4500122070312,968.4500122070312,1774469
2024-09-17 14:15:00+05:30,968.2999877929688,983.75,968.1500244140625,974.5,974.5,5155960
2024-09-17 15:15:00+05:30,974.3499755859375,975.5,973.5499877929688,975.0,975.0,1206000
2024-09-18 09:15:00+05:30,977.9500122070312,983.5999755859375,975.25,976.75,976.75,0
2024-09-18 10:15:00+05:30,976.75,978.2999877929688,973.7000122070312,976.0999755859375,976.0999755859375,945087
2024-09-18 11:15:00+05:30,976.1500244140625,979.0,971.5999755859375,971.9000244140625,971.9000244140625,1033579
2024-09-18 12:15:00+05:30,972.0,973.7999877929688,967.0499877929688,967.3499755859375,967.3499755859375,1114244
2024-09-18 13:15:00+05:30,967.4000244140625,969.9500122070312,963.9500122070312,966.7999877929688,966.7999877929688,1729741
2024-09-18 14:15:00+05:30,966.9500122070312,968.2999877929688,961.7999877929688,962.0,962.0,2726650
2024-09-18 15:15:00+05:30,962.0,963.0,958.1500244140625,959.0,959.0,2559159
2024-09-19 09:15:00+05:30,970.5999755859375,978.7999877929688,965.2000122070312,965.7000122070312,965.7000122070312,0
2024-09-19 10:15:00+05:30,965.6500244140625,971.3499755859375,962.5999755859375,965.4500122070312,965.4500122070312,1849166
2024-09-19 11:15:00+05:30,965.2999877929688,966.7999877929688,959.1500244140625,964.0999755859375,964.0999755859375,1687083
2024-09-19 12:15:00+05:30,964.0999755859375,967.4000244140625,961.5,962.0499877929688,962.0499877929688,1120882
2024-09-19 13:15:00+05:30,962.0499877929688,964.5,958.25,959.0999755859375,959.0999755859375,1619904
2024-09-19 14:15:00+05:30,959.2999877929688,969.25,956.3499755859375,969.0,969.0,2647289
2024-09-19 15:15:00+05:30,969.2000122070312,970.2000122070312,967.2000122070312,969.9500122070312,969.9500122070312,923195
2024-09-20 09:15:00+05:30,965.0,965.0,950.5499877929688,962.6500244140625,962.6500244140625,0
2024-09-20 10:15:00+05:30,962.6500244140625,972.5,962.1500244140625,971.4500122070312,971.4500122070312,1938315
2024-09-20 11:15:00+05:30,971.5499877929688,975.5,969.7000122070312,970.6500244140625,970.6500244140625,1309779
2024-09-20 12:15:00+05:30,970.9000244140625,977.4000244140625,970.0499877929688,973.6500244140625,973.6500244140625,1177186
2024-09-20 13:15:00+05:30,973.6500244140625,975.5499877929688,961.4000244140625,966.2999877929688,966.2999877929688,2159794
2024-09-20 14:15:00+05:30,966.2999877929688,974.25,964.3499755859375,970.0,970.0,4579471
2024-09-20 15:15:00+05:30,969.9000244140625,973.0,969.9000244140625,971.2999877929688,971.2999877929688,3059658
2024-09-23 09:15:00+05:30,975.0,979.1500244140625,972.3499755859375,974.0499877929688,974.0499877929688,0
2024-09-23 10:15:00+05:30,974.0,975.5999755859375,969.0999755859375,971.3499755859375,971.3499755859375,1977028
2024-09-23 11:15:00+05:30,971.4000244140625,971.5,966.0999755859375,968.0,968.0,1712418
2024-09-23 12:15:00+05:30,967.75,972.9500122070312,967.2000122070312,971.0,971.0,1012324
2024-09-23 13:15:00+05:30,970.9500122070312,972.9500122070312,970.0999755859375,971.0499877929688,971.0499877929688,789737
2024-09-23 14:15:00+05:30,971.1500244140625,974.0,970.5,972.0,972.0,1537881
2024-09-23 15:15:00+05:30,972.2000122070312,972.6500244140625,971.3499755859375,972.2999877929688,972.2999877929688,781679
2024-09-24 09:15:00+05:30,974.0,985.0,973.5,978.0,978.0,5615405
2024-09-24 10:15:00+05:30,978.0,979.5499877929688,974.5,977.7999877929688,977.7999877929688,1364280
2024-09-24 11:15:00+05:30,977.8499755859375,978.8499755859375,975.4500122070312,977.1500244140625,977.1500244140625,791554
2024-09-24 12:15:00+05:30,977.0999755859375,977.7000122070312,975.5,976.0999755859375,976.0999755859375,1068411
2024-09-24 13:15:00+05:30,976.0999755859375,981.5499877929688,975.25,979.4500122070312,979.4500122070312,1543191
2024-09-24 14:15:00+05:30,979.4500122070312,980.75,976.4000244140625,977.5499877929688,977.5499877929688,1643220
2024-09-24 15:15:00+05:30,977.5499877929688,977.6500244140625,976.0999755859375,977.0,977.0,725451
2024-09-25 09:15:00+05:30,982.0,982.0999755859375,961.0999755859375,964.0499877929688,964.0499877929688,0
2024-09-25 10:15:00+05:30,964.5,966.5,961.75,961.7999877929688,961.7999877929688,1904112
2024-09-25 11:15:00+05:30,961.9500122070312,963.75,959.25,959.5999755859375,959.5999755859375,2000352
2024-09-25 12:15:00+05:30,959.5,963.0,959.5,960.7000122070312,960.7000122070312,1169878
2024-09-25 13:15:00+05:30,960.75,963.4500122070312,959.75,962.5,962.5,1011895
2024-09-25 14:15:00+05:30,962.6500244140625,964.5999755859375,961.2000122070312,964.0499877929688,964.0499877929688,1684792
2024-09-25 15:15:00+05:30,964.0999755859375,964.2000122070312,963.0,963.8499755859375,963.8499755859375,933098
2024-09-26 09:15:00+05:30,967.8499755859375,981.5,966.7999877929688,976.75,976.75,0
2024-09-26 10:15:00+05:30,976.5999755859375,986.4000244140625,974.7000122070312,981.0,981.0,4102308
2024-09-26 11:15:00+05:30,981.0,986.0,980.7000122070312,983.8499755859375,983.8499755859375,2266709
2024-09-26 12:15:00+05:30,983.8499755859375,987.0999755859375,982.0,986.0,986.0,1881439
2024-09-26 13:15:00+05:30,985.7000122070312,989.0,984.0,986.7999877929688,986.7999877929688,2101992
2024-09-26 14:15:00+05:30,987.1500244140625,994.9500122070312,986.9500122070312,993.4000244140625,993.4000244140625,4621635
2024-09-26 15:15:00+05:30,993.4000244140625,994.9000244140625,990.0,990.0499877929688,990.0499877929688,2036763
2024-09-27 09:15:00+05:30,997.8499755859375,999.8499755859375,989.5499877929688,995.5999755859375,995.5999755859375,0
2024-09-27 10:15:00+05:30,996.0,998.3499755859375,991.0499877929688,992.8499755859375,992.8499755859375,1350218
2024-09-27 11:15:00+05:30,992.5999755859375,996.7000122070312,991.0499877929688,994.1500244140625,994.1500244140625,903354
2024-09-27 12:15:00+05:30,994.5,996.2000122070312,990.0,990.7999877929688,990.7999877929688,962191
2024-09-27 13:15:00+05:30,990.6500244140625,994.9500122070312,989.3499755859375,991.9000244140625,991.9000244140625,955797
2024-09-27 14:15:00+05:30,991.75,995.0,991.7000122070312,993.5999755859375,993.5999755859375,1925228
2024-09-27 15:15:00+05:30,993.75,993.9500122070312,989.5999755859375,990.0499877929688,990.0499877929688,969225
